date,state,district,1day_cases_100k,new_cases,new_deaths,new_deaths_100k,total_cases,total_deaths,cfr%,total_cases_100k,total_deaths_100k,%infected,population,7day_cases_100k,7day_cases_change,28day_cases_100k,28day_cases_change
2021-07-09 00:00:00+00:00,Nordrhein-Westfalen,Soest,0.33,1,0,0.0,8779,188,2.14,2907.9,62.27,2.91,301902,4.29,-0.66,35.74,-0.66
2021-07-08 00:00:00+00:00,Nordrhein-Westfalen,Soest,0.33,1,0,0.0,8778,188,2.14,2907.57,62.27,2.91,301902,4.95,0.0,36.4,-0.99
2021-07-07 00:00:00+00:00,Nordrhein-Westfalen,Soest,0.66,2,0,0.0,8777,188,2.14,2907.23,62.27,2.91,301902,4.95,-1.99,37.39,-1.66
2021-07-06 00:00:00+00:00,Nordrhein-Westfalen,Soest,0.33,1,0,0.0,8775,188,2.14,2906.57,62.27,2.91,301902,6.94,-1.66,39.05,-1.99
2021-07-05 00:00:00+00:00,Nordrhein-Westfalen,Soest,1.32,4,0,0.0,8774,188,2.14,2906.24,62.27,2.91,301902,8.6,-0.67,41.04,-1.66
2021-07-04 00:00:00+00:00,Nordrhein-Westfalen,Soest,0.33,1,0,0.0,8770,188,2.14,2904.92,62.27,2.9,301902,9.27,-0.33,42.7,-1.33
2021-07-03 00:00:00+00:00,Nordrhein-Westfalen,Soest,0.99,3,0,0.0,8769,188,2.14,2904.58,62.27,2.9,301902,9.6,0.66,44.03,-0.33
2021-07-02 00:00:00+00:00,Nordrhein-Westfalen,Soest,0.99,3,0,0.0,8766,188,2.14,2903.59,62.27,2.9,301902,8.94,0.33,44.36,0.0
2021-07-01 00:00:00+00:00,Nordrhein-Westfalen,Soest,0.33,1,0,0.0,8763,188,2.15,2902.6,62.27,2.9,301902,8.61,-3.31,44.36,-8.61
2021-06-30 00:00:00+00:00,Nordrhein-Westfalen,Soest,2.65,8,0,0.0,8762,188,2.15,2902.27,62.27,2.9,301902,11.92,1.66,52.97,-3.64
2021-06-29 00:00:00+00:00,Nordrhein-Westfalen,Soest,1.99,6,0,0.0,8754,188,2.15,2899.62,62.27,2.9,301902,10.26,1.0,56.61,-1.65
2021-06-28 00:00:00+00:00,Nordrhein-Westfalen,Soest,1.99,6,0,0.0,8748,188,2.15,2897.63,62.27,2.9,301902,9.26,0.67,58.26,-2.32
2021-06-27 00:00:00+00:00,Nordrhein-Westfalen,Soest,0.66,2,0,0.0,8742,188,2.15,2895.64,62.27,2.9,301902,8.59,-1.0,60.58,-1.99
2021-06-26 00:00:00+00:00,Nordrhein-Westfalen,Soest,0.33,1,0,0.0,8740,188,2.15,2894.98,62.27,2.89,301902,9.59,0.0,62.57,-3.31
2021-06-25 00:00:00+00:00,Nordrhein-Westfalen,Soest,0.66,2,0,0.0,8739,188,2.15,2894.65,62.27,2.89,301902,9.59,-0.66,65.88,-2.65
2021-06-24 00:00:00+00:00,Nordrhein-Westfalen,Soest,3.64,11,0,0.0,8737,188,2.15,2893.99,62.27,2.89,301902,10.25,0.99,68.53,-2.65
2021-06-23 00:00:00+00:00,Nordrhein-Westfalen,Soest,0.99,3,0,0.0,8726,188,2.15,2890.34,62.27,2.89,301902,9.26,-1.99,71.18,-7.95
2021-06-22 00:00:00+00:00,Nordrhein-Westfalen,Soest,0.99,3,0,0.0,8723,188,2.16,2889.35,62.27,2.89,301902,11.25,-0.67,79.13,-1.66
2021-06-21 00:00:00+00:00,Nordrhein-Westfalen,Soest,1.32,4,0,0.0,8720,188,2.16,2888.35,62.27,2.89,301902,11.92,-0.34,80.79,-1.66
2021-06-20 00:00:00+00:00,Nordrhein-Westfalen,Soest,1.66,5,0,0.0,8716,188,2.16,2887.03,62.27,2.89,301902,12.26,0.67,82.45,-0.99
2021-06-19 00:00:00+00:00,Nordrhein-Westfalen,Soest,0.33,1,0,0.0,8711,188,2.16,2885.37,62.27,2.89,301902,11.59,-1.33,83.44,-3.31
2021-06-18 00:00:00+00:00,Nordrhein-Westfalen,Soest,1.32,4,0,0.0,8710,188,2.16,2885.04,62.27,2.89,301902,12.92,0.33,86.75,-2.32
2021-06-17 00:00:00+00:00,Nordrhein-Westfalen,Soest,2.65,8,0,0.0,8706,188,2.16,2883.72,62.27,2.88,301902,12.59,1.33,89.07,-3.97
2021-06-16 00:00:00+00:00,Nordrhein-Westfalen,Soest,2.98,9,0,0.0,8698,188,2.16,2881.07,62.27,2.88,301902,11.26,0.66,93.04,-1.66
2021-06-15 00:00:00+00:00,Nordrhein-Westfalen,Soest,1.66,5,0,0.0,8689,188,2.16,2878.09,62.27,2.88,301902,10.6,-0.66,94.7,-4.96
2021-06-14 00:00:00+00:00,Nordrhein-Westfalen,Soest,1.66,5,0,0.0,8684,188,2.16,2876.43,62.27,2.88,301902,11.26,-1.32,99.66,-3.97
2021-06-13 00:00:00+00:00,Nordrhein-Westfalen,Soest,0.99,3,0,0.0,8679,188,2.17,2874.77,62.27,2.87,301902,12.58,-0.67,103.63,-4.64
2021-06-12 00:00:00+00:00,Nordrhein-Westfalen,Soest,1.66,5,0,0.0,8676,188,2.17,2873.78,62.27,2.87,301902,13.25,0.34,108.27,-3.31
2021-06-11 00:00:00+00:00,Nordrhein-Westfalen,Soest,0.99,3,1,0.33,8671,188,2.17,2872.12,62.27,2.87,301902,12.91,0.0,111.58,-3.65
2021-06-10 00:00:00+00:00,Nordrhein-Westfalen,Soest,1.32,4,0,0.0,8668,187,2.16,2871.13,61.94,2.87,301902,12.91,-7.62,115.23,-4.31
2021-06-09 00:00:00+00:00,Nordrhein-Westfalen,Soest,2.32,7,0,0.0,8664,187,2.16,2869.81,61.94,2.87,301902,20.53,-3.97,119.54,-3.64
2021-06-08 00:00:00+00:00,Nordrhein-Westfalen,Soest,2.32,7,0,0.0,8657,187,2.16,2867.49,61.94,2.87,301902,24.5,-1.32,123.18,-5.96
2021-06-07 00:00:00+00:00,Nordrhein-Westfalen,Soest,2.98,9,0,0.0,8650,187,2.16,2865.17,61.94,2.87,301902,25.82,-1.33,129.14,-5.63
2021-06-06 00:00:00+00:00,Nordrhein-Westfalen,Soest,1.66,5,0,0.0,8641,187,2.16,2862.19,61.94,2.86,301902,27.15,-0.99,134.77,-4.3
2021-06-05 00:00:00+00:00,Nordrhein-Westfalen,Soest,1.32,4,1,0.33,8636,187,2.17,2860.53,61.94,2.86,301902,28.14,-2.32,139.07,-7.29
2021-06-04 00:00:00+00:00,Nordrhein-Westfalen,Soest,0.99,3,0,0.0,8632,186,2.15,2859.21,61.61,2.86,301902,30.46,-2.32,146.36,-4.64
2021-06-03 00:00:00+00:00,Nordrhein-Westfalen,Soest,8.94,27,0,0.0,8629,186,2.16,2858.21,61.61,2.86,301902,32.78,2.65,151.0,-1.66
2021-06-02 00:00:00+00:00,Nordrhein-Westfalen,Soest,6.29,19,0,0.0,8602,186,2.16,2849.27,61.61,2.85,301902,30.13,-2.65,152.66,-5.97
2021-06-01 00:00:00+00:00,Nordrhein-Westfalen,Soest,3.64,11,0,0.0,8583,186,2.17,2842.98,61.61,2.84,301902,32.78,0.99,158.63,-8.95
2021-05-31 00:00:00+00:00,Nordrhein-Westfalen,Soest,4.31,13,0,0.0,8572,186,2.17,2839.33,61.61,2.84,301902,31.79,1.33,167.58,-6.29
2021-05-30 00:00:00+00:00,Nordrhein-Westfalen,Soest,2.65,8,0,0.0,8559,186,2.17,2835.03,61.61,2.84,301902,30.46,0.0,173.87,-4.64
2021-05-29 00:00:00+00:00,Nordrhein-Westfalen,Soest,3.64,11,0,0.0,8551,186,2.18,2832.38,61.61,2.83,301902,30.46,0.0,178.51,-7.29
2021-05-28 00:00:00+00:00,Nordrhein-Westfalen,Soest,3.31,10,0,0.0,8540,186,2.18,2828.73,61.61,2.83,301902,30.46,-0.33,185.8,-3.98
2021-05-27 00:00:00+00:00,Nordrhein-Westfalen,Soest,6.29,19,0,0.0,8530,186,2.18,2825.42,61.61,2.83,301902,30.79,-0.33,189.78,-2.65
2021-05-26 00:00:00+00:00,Nordrhein-Westfalen,Soest,8.94,27,0,0.0,8511,186,2.19,2819.13,61.61,2.82,301902,31.12,4.3,192.43,-1.66
2021-05-25 00:00:00+00:00,Nordrhein-Westfalen,Soest,2.65,8,0,0.0,8484,186,2.19,2810.18,61.61,2.81,301902,26.82,-3.97,194.09,-10.93
2021-05-24 00:00:00+00:00,Nordrhein-Westfalen,Soest,2.98,9,0,0.0,8476,186,2.19,2807.53,61.61,2.81,301902,30.79,-2.65,205.02,-6.96
2021-05-23 00:00:00+00:00,Nordrhein-Westfalen,Soest,2.65,8,0,0.0,8467,186,2.2,2804.55,61.61,2.8,301902,33.44,-2.98,211.98,-8.61
2021-05-22 00:00:00+00:00,Nordrhein-Westfalen,Soest,3.64,11,0,0.0,8459,186,2.2,2801.9,61.61,2.8,301902,36.42,-1.33,220.59,-8.95
2021-05-21 00:00:00+00:00,Nordrhein-Westfalen,Soest,3.64,11,0,0.0,8448,186,2.2,2798.26,61.61,2.8,301902,37.75,-1.0,229.54,-11.27
2021-05-20 00:00:00+00:00,Nordrhein-Westfalen,Soest,6.62,20,0,0.0,8437,186,2.2,2794.62,61.61,2.79,301902,38.75,0.99,240.81,-11.6
2021-05-19 00:00:00+00:00,Nordrhein-Westfalen,Soest,4.64,14,0,0.0,8417,186,2.21,2787.99,61.61,2.79,301902,37.76,-1.32,252.41,-11.92
2021-05-18 00:00:00+00:00,Nordrhein-Westfalen,Soest,6.62,20,0,0.0,8403,186,2.21,2783.35,61.61,2.78,301902,39.08,-1.66,264.33,-9.61
2021-05-17 00:00:00+00:00,Nordrhein-Westfalen,Soest,5.63,17,1,0.33,8383,186,2.22,2776.73,61.61,2.78,301902,40.74,-2.98,273.94,-9.61
2021-05-16 00:00:00+00:00,Nordrhein-Westfalen,Soest,5.63,17,0,0.0,8366,185,2.21,2771.1,61.28,2.77,301902,43.72,-0.33,283.55,-12.26
2021-05-15 00:00:00+00:00,Nordrhein-Westfalen,Soest,4.97,15,0,0.0,8349,185,2.22,2765.47,61.28,2.77,301902,44.05,-3.64,295.81,-10.6
2021-05-14 00:00:00+00:00,Nordrhein-Westfalen,Soest,4.64,14,0,0.0,8334,185,2.22,2760.5,61.28,2.76,301902,47.69,-0.99,306.41,-13.58
2021-05-13 00:00:00+00:00,Nordrhein-Westfalen,Soest,5.63,17,0,0.0,8320,185,2.22,2755.86,61.28,2.76,301902,48.68,-4.97,319.99,-14.24
2021-05-12 00:00:00+00:00,Nordrhein-Westfalen,Soest,5.96,18,0,0.0,8303,185,2.23,2750.23,61.28,2.75,301902,53.65,-6.3,334.23,-13.91
2021-05-11 00:00:00+00:00,Nordrhein-Westfalen,Soest,8.28,25,0,0.0,8285,185,2.23,2744.27,61.28,2.74,301902,59.95,-4.31,348.14,-14.58
2021-05-10 00:00:00+00:00,Nordrhein-Westfalen,Soest,8.61,26,0,0.0,8260,185,2.24,2735.99,61.28,2.74,301902,64.26,-1.99,362.72,-1.66
2021-05-09 00:00:00+00:00,Nordrhein-Westfalen,Soest,5.96,18,0,0.0,8234,185,2.25,2727.38,61.28,2.73,301902,66.25,-1.33,364.38,-12.92
2021-05-08 00:00:00+00:00,Nordrhein-Westfalen,Soest,8.61,26,0,0.0,8216,185,2.25,2721.41,61.28,2.72,301902,67.58,-2.32,377.3,-5.63
2021-05-07 00:00:00+00:00,Nordrhein-Westfalen,Soest,5.63,17,0,0.0,8190,185,2.26,2712.8,61.28,2.71,301902,69.9,-1.66,382.93,-7.95
2021-05-06 00:00:00+00:00,Nordrhein-Westfalen,Soest,10.6,32,0,0.0,8173,185,2.26,2707.17,61.28,2.71,301902,71.56,1.66,390.88,-1.66
2021-05-05 00:00:00+00:00,Nordrhein-Westfalen,Soest,12.26,37,0,0.0,8141,185,2.27,2696.57,61.28,2.7,301902,69.9,1.66,392.54,-0.66
2021-05-04 00:00:00+00:00,Nordrhein-Westfalen,Soest,12.59,38,0,0.0,8104,185,2.28,2684.31,61.28,2.68,301902,68.24,-0.99,393.2,1.66
2021-05-03 00:00:00+00:00,Nordrhein-Westfalen,Soest,10.6,32,0,0.0,8066,185,2.29,2671.73,61.28,2.67,301902,69.23,0.66,391.54,-0.66
2021-05-02 00:00:00+00:00,Nordrhein-Westfalen,Soest,7.29,22,0,0.0,8034,185,2.3,2661.13,61.28,2.66,301902,68.57,-3.97,392.2,-0.33
2021-05-01 00:00:00+00:00,Nordrhein-Westfalen,Soest,10.93,33,0,0.0,8012,185,2.31,2653.84,61.28,2.65,301902,72.54,-1.66,392.53,-0.99
2021-04-30 00:00:00+00:00,Nordrhein-Westfalen,Soest,7.29,22,2,0.66,7979,185,2.32,2642.91,61.28,2.64,301902,74.2,-7.62,393.52,-2.32
2021-04-29 00:00:00+00:00,Nordrhein-Westfalen,Soest,8.94,27,0,0.0,7957,183,2.3,2635.62,60.62,2.64,301902,81.82,-9.28,395.84,-4.64
2021-04-28 00:00:00+00:00,Nordrhein-Westfalen,Soest,10.6,32,0,0.0,7930,183,2.31,2626.68,60.62,2.63,301902,91.1,-5.96,400.48,-6.29
2021-04-27 00:00:00+00:00,Nordrhein-Westfalen,Soest,13.58,41,0,0.0,7898,183,2.32,2616.08,60.62,2.62,301902,97.06,-2.65,406.77,-2.32
2021-04-26 00:00:00+00:00,Nordrhein-Westfalen,Soest,9.94,30,0,0.0,7857,183,2.33,2602.5,60.62,2.6,301902,99.71,-5.3,409.09,1.33
2021-04-25 00:00:00+00:00,Nordrhein-Westfalen,Soest,11.26,34,0,0.0,7827,183,2.34,2592.56,60.62,2.59,301902,105.01,-6.63,407.76,1.99
2021-04-24 00:00:00+00:00,Nordrhein-Westfalen,Soest,12.59,38,0,0.0,7793,183,2.35,2581.3,60.62,2.58,301902,111.64,-2.98,405.77,1.33
2021-04-23 00:00:00+00:00,Nordrhein-Westfalen,Soest,14.91,45,0,0.0,7755,183,2.36,2568.71,60.62,2.57,301902,114.62,-3.31,404.44,2.65
2021-04-22 00:00:00+00:00,Nordrhein-Westfalen,Soest,18.22,55,0,0.0,7710,183,2.37,2553.81,60.62,2.55,301902,117.93,-1.65,401.79,0.33
2021-04-21 00:00:00+00:00,Nordrhein-Westfalen,Soest,16.56,50,0,0.0,7655,183,2.39,2535.59,60.62,2.54,301902,119.58,-3.31,401.46,-2.32
2021-04-20 00:00:00+00:00,Nordrhein-Westfalen,Soest,16.23,49,2,0.66,7605,183,2.41,2519.03,60.62,2.52,301902,122.89,-6.63,403.78,0.66
2021-04-19 00:00:00+00:00,Nordrhein-Westfalen,Soest,15.24,46,0,0.0,7556,181,2.4,2502.8,59.95,2.5,301902,129.52,4.97,403.12,5.3
2021-04-18 00:00:00+00:00,Nordrhein-Westfalen,Soest,17.89,54,0,0.0,7510,181,2.41,2487.56,59.95,2.49,301902,124.55,-0.99,397.82,6.3
2021-04-17 00:00:00+00:00,Nordrhein-Westfalen,Soest,15.57,47,0,0.0,7456,181,2.43,2469.68,59.95,2.47,301902,125.54,1.33,391.52,1.33
2021-04-16 00:00:00+00:00,Nordrhein-Westfalen,Soest,18.22,55,0,0.0,7409,181,2.44,2454.11,59.95,2.45,301902,124.21,4.64,390.19,5.96
2021-04-15 00:00:00+00:00,Nordrhein-Westfalen,Soest,19.87,60,1,0.33,7354,181,2.46,2435.89,59.95,2.44,301902,119.57,7.61,384.23,1.65
2021-04-14 00:00:00+00:00,Nordrhein-Westfalen,Soest,19.87,60,0,0.0,7294,180,2.47,2416.02,59.62,2.42,301902,111.96,6.95,382.58,4.63
2021-04-13 00:00:00+00:00,Nordrhein-Westfalen,Soest,22.86,69,0,0.0,7234,180,2.49,2396.14,59.62,2.4,301902,105.01,11.93,377.95,9.94
2021-04-12 00:00:00+00:00,Nordrhein-Westfalen,Soest,10.27,31,0,0.0,7165,180,2.51,2373.29,59.62,2.37,301902,93.08,-0.99,368.01,1.66
2021-04-11 00:00:00+00:00,Nordrhein-Westfalen,Soest,18.88,57,0,0.0,7134,180,2.52,2363.02,59.62,2.36,301902,94.07,11.26,366.35,8.28
2021-04-10 00:00:00+00:00,Nordrhein-Westfalen,Soest,14.24,43,1,0.33,7077,180,2.54,2344.14,59.62,2.34,301902,82.81,2.32,358.07,5.3
2021-04-09 00:00:00+00:00,Nordrhein-Westfalen,Soest,13.58,41,1,0.33,7034,179,2.54,2329.9,59.29,2.33,301902,80.49,3.97,352.77,1.32
2021-04-08 00:00:00+00:00,Nordrhein-Westfalen,Soest,12.26,37,2,0.66,6993,178,2.55,2316.31,58.96,2.32,301902,76.52,-1.32,351.45,-1.65
2021-04-07 00:00:00+00:00,Nordrhein-Westfalen,Soest,12.92,39,1,0.33,6956,176,2.53,2304.06,58.3,2.3,301902,77.84,-3.97,353.1,-0.99
2021-04-06 00:00:00+00:00,Nordrhein-Westfalen,Soest,10.93,33,1,0.33,6917,175,2.53,2291.14,57.97,2.29,301902,81.81,-4.97,354.09,-0.66
2021-04-05 00:00:00+00:00,Nordrhein-Westfalen,Soest,11.26,34,0,0.0,6884,174,2.53,2280.21,57.63,2.28,301902,86.78,2.65,354.75,2.65
2021-04-04 00:00:00+00:00,Nordrhein-Westfalen,Soest,7.62,23,0,0.0,6850,174,2.54,2268.95,57.63,2.27,301902,84.13,-1.65,352.1,-2.98
2021-04-03 00:00:00+00:00,Nordrhein-Westfalen,Soest,11.92,36,0,0.0,6827,174,2.55,2261.33,57.63,2.26,301902,85.78,0.66,355.08,0.99
2021-04-02 00:00:00+00:00,Nordrhein-Westfalen,Soest,9.61,29,1,0.33,6791,174,2.56,2249.41,57.63,2.25,301902,85.12,-2.65,354.09,-2.65
2021-04-01 00:00:00+00:00,Nordrhein-Westfalen,Soest,13.58,41,0,0.0,6762,173,2.56,2239.8,57.3,2.24,301902,87.77,-4.31,356.74,6.29
2021-03-31 00:00:00+00:00,Nordrhein-Westfalen,Soest,16.89,51,0,0.0,6721,173,2.57,2226.22,57.3,2.23,301902,92.08,-1.99,350.45,3.64
2021-03-30 00:00:00+00:00,Nordrhein-Westfalen,Soest,15.9,48,0,0.0,6670,173,2.59,2209.33,57.3,2.21,301902,94.07,0.33,346.81,6.29
2021-03-29 00:00:00+00:00,Nordrhein-Westfalen,Soest,8.61,26,0,0.0,6622,173,2.61,2193.43,57.3,2.19,301902,93.74,-1.33,340.52,0.33
2021-03-28 00:00:00+00:00,Nordrhein-Westfalen,Soest,9.27,28,0,0.0,6596,173,2.62,2184.81,57.3,2.18,301902,95.07,-2.32,340.19,2.31
2021-03-27 00:00:00+00:00,Nordrhein-Westfalen,Soest,11.26,34,1,0.33,6568,173,2.63,2175.54,57.3,2.18,301902,97.39,-2.98,337.88,-0.33
2021-03-26 00:00:00+00:00,Nordrhein-Westfalen,Soest,12.26,37,0,0.0,6534,172,2.63,2164.28,56.97,2.16,301902,100.37,0.0,338.21,1.99
2021-03-25 00:00:00+00:00,Nordrhein-Westfalen,Soest,17.89,54,0,0.0,6497,172,2.65,2152.02,56.97,2.15,301902,100.37,-0.33,336.22,7.95
2021-03-24 00:00:00+00:00,Nordrhein-Westfalen,Soest,18.88,57,0,0.0,6443,172,2.67,2134.14,56.97,2.13,301902,100.7,3.64,328.27,9.61
2021-03-23 00:00:00+00:00,Nordrhein-Westfalen,Soest,15.57,47,0,0.0,6386,172,2.69,2115.26,56.97,2.12,301902,97.06,2.65,318.66,7.29
2021-03-22 00:00:00+00:00,Nordrhein-Westfalen,Soest,9.94,30,1,0.33,6339,172,2.71,2099.69,56.97,2.1,301902,94.41,1.33,311.37,1.99
2021-03-21 00:00:00+00:00,Nordrhein-Westfalen,Soest,11.59,35,0,0.0,6309,171,2.71,2089.75,56.64,2.09,301902,93.08,0.99,309.38,7.95
2021-03-20 00:00:00+00:00,Nordrhein-Westfalen,Soest,14.24,43,0,0.0,6274,171,2.73,2078.16,56.64,2.08,301902,92.09,5.3,301.43,3.64
2021-03-19 00:00:00+00:00,Nordrhein-Westfalen,Soest,12.26,37,0,0.0,6231,171,2.74,2063.91,56.64,2.06,301902,86.79,0.0,297.79,6.3
2021-03-18 00:00:00+00:00,Nordrhein-Westfalen,Soest,18.22,55,0,0.0,6194,171,2.76,2051.66,56.64,2.05,301902,86.79,4.31,291.49,7.95
2021-03-17 00:00:00+00:00,Nordrhein-Westfalen,Soest,15.24,46,0,0.0,6139,171,2.79,2033.44,56.64,2.03,301902,82.48,1.33,283.54,5.63
2021-03-16 00:00:00+00:00,Nordrhein-Westfalen,Soest,12.92,39,2,0.66,6093,171,2.81,2018.2,56.64,2.02,301902,81.15,1.33,277.91,5.96
2021-03-15 00:00:00+00:00,Nordrhein-Westfalen,Soest,8.61,26,2,0.66,6054,169,2.79,2005.29,55.98,2.01,301902,79.82,0.0,271.95,0.33
2021-03-14 00:00:00+00:00,Nordrhein-Westfalen,Soest,10.6,32,1,0.33,6028,167,2.77,1996.67,55.32,2.0,301902,79.82,0.0,271.62,3.31
2021-03-13 00:00:00+00:00,Nordrhein-Westfalen,Soest,8.94,27,0,0.0,5996,166,2.77,1986.07,54.98,1.99,301902,79.82,-1.99,268.31,1.98
2021-03-12 00:00:00+00:00,Nordrhein-Westfalen,Soest,12.26,37,0,0.0,5969,166,2.78,1977.13,54.98,1.98,301902,81.81,0.0,266.33,2.65
2021-03-11 00:00:00+00:00,Nordrhein-Westfalen,Soest,13.91,42,1,0.33,5932,166,2.8,1964.88,54.98,1.96,301902,81.81,6.62,263.68,4.64
2021-03-10 00:00:00+00:00,Nordrhein-Westfalen,Soest,13.91,42,1,0.33,5890,165,2.8,1950.96,54.65,1.95,301902,75.19,0.66,259.04,4.64
2021-03-09 00:00:00+00:00,Nordrhein-Westfalen,Soest,11.59,35,0,0.0,5848,164,2.8,1937.05,54.32,1.94,301902,74.53,1.98,254.4,1.98
2021-03-08 00:00:00+00:00,Nordrhein-Westfalen,Soest,8.61,26,1,0.33,5813,164,2.82,1925.46,54.32,1.93,301902,72.55,0.33,252.42,-1.0
2021-03-07 00:00:00+00:00,Nordrhein-Westfalen,Soest,10.6,32,0,0.0,5787,163,2.82,1916.85,53.99,1.92,301902,72.22,3.64,253.42,3.31
2021-03-06 00:00:00+00:00,Nordrhein-Westfalen,Soest,10.93,33,0,0.0,5755,163,2.83,1906.25,53.99,1.91,301902,68.58,-0.66,250.11,0.0
2021-03-05 00:00:00+00:00,Nordrhein-Westfalen,Soest,12.26,37,0,0.0,5722,163,2.85,1895.32,53.99,1.9,301902,69.24,1.99,250.11,3.98
2021-03-04 00:00:00+00:00,Nordrhein-Westfalen,Soest,7.29,22,0,0.0,5685,163,2.87,1883.06,53.99,1.88,301902,67.25,-2.65,246.13,-0.33
2021-03-03 00:00:00+00:00,Nordrhein-Westfalen,Soest,13.25,40,0,0.0,5663,163,2.88,1875.77,53.99,1.88,301902,69.9,3.98,246.46,1.33
2021-03-02 00:00:00+00:00,Nordrhein-Westfalen,Soest,9.61,29,0,0.0,5623,163,2.9,1862.52,53.99,1.86,301902,65.92,1.33,245.13,-5.3
2021-03-01 00:00:00+00:00,Nordrhein-Westfalen,Soest,8.28,25,3,0.99,5594,163,2.91,1852.92,53.99,1.85,301902,64.59,0.33,250.43,-1.66
2021-02-28 00:00:00+00:00,Nordrhein-Westfalen,Soest,6.96,21,1,0.33,5569,160,2.87,1844.64,53.0,1.84,301902,64.26,3.32,252.09,0.67
2021-02-27 00:00:00+00:00,Nordrhein-Westfalen,Soest,11.59,35,0,0.0,5548,159,2.87,1837.68,52.67,1.84,301902,60.94,0.99,251.42,0.66
2021-02-26 00:00:00+00:00,Nordrhein-Westfalen,Soest,10.27,31,1,0.33,5513,159,2.88,1826.09,52.67,1.83,301902,59.95,4.31,250.76,-1.32
2021-02-25 00:00:00+00:00,Nordrhein-Westfalen,Soest,9.94,30,1,0.33,5482,158,2.88,1815.82,52.33,1.82,301902,55.64,-0.33,252.08,-3.31
2021-02-24 00:00:00+00:00,Nordrhein-Westfalen,Soest,9.27,28,0,0.0,5452,157,2.88,1805.88,52.0,1.81,301902,55.97,-0.34,255.39,-3.32
2021-02-23 00:00:00+00:00,Nordrhein-Westfalen,Soest,8.28,25,0,0.0,5424,157,2.89,1796.61,52.0,1.8,301902,56.31,1.32,258.71,-4.31
2021-02-22 00:00:00+00:00,Nordrhein-Westfalen,Soest,7.95,24,0,0.0,5399,157,2.91,1788.33,52.0,1.79,301902,54.99,-0.33,263.02,-1.32
2021-02-21 00:00:00+00:00,Nordrhein-Westfalen,Soest,3.64,11,0,0.0,5375,157,2.92,1780.38,52.0,1.78,301902,55.32,-3.65,264.34,-4.31
2021-02-20 00:00:00+00:00,Nordrhein-Westfalen,Soest,10.6,32,1,0.33,5364,157,2.93,1776.74,52.0,1.78,301902,58.97,3.64,268.65,-0.66
2021-02-19 00:00:00+00:00,Nordrhein-Westfalen,Soest,5.96,18,1,0.33,5332,156,2.93,1766.14,51.67,1.77,301902,55.33,-3.65,269.31,-9.28
2021-02-18 00:00:00+00:00,Nordrhein-Westfalen,Soest,10.27,31,2,0.66,5314,155,2.92,1760.17,51.34,1.76,301902,58.98,1.0,278.59,2.32
2021-02-17 00:00:00+00:00,Nordrhein-Westfalen,Soest,9.61,29,0,0.0,5283,153,2.9,1749.91,50.68,1.75,301902,57.98,0.34,276.27,-4.96
2021-02-16 00:00:00+00:00,Nordrhein-Westfalen,Soest,6.96,21,1,0.33,5254,153,2.91,1740.3,50.68,1.74,301902,57.64,-2.65,281.23,-3.97
2021-02-15 00:00:00+00:00,Nordrhein-Westfalen,Soest,8.28,25,0,0.0,5233,152,2.9,1733.34,50.35,1.73,301902,60.29,-1.33,285.2,-2.65
2021-02-14 00:00:00+00:00,Nordrhein-Westfalen,Soest,7.29,22,0,0.0,5208,152,2.92,1725.06,50.35,1.73,301902,61.62,0.0,287.85,0.33
2021-02-13 00:00:00+00:00,Nordrhein-Westfalen,Soest,6.96,21,1,0.33,5186,152,2.93,1717.78,50.35,1.72,301902,61.62,-3.97,287.52,-5.96
2021-02-12 00:00:00+00:00,Nordrhein-Westfalen,Soest,9.61,29,3,0.99,5165,151,2.92,1710.82,50.02,1.71,301902,65.59,1.33,293.48,-5.63
2021-02-11 00:00:00+00:00,Nordrhein-Westfalen,Soest,9.27,28,0,0.0,5136,148,2.88,1701.21,49.02,1.7,301902,64.26,1.65,299.11,0.66
2021-02-10 00:00:00+00:00,Nordrhein-Westfalen,Soest,9.27,28,1,0.33,5108,148,2.9,1691.94,49.02,1.69,301902,62.61,-2.65,298.45,-3.32
2021-02-09 00:00:00+00:00,Nordrhein-Westfalen,Soest,9.61,29,0,0.0,5080,147,2.89,1682.67,48.69,1.68,301902,65.26,-5.3,301.77,-2.31
2021-02-08 00:00:00+00:00,Nordrhein-Westfalen,Soest,9.61,29,0,0.0,5051,147,2.91,1673.06,48.69,1.67,301902,70.56,-0.33,304.08,-0.33
2021-02-07 00:00:00+00:00,Nordrhein-Westfalen,Soest,7.29,22,0,0.0,5022,147,2.93,1663.45,48.69,1.66,301902,70.89,1.0,304.41,-5.3
2021-02-06 00:00:00+00:00,Nordrhein-Westfalen,Soest,10.93,33,0,0.0,5000,147,2.94,1656.17,48.69,1.66,301902,69.89,0.0,309.71,-4.31
2021-02-05 00:00:00+00:00,Nordrhein-Westfalen,Soest,8.28,25,0,0.0,4967,147,2.96,1645.24,48.69,1.65,301902,69.89,-3.31,314.02,-8.94
2021-02-04 00:00:00+00:00,Nordrhein-Westfalen,Soest,7.62,23,2,0.66,4942,147,2.97,1636.96,48.69,1.64,301902,73.2,-5.63,322.96,-9.6
2021-02-03 00:00:00+00:00,Nordrhein-Westfalen,Soest,11.92,36,2,0.66,4919,145,2.95,1629.34,48.03,1.63,301902,78.83,-0.67,332.56,-5.64
2021-02-02 00:00:00+00:00,Nordrhein-Westfalen,Soest,14.91,45,0,0.0,4883,143,2.93,1617.41,47.37,1.62,301902,79.5,2.32,338.2,1.99
2021-02-01 00:00:00+00:00,Nordrhein-Westfalen,Soest,9.94,30,2,0.66,4838,143,2.96,1602.51,47.37,1.6,301902,77.18,0.67,336.21,-4.63
2021-01-31 00:00:00+00:00,Nordrhein-Westfalen,Soest,6.29,19,0,0.0,4808,141,2.93,1592.57,46.7,1.59,301902,76.51,-1.66,340.84,-3.98
2021-01-30 00:00:00+00:00,Nordrhein-Westfalen,Soest,10.93,33,1,0.33,4789,141,2.94,1586.28,46.7,1.59,301902,78.17,-0.33,344.82,-4.97
2021-01-29 00:00:00+00:00,Nordrhein-Westfalen,Soest,11.59,35,0,0.0,4756,140,2.94,1575.35,46.37,1.58,301902,78.5,-3.65,349.79,1.32
2021-01-28 00:00:00+00:00,Nordrhein-Westfalen,Soest,13.25,40,1,0.33,4721,140,2.97,1563.75,46.37,1.56,301902,82.15,5.3,348.47,-4.64
2021-01-27 00:00:00+00:00,Nordrhein-Westfalen,Soest,12.59,38,0,0.0,4681,139,2.97,1550.5,46.04,1.55,301902,76.85,-1.98,353.11,-6.95
2021-01-26 00:00:00+00:00,Nordrhein-Westfalen,Soest,12.59,38,0,0.0,4643,139,2.99,1537.92,46.04,1.54,301902,78.83,1.66,360.06,-0.99
2021-01-25 00:00:00+00:00,Nordrhein-Westfalen,Soest,9.27,28,0,0.0,4605,139,3.02,1525.33,46.04,1.53,301902,77.17,-1.66,361.05,-6.63
2021-01-24 00:00:00+00:00,Nordrhein-Westfalen,Soest,7.95,24,0,0.0,4577,139,3.04,1516.05,46.04,1.52,301902,78.83,0.99,367.68,-0.33
2021-01-23 00:00:00+00:00,Nordrhein-Westfalen,Soest,11.26,34,1,0.33,4553,139,3.05,1508.11,46.04,1.51,301902,77.84,-1.66,368.01,-2.98
2021-01-22 00:00:00+00:00,Nordrhein-Westfalen,Soest,15.24,46,0,0.0,4519,138,3.05,1496.84,45.71,1.5,301902,79.5,0.0,370.99,1.33
2021-01-21 00:00:00+00:00,Nordrhein-Westfalen,Soest,7.95,24,1,0.33,4473,138,3.09,1481.61,45.71,1.48,301902,79.5,-0.66,369.66,-4.97
2021-01-20 00:00:00+00:00,Nordrhein-Westfalen,Soest,14.57,44,1,0.33,4449,137,3.08,1473.66,45.38,1.47,301902,80.16,1.98,374.63,-4.31
2021-01-19 00:00:00+00:00,Nordrhein-Westfalen,Soest,10.93,33,4,1.32,4405,136,3.09,1459.08,45.05,1.46,301902,78.18,-0.99,378.94,-0.33
2021-01-18 00:00:00+00:00,Nordrhein-Westfalen,Soest,10.93,33,2,0.66,4372,132,3.02,1448.15,43.72,1.45,301902,79.17,0.99,379.27,-4.64
2021-01-17 00:00:00+00:00,Nordrhein-Westfalen,Soest,6.96,21,0,0.0,4339,130,3.0,1437.22,43.06,1.44,301902,78.18,-5.63,383.91,-13.91
2021-01-16 00:00:00+00:00,Nordrhein-Westfalen,Soest,12.92,39,0,0.0,4318,130,3.01,1430.27,43.06,1.43,301902,83.81,-2.32,397.82,-1.32
2021-01-15 00:00:00+00:00,Nordrhein-Westfalen,Soest,15.24,46,1,0.33,4279,130,3.04,1417.35,43.06,1.42,301902,86.13,-1.98,399.14,-2.65
2021-01-14 00:00:00+00:00,Nordrhein-Westfalen,Soest,8.61,26,0,0.0,4233,129,3.05,1402.11,42.73,1.4,301902,88.11,-8.61,401.79,-11.6
2021-01-13 00:00:00+00:00,Nordrhein-Westfalen,Soest,12.59,38,2,0.66,4207,129,3.07,1393.5,42.73,1.39,301902,96.72,-4.97,413.39,-9.27
2021-01-12 00:00:00+00:00,Nordrhein-Westfalen,Soest,11.92,36,0,0.0,4169,127,3.05,1380.91,42.07,1.38,301902,101.69,-1.0,422.66,-6.63
2021-01-11 00:00:00+00:00,Nordrhein-Westfalen,Soest,9.94,30,1,0.33,4133,127,3.07,1368.99,42.07,1.37,301902,102.69,-4.63,429.29,-6.62
2021-01-10 00:00:00+00:00,Nordrhein-Westfalen,Soest,12.59,38,0,0.0,4103,126,3.07,1359.05,41.74,1.36,301902,107.32,2.32,435.91,-19.21
2021-01-09 00:00:00+00:00,Nordrhein-Westfalen,Soest,15.24,46,1,0.33,4065,126,3.1,1346.46,41.74,1.35,301902,105.0,-0.66,455.12,2.32
2021-01-08 00:00:00+00:00,Nordrhein-Westfalen,Soest,17.22,52,0,0.0,4019,125,3.11,1331.23,41.4,1.33,301902,105.66,6.95,452.8,2.98
2021-01-07 00:00:00+00:00,Nordrhein-Westfalen,Soest,17.22,52,2,0.66,3967,125,3.15,1314.0,41.4,1.31,301902,98.71,-0.67,449.82,2.31
2021-01-06 00:00:00+00:00,Nordrhein-Westfalen,Soest,17.56,53,1,0.33,3915,123,3.14,1296.78,40.74,1.3,301902,99.38,-1.98,447.51,0.34
2021-01-05 00:00:00+00:00,Nordrhein-Westfalen,Soest,12.92,39,1,0.33,3862,122,3.16,1279.22,40.41,1.28,301902,101.36,-0.66,447.17,1.33
2021-01-04 00:00:00+00:00,Nordrhein-Westfalen,Soest,14.57,44,1,0.33,3823,121,3.17,1266.3,40.08,1.27,301902,102.02,-1.33,445.84,-4.64
2021-01-03 00:00:00+00:00,Nordrhein-Westfalen,Soest,10.27,31,1,0.33,3779,120,3.18,1251.73,39.75,1.25,301902,103.35,1.99,450.48,1.66
2021-01-02 00:00:00+00:00,Nordrhein-Westfalen,Soest,15.9,48,1,0.33,3748,119,3.18,1241.46,39.42,1.24,301902,101.36,1.66,448.82,2.32
2021-01-01 00:00:00+00:00,Nordrhein-Westfalen,Soest,10.27,31,2,0.66,3700,118,3.19,1225.56,39.09,1.23,301902,99.7,-3.64,446.5,-1.99
2020-12-31 00:00:00+00:00,Nordrhein-Westfalen,Soest,17.89,54,4,1.32,3669,116,3.16,1215.3,38.42,1.22,301902,103.34,4.97,448.49,6.96
2020-12-30 00:00:00+00:00,Nordrhein-Westfalen,Soest,19.54,59,2,0.66,3615,112,3.1,1197.41,37.1,1.2,301902,98.37,0.66,441.53,10.27
2020-12-29 00:00:00+00:00,Nordrhein-Westfalen,Soest,13.58,41,1,0.33,3556,110,3.09,1177.87,36.44,1.18,301902,97.71,2.32,431.26,4.64
2020-12-28 00:00:00+00:00,Nordrhein-Westfalen,Soest,15.9,48,1,0.33,3515,109,3.1,1164.29,36.1,1.16,301902,95.39,0.33,426.62,4.64
2020-12-27 00:00:00+00:00,Nordrhein-Westfalen,Soest,8.28,25,2,0.66,3467,108,3.12,1148.39,35.77,1.15,301902,95.06,-12.59,421.98,0.0
2020-12-26 00:00:00+00:00,Nordrhein-Westfalen,Soest,14.24,43,3,0.99,3442,106,3.08,1140.11,35.11,1.14,301902,107.65,0.0,421.98,2.98
2020-12-25 00:00:00+00:00,Nordrhein-Westfalen,Soest,13.91,42,2,0.66,3399,103,3.03,1125.86,34.12,1.13,301902,107.65,-3.98,419.0,6.29
2020-12-24 00:00:00+00:00,Nordrhein-Westfalen,Soest,12.92,39,2,0.66,3357,101,3.01,1111.95,33.45,1.11,301902,111.63,-7.29,412.71,3.98
2020-12-23 00:00:00+00:00,Nordrhein-Westfalen,Soest,18.88,57,1,0.33,3318,99,2.98,1099.03,32.79,1.1,301902,118.92,-2.98,408.73,8.94
2020-12-22 00:00:00+00:00,Nordrhein-Westfalen,Soest,11.26,34,4,1.32,3261,98,3.01,1080.15,32.46,1.08,301902,121.9,-7.29,399.79,5.3
2020-12-21 00:00:00+00:00,Nordrhein-Westfalen,Soest,15.57,47,2,0.66,3227,94,2.91,1068.89,31.14,1.07,301902,129.19,-0.99,394.49,5.63
2020-12-20 00:00:00+00:00,Nordrhein-Westfalen,Soest,20.87,63,2,0.66,3180,92,2.89,1053.32,30.47,1.05,301902,130.18,-10.93,388.86,10.93
2020-12-19 00:00:00+00:00,Nordrhein-Westfalen,Soest,14.24,43,3,0.99,3117,90,2.89,1032.45,29.81,1.03,301902,141.11,1.32,377.93,3.97
2020-12-18 00:00:00+00:00,Nordrhein-Westfalen,Soest,17.89,54,2,0.66,3074,87,2.83,1018.21,28.82,1.02,301902,139.79,3.65,373.96,4.64
2020-12-17 00:00:00+00:00,Nordrhein-Westfalen,Soest,20.21,61,4,1.32,3020,85,2.81,1000.32,28.15,1.0,301902,136.14,5.3,369.32,6.96
2020-12-16 00:00:00+00:00,Nordrhein-Westfalen,Soest,21.86,66,4,1.32,2959,81,2.74,980.12,26.83,0.98,301902,130.84,4.64,362.36,5.3
2020-12-15 00:00:00+00:00,Nordrhein-Westfalen,Soest,18.55,56,6,1.99,2893,77,2.66,958.26,25.5,0.96,301902,126.2,6.96,357.06,1.66
2020-12-14 00:00:00+00:00,Nordrhein-Westfalen,Soest,16.56,50,2,0.66,2837,71,2.5,939.71,23.52,0.94,301902,119.24,-2.65,355.4,-0.33
2020-12-13 00:00:00+00:00,Nordrhein-Westfalen,Soest,31.8,96,13,4.31,2787,69,2.48,923.15,22.86,0.92,301902,121.89,23.19,355.73,23.19
2020-12-12 00:00:00+00:00,Nordrhein-Westfalen,Soest,12.92,39,1,0.33,2691,56,2.08,891.35,18.55,0.89,301902,98.7,-0.66,332.54,1.66
2020-12-11 00:00:00+00:00,Nordrhein-Westfalen,Soest,14.24,43,3,0.99,2652,55,2.07,878.43,18.22,0.88,301902,99.36,1.98,330.88,2.65
2020-12-10 00:00:00+00:00,Nordrhein-Westfalen,Soest,14.91,45,1,0.33,2609,52,1.99,864.19,17.22,0.86,301902,97.38,3.98,328.23,2.65
2020-12-09 00:00:00+00:00,Nordrhein-Westfalen,Soest,17.22,52,2,0.66,2564,51,1.99,849.28,16.89,0.85,301902,93.4,7.95,325.58,2.31
2020-12-08 00:00:00+00:00,Nordrhein-Westfalen,Soest,11.59,35,1,0.33,2512,49,1.95,832.06,16.23,0.83,301902,85.45,2.65,323.27,2.65
2020-12-07 00:00:00+00:00,Nordrhein-Westfalen,Soest,19.21,58,4,1.32,2477,48,1.94,820.46,15.9,0.82,301902,82.8,7.95,320.62,3.31
2020-12-06 00:00:00+00:00,Nordrhein-Westfalen,Soest,8.61,26,3,0.99,2419,44,1.82,801.25,14.57,0.8,301902,74.85,0.33,317.31,-1.66
2020-12-05 00:00:00+00:00,Nordrhein-Westfalen,Soest,13.58,41,1,0.33,2393,41,1.71,792.64,13.58,0.79,301902,74.52,2.32,318.97,-2.98
2020-12-04 00:00:00+00:00,Nordrhein-Westfalen,Soest,12.26,37,1,0.33,2352,40,1.7,779.06,13.25,0.78,301902,72.2,4.64,321.95,1.99
2020-12-03 00:00:00+00:00,Nordrhein-Westfalen,Soest,10.93,33,1,0.33,2315,39,1.68,766.81,12.92,0.77,301902,67.56,1.99,319.96,-4.31
2020-12-02 00:00:00+00:00,Nordrhein-Westfalen,Soest,9.27,28,1,0.33,2282,38,1.67,755.87,12.59,0.76,301902,65.57,-0.67,324.27,-4.97
2020-12-01 00:00:00+00:00,Nordrhein-Westfalen,Soest,8.94,27,0,0.0,2254,37,1.64,746.6,12.26,0.75,301902,66.24,2.98,329.24,-5.3
2020-11-30 00:00:00+00:00,Nordrhein-Westfalen,Soest,11.26,34,0,0.0,2227,37,1.66,737.66,12.26,0.74,301902,63.26,1.32,334.54,0.99
2020-11-29 00:00:00+00:00,Nordrhein-Westfalen,Soest,8.28,25,1,0.33,2193,37,1.69,726.39,12.26,0.73,301902,61.94,-1.66,333.55,-2.32
2020-11-28 00:00:00+00:00,Nordrhein-Westfalen,Soest,11.26,34,1,0.33,2168,36,1.66,718.11,11.92,0.72,301902,63.6,0.99,335.87,0.33
2020-11-27 00:00:00+00:00,Nordrhein-Westfalen,Soest,7.62,23,0,0.0,2134,35,1.64,706.85,11.59,0.71,301902,62.61,-5.63,335.54,-6.29
2020-11-26 00:00:00+00:00,Nordrhein-Westfalen,Soest,8.94,27,0,0.0,2111,35,1.66,699.23,11.59,0.7,301902,68.24,-4.31,341.83,-0.67
2020-11-25 00:00:00+00:00,Nordrhein-Westfalen,Soest,9.94,30,1,0.33,2084,35,1.68,690.29,11.59,0.69,301902,72.55,-6.62,342.5,-2.32
2020-11-24 00:00:00+00:00,Nordrhein-Westfalen,Soest,5.96,18,0,0.0,2054,34,1.66,680.35,11.26,0.68,301902,79.17,-10.93,344.82,0.0
2020-11-23 00:00:00+00:00,Nordrhein-Westfalen,Soest,9.94,30,0,0.0,2036,34,1.67,674.39,11.26,0.67,301902,90.1,-6.95,344.82,-0.66
2020-11-22 00:00:00+00:00,Nordrhein-Westfalen,Soest,9.94,30,0,0.0,2006,34,1.69,664.45,11.26,0.66,301902,97.05,1.33,345.48,2.98
2020-11-21 00:00:00+00:00,Nordrhein-Westfalen,Soest,10.27,31,1,0.33,1976,34,1.72,654.52,11.26,0.65,301902,95.72,-0.99,342.5,1.66
2020-11-20 00:00:00+00:00,Nordrhein-Westfalen,Soest,13.25,40,1,0.33,1945,33,1.7,644.25,10.93,0.64,301902,96.71,1.66,340.84,5.3
2020-11-19 00:00:00+00:00,Nordrhein-Westfalen,Soest,13.25,40,0,0.0,1905,32,1.68,631.0,10.6,0.63,301902,95.05,0.99,335.54,4.97
2020-11-18 00:00:00+00:00,Nordrhein-Westfalen,Soest,16.56,50,1,0.33,1865,32,1.72,617.75,10.6,0.62,301902,94.06,1.65,330.57,6.29
2020-11-17 00:00:00+00:00,Nordrhein-Westfalen,Soest,16.89,51,1,0.33,1815,31,1.71,601.19,10.27,0.6,301902,92.41,7.95,324.28,6.95
2020-11-16 00:00:00+00:00,Nordrhein-Westfalen,Soest,16.89,51,1,0.33,1764,30,1.7,584.3,9.94,0.58,301902,84.46,0.99,317.33,11.92
2020-11-15 00:00:00+00:00,Nordrhein-Westfalen,Soest,8.61,26,0,0.0,1713,29,1.69,567.4,9.61,0.57,301902,83.47,-1.66,305.41,4.64
2020-11-14 00:00:00+00:00,Nordrhein-Westfalen,Soest,11.26,34,1,0.33,1687,29,1.72,558.79,9.61,0.56,301902,85.13,-5.3,300.77,8.94
2020-11-13 00:00:00+00:00,Nordrhein-Westfalen,Soest,11.59,35,0,0.0,1653,28,1.69,547.53,9.27,0.55,301902,90.43,1.32,291.83,6.62
2020-11-12 00:00:00+00:00,Nordrhein-Westfalen,Soest,12.26,37,0,0.0,1618,28,1.73,535.94,9.27,0.54,301902,89.11,-2.98,285.21,9.94
2020-11-11 00:00:00+00:00,Nordrhein-Westfalen,Soest,14.91,45,0,0.0,1581,28,1.77,523.68,9.27,0.52,301902,92.09,0.67,275.27,9.28
2020-11-10 00:00:00+00:00,Nordrhein-Westfalen,Soest,8.94,27,1,0.33,1536,28,1.82,508.77,9.27,0.51,301902,91.42,-5.3,265.99,4.97
2020-11-09 00:00:00+00:00,Nordrhein-Westfalen,Soest,15.9,48,1,0.33,1509,27,1.79,499.83,8.94,0.5,301902,96.72,5.63,261.02,10.93
2020-11-08 00:00:00+00:00,Nordrhein-Westfalen,Soest,10.27,31,1,0.33,1461,26,1.78,483.93,8.61,0.48,301902,91.09,-0.33,250.09,7.95
2020-11-07 00:00:00+00:00,Nordrhein-Westfalen,Soest,16.56,50,0,0.0,1430,25,1.75,473.66,8.28,0.47,301902,91.42,5.63,242.14,12.92
2020-11-06 00:00:00+00:00,Nordrhein-Westfalen,Soest,10.27,31,1,0.33,1380,25,1.81,457.1,8.28,0.46,301902,85.79,-3.64,229.22,6.63
2020-11-05 00:00:00+00:00,Nordrhein-Westfalen,Soest,15.24,46,1,0.33,1349,24,1.78,446.83,7.95,0.45,301902,89.43,5.63,222.59,9.94
2020-11-04 00:00:00+00:00,Nordrhein-Westfalen,Soest,14.24,43,1,0.33,1303,23,1.77,431.6,7.62,0.43,301902,83.8,1.98,212.65,8.61
2020-11-03 00:00:00+00:00,Nordrhein-Westfalen,Soest,14.24,43,0,0.0,1260,22,1.75,417.35,7.29,0.42,301902,81.82,8.28,204.04,11.92
2020-11-02 00:00:00+00:00,Nordrhein-Westfalen,Soest,10.27,31,1,0.33,1217,22,1.81,403.11,7.29,0.4,301902,73.54,-0.33,192.12,8.61
2020-11-01 00:00:00+00:00,Nordrhein-Westfalen,Soest,10.6,32,0,0.0,1186,21,1.77,392.84,6.96,0.39,301902,73.87,3.64,183.51,8.28
2020-10-31 00:00:00+00:00,Nordrhein-Westfalen,Soest,10.93,33,1,0.33,1154,21,1.82,382.24,6.96,0.38,301902,70.23,2.32,175.23,4.64
2020-10-30 00:00:00+00:00,Nordrhein-Westfalen,Soest,13.91,42,2,0.66,1121,20,1.78,371.31,6.62,0.37,301902,67.91,5.96,170.59,11.92
2020-10-29 00:00:00+00:00,Nordrhein-Westfalen,Soest,9.61,29,0,0.0,1079,18,1.67,357.4,5.96,0.36,301902,61.95,1.33,158.67,7.29
2020-10-28 00:00:00+00:00,Nordrhein-Westfalen,Soest,12.26,37,0,0.0,1050,18,1.71,347.79,5.96,0.35,301902,60.62,1.99,151.38,8.95
2020-10-27 00:00:00+00:00,Nordrhein-Westfalen,Soest,5.96,18,0,0.0,1013,18,1.78,335.54,5.96,0.34,301902,58.63,-3.98,142.43,1.32
2020-10-26 00:00:00+00:00,Nordrhein-Westfalen,Soest,10.6,32,2,0.66,995,18,1.81,329.58,5.96,0.33,301902,62.61,5.63,141.11,9.28
2020-10-25 00:00:00+00:00,Nordrhein-Westfalen,Soest,6.96,21,1,0.33,963,16,1.66,318.98,5.3,0.32,301902,56.98,2.99,131.83,5.64
2020-10-24 00:00:00+00:00,Nordrhein-Westfalen,Soest,8.61,26,1,0.33,942,15,1.59,312.02,4.97,0.31,301902,53.99,6.29,126.19,7.62
2020-10-23 00:00:00+00:00,Nordrhein-Westfalen,Soest,7.95,24,0,0.0,916,14,1.53,303.41,4.64,0.3,301902,47.7,2.98,118.57,6.63
2020-10-22 00:00:00+00:00,Nordrhein-Westfalen,Soest,8.28,25,0,0.0,892,14,1.57,295.46,4.64,0.3,301902,44.72,5.96,111.94,6.29
2020-10-21 00:00:00+00:00,Nordrhein-Westfalen,Soest,10.27,31,1,0.33,867,14,1.61,287.18,4.64,0.29,301902,38.76,4.64,105.65,8.28
2020-10-20 00:00:00+00:00,Nordrhein-Westfalen,Soest,9.94,30,0,0.0,836,13,1.56,276.91,4.31,0.28,301902,34.12,5.97,97.37,8.28
2020-10-19 00:00:00+00:00,Nordrhein-Westfalen,Soest,4.97,15,0,0.0,806,13,1.61,266.97,4.31,0.27,301902,28.15,0.0,89.09,3.98
2020-10-18 00:00:00+00:00,Nordrhein-Westfalen,Soest,3.97,12,1,0.33,791,13,1.64,262.01,4.31,0.26,301902,28.15,1.65,85.11,3.31
2020-10-17 00:00:00+00:00,Nordrhein-Westfalen,Soest,2.32,7,0,0.0,779,12,1.54,258.03,3.97,0.26,301902,26.5,-1.32,81.8,1.0
2020-10-16 00:00:00+00:00,Nordrhein-Westfalen,Soest,4.97,15,0,0.0,772,12,1.55,255.71,3.97,0.26,301902,27.82,1.33,80.8,3.65
2020-10-15 00:00:00+00:00,Nordrhein-Westfalen,Soest,2.32,7,0,0.0,757,12,1.59,250.74,3.97,0.25,301902,26.49,-2.98,77.15,2.32
2020-10-14 00:00:00+00:00,Nordrhein-Westfalen,Soest,5.63,17,1,0.33,750,12,1.6,248.42,3.97,0.25,301902,29.47,0.0,74.83,5.3
2020-10-13 00:00:00+00:00,Nordrhein-Westfalen,Soest,3.97,12,0,0.0,733,11,1.5,242.79,3.64,0.24,301902,29.47,1.65,69.53,3.97
2020-10-12 00:00:00+00:00,Nordrhein-Westfalen,Soest,4.97,15,0,0.0,721,11,1.53,238.82,3.64,0.24,301902,27.82,3.31,65.56,3.65
2020-10-11 00:00:00+00:00,Nordrhein-Westfalen,Soest,2.32,7,0,0.0,706,11,1.56,233.85,3.64,0.23,301902,24.51,0.0,61.91,1.99
2020-10-10 00:00:00+00:00,Nordrhein-Westfalen,Soest,3.64,11,0,0.0,699,11,1.57,231.53,3.64,0.23,301902,24.51,-2.65,59.92,3.31
2020-10-09 00:00:00+00:00,Nordrhein-Westfalen,Soest,3.64,11,0,0.0,688,11,1.6,227.89,3.64,0.23,301902,27.16,1.65,56.61,2.65
2020-10-08 00:00:00+00:00,Nordrhein-Westfalen,Soest,5.3,16,1,0.33,677,11,1.62,224.24,3.64,0.22,301902,25.51,2.98,53.96,5.3
2020-10-07 00:00:00+00:00,Nordrhein-Westfalen,Soest,5.63,17,1,0.33,661,10,1.51,218.95,3.31,0.22,301902,22.53,2.32,48.66,4.31
2020-10-06 00:00:00+00:00,Nordrhein-Westfalen,Soest,2.32,7,0,0.0,644,9,1.4,213.31,2.98,0.21,301902,20.21,-2.32,44.35,2.32
2020-10-05 00:00:00+00:00,Nordrhein-Westfalen,Soest,1.66,5,0,0.0,637,9,1.41,211.0,2.98,0.21,301902,22.53,0.34,42.03,1.33
2020-10-04 00:00:00+00:00,Nordrhein-Westfalen,Soest,2.32,7,0,0.0,632,9,1.42,209.34,2.98,0.21,301902,22.19,1.0,40.7,1.99
2020-10-03 00:00:00+00:00,Nordrhein-Westfalen,Soest,6.29,19,0,0.0,625,9,1.44,207.02,2.98,0.21,301902,21.19,5.3,38.71,5.96
2020-10-02 00:00:00+00:00,Nordrhein-Westfalen,Soest,1.99,6,0,0.0,606,9,1.49,200.73,2.98,0.2,301902,15.89,0.67,32.75,0.0
2020-10-01 00:00:00+00:00,Nordrhein-Westfalen,Soest,2.32,7,0,0.0,600,9,1.5,198.74,2.98,0.2,301902,15.22,0.33,32.75,1.66
2020-09-30 00:00:00+00:00,Nordrhein-Westfalen,Soest,3.31,10,0,0.0,593,9,1.52,196.42,2.98,0.2,301902,14.89,1.32,31.09,2.32
2020-09-29 00:00:00+00:00,Nordrhein-Westfalen,Soest,4.64,14,0,0.0,583,9,1.54,193.11,2.98,0.19,301902,13.57,2.98,28.77,4.31
2020-09-28 00:00:00+00:00,Nordrhein-Westfalen,Soest,1.32,4,0,0.0,569,9,1.58,188.47,2.98,0.19,301902,10.59,0.33,24.46,0.99
2020-09-27 00:00:00+00:00,Nordrhein-Westfalen,Soest,1.32,4,0,0.0,565,9,1.59,187.15,2.98,0.19,301902,10.26,0.66,23.47,0.99
2020-09-26 00:00:00+00:00,Nordrhein-Westfalen,Soest,0.99,3,0,0.0,561,9,1.6,185.82,2.98,0.19,301902,9.6,-0.33,22.48,-0.33
2020-09-25 00:00:00+00:00,Nordrhein-Westfalen,Soest,1.32,4,0,0.0,558,9,1.61,184.83,2.98,0.18,301902,9.93,0.0,22.81,0.99
2020-09-24 00:00:00+00:00,Nordrhein-Westfalen,Soest,1.99,6,0,0.0,554,9,1.62,183.5,2.98,0.18,301902,9.93,1.99,21.82,1.99
2020-09-23 00:00:00+00:00,Nordrhein-Westfalen,Soest,1.99,6,0,0.0,548,9,1.64,181.52,2.98,0.18,301902,7.94,1.66,19.83,1.99
2020-09-22 00:00:00+00:00,Nordrhein-Westfalen,Soest,1.66,5,0,0.0,542,9,1.66,179.53,2.98,0.18,301902,6.28,1.66,17.84,1.33
2020-09-21 00:00:00+00:00,Nordrhein-Westfalen,Soest,0.99,3,0,0.0,537,9,1.68,177.87,2.98,0.18,301902,4.62,-0.33,16.51,0.66
2020-09-20 00:00:00+00:00,Nordrhein-Westfalen,Soest,0.66,2,0,0.0,534,9,1.69,176.88,2.98,0.18,301902,4.95,0.33,15.85,0.66
2020-09-19 00:00:00+00:00,Nordrhein-Westfalen,Soest,1.32,4,0,0.0,532,9,1.69,176.22,2.98,0.18,301902,4.62,0.99,15.19,0.66
2020-09-18 00:00:00+00:00,Nordrhein-Westfalen,Soest,1.32,4,0,0.0,528,9,1.7,174.89,2.98,0.17,301902,3.63,0.33,14.53,0.99
2020-09-17 00:00:00+00:00,Nordrhein-Westfalen,Soest,0.0,0,0,0.0,524,9,1.72,173.57,2.98,0.17,301902,3.3,0.0,13.54,0.0
2020-09-16 00:00:00+00:00,Nordrhein-Westfalen,Soest,0.33,1,0,0.0,524,9,1.72,173.57,2.98,0.17,301902,3.3,-0.99,13.54,-0.33
2020-09-15 00:00:00+00:00,Nordrhein-Westfalen,Soest,0.0,0,0,0.0,523,9,1.72,173.24,2.98,0.17,301902,4.29,0.0,13.87,-0.66
2020-09-14 00:00:00+00:00,Nordrhein-Westfalen,Soest,1.32,4,0,0.0,523,9,1.72,173.24,2.98,0.17,301902,4.29,0.99,14.53,0.99
2020-09-13 00:00:00+00:00,Nordrhein-Westfalen,Soest,0.33,1,1,0.33,519,9,1.73,171.91,2.98,0.17,301902,3.3,0.0,13.54,-0.33
2020-09-12 00:00:00+00:00,Nordrhein-Westfalen,Soest,0.33,1,0,0.0,518,8,1.54,171.58,2.65,0.17,301902,3.3,0.0,13.87,0.0
2020-09-11 00:00:00+00:00,Nordrhein-Westfalen,Soest,0.99,3,0,0.0,517,8,1.55,171.25,2.65,0.17,301902,3.3,-1.0,13.87,-0.33
2020-09-10 00:00:00+00:00,Nordrhein-Westfalen,Soest,0.0,0,0,0.0,514,8,1.56,170.25,2.65,0.17,301902,4.3,-0.66,14.2,-0.66
2020-09-09 00:00:00+00:00,Nordrhein-Westfalen,Soest,1.32,4,0,0.0,514,8,1.56,170.25,2.65,0.17,301902,4.96,0.33,14.86,1.32
2020-09-08 00:00:00+00:00,Nordrhein-Westfalen,Soest,0.0,0,0,0.0,510,8,1.57,168.93,2.65,0.17,301902,4.63,-0.33,13.54,-0.99
2020-09-07 00:00:00+00:00,Nordrhein-Westfalen,Soest,0.33,1,0,0.0,510,8,1.57,168.93,2.65,0.17,301902,4.96,0.0,14.53,0.33
2020-09-06 00:00:00+00:00,Nordrhein-Westfalen,Soest,0.33,1,0,0.0,509,8,1.57,168.6,2.65,0.17,301902,4.96,0.0,14.2,0.33
2020-09-05 00:00:00+00:00,Nordrhein-Westfalen,Soest,0.33,1,0,0.0,508,8,1.57,168.27,2.65,0.17,301902,4.96,-0.99,13.87,-0.99
2020-09-04 00:00:00+00:00,Nordrhein-Westfalen,Soest,1.99,6,0,0.0,507,8,1.58,167.94,2.65,0.17,301902,5.95,1.66,14.86,0.0
2020-09-03 00:00:00+00:00,Nordrhein-Westfalen,Soest,0.66,2,0,0.0,501,8,1.6,165.95,2.65,0.17,301902,4.29,0.66,14.86,-1.33
2020-09-02 00:00:00+00:00,Nordrhein-Westfalen,Soest,0.99,3,0,0.0,499,8,1.6,165.29,2.65,0.17,301902,3.63,0.99,16.19,-3.65
2020-09-01 00:00:00+00:00,Nordrhein-Westfalen,Soest,0.33,1,0,0.0,496,8,1.61,164.29,2.65,0.16,301902,2.64,0.0,19.84,-1.33
2020-08-31 00:00:00+00:00,Nordrhein-Westfalen,Soest,0.33,1,0,0.0,495,8,1.62,163.96,2.65,0.16,301902,2.64,0.0,21.17,-0.99
2020-08-30 00:00:00+00:00,Nordrhein-Westfalen,Soest,0.33,1,0,0.0,494,8,1.62,163.63,2.65,0.16,301902,2.64,0.33,22.16,-1.33
2020-08-29 00:00:00+00:00,Nordrhein-Westfalen,Soest,1.32,4,0,0.0,493,8,1.62,163.3,2.65,0.16,301902,2.31,0.66,23.49,0.66
2020-08-28 00:00:00+00:00,Nordrhein-Westfalen,Soest,0.33,1,0,0.0,489,8,1.64,161.97,2.65,0.16,301902,1.65,0.0,22.83,-0.99
2020-08-27 00:00:00+00:00,Nordrhein-Westfalen,Soest,0.0,0,0,0.0,488,8,1.64,161.64,2.65,0.16,301902,1.65,0.0,23.82,-0.33
2020-08-26 00:00:00+00:00,Nordrhein-Westfalen,Soest,0.0,0,0,0.0,488,8,1.64,161.64,2.65,0.16,301902,1.65,-0.66,24.15,-0.99
2020-08-25 00:00:00+00:00,Nordrhein-Westfalen,Soest,0.33,1,0,0.0,488,8,1.64,161.64,2.65,0.16,301902,2.31,-0.33,25.14,-0.99
2020-08-24 00:00:00+00:00,Nordrhein-Westfalen,Soest,0.33,1,0,0.0,487,8,1.64,161.31,2.65,0.16,301902,2.64,0.0,26.13,0.0
2020-08-23 00:00:00+00:00,Nordrhein-Westfalen,Soest,0.0,0,0,0.0,486,8,1.65,160.98,2.65,0.16,301902,2.64,-0.66,26.13,-0.33
2020-08-22 00:00:00+00:00,Nordrhein-Westfalen,Soest,0.66,2,0,0.0,486,8,1.65,160.98,2.65,0.16,301902,3.3,0.33,26.46,0.33
2020-08-21 00:00:00+00:00,Nordrhein-Westfalen,Soest,0.33,1,0,0.0,484,8,1.65,160.32,2.65,0.16,301902,2.97,-0.99,26.13,0.0
2020-08-20 00:00:00+00:00,Nordrhein-Westfalen,Soest,0.0,0,0,0.0,483,8,1.66,159.99,2.65,0.16,301902,3.96,-0.66,26.13,0.0
2020-08-19 00:00:00+00:00,Nordrhein-Westfalen,Soest,0.66,2,0,0.0,483,8,1.66,159.99,2.65,0.16,301902,4.62,0.66,26.13,0.66
2020-08-18 00:00:00+00:00,Nordrhein-Westfalen,Soest,0.66,2,0,0.0,481,8,1.66,159.32,2.65,0.16,301902,3.96,-0.33,25.47,0.66
2020-08-17 00:00:00+00:00,Nordrhein-Westfalen,Soest,0.33,1,0,0.0,479,8,1.67,158.66,2.65,0.16,301902,4.29,0.33,24.81,0.0
2020-08-16 00:00:00+00:00,Nordrhein-Westfalen,Soest,0.66,2,0,0.0,478,8,1.67,158.33,2.65,0.16,301902,3.96,0.66,24.81,0.66
2020-08-15 00:00:00+00:00,Nordrhein-Westfalen,Soest,0.33,1,0,0.0,476,8,1.68,157.67,2.65,0.16,301902,3.3,-0.99,24.15,-0.66
2020-08-14 00:00:00+00:00,Nordrhein-Westfalen,Soest,1.32,4,0,0.0,475,8,1.68,157.34,2.65,0.16,301902,4.29,-0.67,24.81,0.99
2020-08-13 00:00:00+00:00,Nordrhein-Westfalen,Soest,0.66,2,0,0.0,471,8,1.7,156.01,2.65,0.16,301902,4.96,-1.33,23.82,0.33
2020-08-12 00:00:00+00:00,Nordrhein-Westfalen,Soest,0.0,0,0,0.0,469,8,1.71,155.35,2.65,0.16,301902,6.29,-4.64,23.49,0.0
2020-08-11 00:00:00+00:00,Nordrhein-Westfalen,Soest,0.99,3,0,0.0,469,8,1.71,155.35,2.65,0.16,301902,10.93,-0.67,23.49,0.33
2020-08-10 00:00:00+00:00,Nordrhein-Westfalen,Soest,0.0,0,0,0.0,466,8,1.72,154.35,2.65,0.15,301902,11.6,-1.32,23.16,0.0
2020-08-09 00:00:00+00:00,Nordrhein-Westfalen,Soest,0.0,0,0,0.0,466,8,1.72,154.35,2.65,0.15,301902,12.92,-1.66,23.16,0.0
2020-08-08 00:00:00+00:00,Nordrhein-Westfalen,Soest,1.32,4,0,0.0,466,8,1.72,154.35,2.65,0.15,301902,14.58,0.66,23.16,0.99
2020-08-07 00:00:00+00:00,Nordrhein-Westfalen,Soest,1.99,6,0,0.0,462,8,1.73,153.03,2.65,0.15,301902,13.92,0.67,22.17,1.99
2020-08-06 00:00:00+00:00,Nordrhein-Westfalen,Soest,1.99,6,0,0.0,456,8,1.75,151.04,2.65,0.15,301902,13.25,1.66,20.18,1.99
2020-08-05 00:00:00+00:00,Nordrhein-Westfalen,Soest,4.64,14,0,0.0,450,8,1.78,149.05,2.65,0.15,301902,11.59,3.65,18.19,4.64
2020-08-04 00:00:00+00:00,Nordrhein-Westfalen,Soest,1.66,5,0,0.0,436,8,1.83,144.42,2.65,0.14,301902,7.94,0.34,13.55,1.66
2020-08-03 00:00:00+00:00,Nordrhein-Westfalen,Soest,1.32,4,0,0.0,431,8,1.86,142.76,2.65,0.14,301902,7.6,0.99,11.89,0.99
2020-08-02 00:00:00+00:00,Nordrhein-Westfalen,Soest,1.66,5,0,0.0,427,8,1.87,141.44,2.65,0.14,301902,6.61,1.33,10.9,1.33
2020-08-01 00:00:00+00:00,Nordrhein-Westfalen,Soest,0.66,2,0,0.0,422,8,1.9,139.78,2.65,0.14,301902,5.28,0.33,9.57,0.66
2020-07-31 00:00:00+00:00,Nordrhein-Westfalen,Soest,1.32,4,0,0.0,420,8,1.9,139.12,2.65,0.14,301902,4.95,0.99,8.91,1.32
2020-07-30 00:00:00+00:00,Nordrhein-Westfalen,Soest,0.33,1,0,0.0,416,8,1.92,137.79,2.65,0.14,301902,3.96,0.33,7.59,0.0
2020-07-29 00:00:00+00:00,Nordrhein-Westfalen,Soest,0.99,3,0,0.0,415,8,1.93,137.46,2.65,0.14,301902,3.63,0.99,7.59,0.99
2020-07-28 00:00:00+00:00,Nordrhein-Westfalen,Soest,1.32,4,0,0.0,412,8,1.94,136.47,2.65,0.14,301902,2.64,1.32,6.6,0.99
2020-07-27 00:00:00+00:00,Nordrhein-Westfalen,Soest,0.33,1,0,0.0,408,8,1.96,135.14,2.65,0.14,301902,1.32,0.0,5.61,0.33
2020-07-26 00:00:00+00:00,Nordrhein-Westfalen,Soest,0.33,1,0,0.0,407,8,1.97,134.81,2.65,0.13,301902,1.32,0.33,5.28,0.0
2020-07-25 00:00:00+00:00,Nordrhein-Westfalen,Soest,0.33,1,0,0.0,406,8,1.97,134.48,2.65,0.13,301902,0.99,-0.66,5.28,0.0
2020-07-24 00:00:00+00:00,Nordrhein-Westfalen,Soest,0.33,1,0,0.0,405,8,1.98,134.15,2.65,0.13,301902,1.65,0.0,5.28,-0.99
2020-07-23 00:00:00+00:00,Nordrhein-Westfalen,Soest,0.0,0,0,0.0,404,8,1.98,133.82,2.65,0.13,301902,1.65,-0.33,6.27,0.0
2020-07-22 00:00:00+00:00,Nordrhein-Westfalen,Soest,0.0,0,0,0.0,404,8,1.98,133.82,2.65,0.13,301902,1.98,0.0,6.27,-0.66
2020-07-21 00:00:00+00:00,Nordrhein-Westfalen,Soest,0.0,0,0,0.0,404,8,1.98,133.82,2.65,0.13,301902,1.98,-0.66,6.93,-0.66
2020-07-20 00:00:00+00:00,Nordrhein-Westfalen,Soest,0.33,1,0,0.0,404,8,1.98,133.82,2.65,0.13,301902,2.64,0.33,7.59,-0.33
2020-07-19 00:00:00+00:00,Nordrhein-Westfalen,Soest,0.0,0,0,0.0,403,8,1.99,133.49,2.65,0.13,301902,2.31,0.0,7.92,0.0
2020-07-18 00:00:00+00:00,Nordrhein-Westfalen,Soest,0.99,3,0,0.0,403,8,1.99,133.49,2.65,0.13,301902,2.31,0.66,7.92,0.99
2020-07-17 00:00:00+00:00,Nordrhein-Westfalen,Soest,0.33,1,0,0.0,400,8,2.0,132.49,2.65,0.13,301902,1.65,0.33,6.93,-0.33
2020-07-16 00:00:00+00:00,Nordrhein-Westfalen,Soest,0.33,1,0,0.0,399,8,2.01,132.16,2.65,0.13,301902,1.32,0.33,7.26,-0.33
2020-07-15 00:00:00+00:00,Nordrhein-Westfalen,Soest,0.0,0,0,0.0,398,8,2.01,131.83,2.65,0.13,301902,0.99,0.0,7.59,-0.99
2020-07-14 00:00:00+00:00,Nordrhein-Westfalen,Soest,0.66,2,0,0.0,398,8,2.01,131.83,2.65,0.13,301902,0.99,0.66,8.58,0.66
2020-07-13 00:00:00+00:00,Nordrhein-Westfalen,Soest,0.0,0,0,0.0,396,8,2.02,131.17,2.65,0.13,301902,0.33,-0.33,7.92,0.0
2020-07-12 00:00:00+00:00,Nordrhein-Westfalen,Soest,0.0,0,0,0.0,396,8,2.02,131.17,2.65,0.13,301902,0.66,-0.33,7.92,0.0
2020-07-11 00:00:00+00:00,Nordrhein-Westfalen,Soest,0.33,1,0,0.0,396,8,2.02,131.17,2.65,0.13,301902,0.99,0.33,7.92,-1.33
2020-07-10 00:00:00+00:00,Nordrhein-Westfalen,Soest,0.0,0,0,0.0,395,8,2.03,130.84,2.65,0.13,301902,0.66,0.0,9.25,0.0
2020-07-09 00:00:00+00:00,Nordrhein-Westfalen,Soest,0.0,0,0,0.0,395,8,2.03,130.84,2.65,0.13,301902,0.66,-0.33,9.25,-0.33
2020-07-08 00:00:00+00:00,Nordrhein-Westfalen,Soest,0.0,0,0,0.0,395,8,2.03,130.84,2.65,0.13,301902,0.99,0.0,9.58,-0.66
2020-07-07 00:00:00+00:00,Nordrhein-Westfalen,Soest,0.0,0,0,0.0,395,8,2.03,130.84,2.65,0.13,301902,0.99,-0.33,10.24,0.0
2020-07-06 00:00:00+00:00,Nordrhein-Westfalen,Soest,0.33,1,0,0.0,395,8,2.03,130.84,2.65,0.13,301902,1.32,0.33,10.24,0.0
2020-07-05 00:00:00+00:00,Nordrhein-Westfalen,Soest,0.33,1,0,0.0,394,8,2.03,130.51,2.65,0.13,301902,0.99,0.0,10.24,0.33
2020-07-04 00:00:00+00:00,Nordrhein-Westfalen,Soest,0.0,0,0,0.0,393,8,2.04,130.17,2.65,0.13,301902,0.99,-0.33,9.91,0.0
2020-07-03 00:00:00+00:00,Nordrhein-Westfalen,Soest,0.0,0,0,0.0,393,8,2.04,130.17,2.65,0.13,301902,1.32,-1.32,9.91,0.0
2020-07-02 00:00:00+00:00,Nordrhein-Westfalen,Soest,0.33,1,0,0.0,393,8,2.04,130.17,2.65,0.13,301902,2.64,0.33,9.91,0.33
2020-07-01 00:00:00+00:00,Nordrhein-Westfalen,Soest,0.0,0,0,0.0,392,8,2.04,129.84,2.65,0.13,301902,2.31,-0.66,9.58,0.0
2020-06-30 00:00:00+00:00,Nordrhein-Westfalen,Soest,0.33,1,0,0.0,392,8,2.04,129.84,2.65,0.13,301902,2.97,-0.33,9.58,0.0
2020-06-29 00:00:00+00:00,Nordrhein-Westfalen,Soest,0.0,0,0,0.0,391,8,2.05,129.51,2.65,0.13,301902,3.3,-0.66,9.58,0.0
2020-06-28 00:00:00+00:00,Nordrhein-Westfalen,Soest,0.33,1,0,0.0,391,8,2.05,129.51,2.65,0.13,301902,3.96,0.33,9.58,0.33
2020-06-27 00:00:00+00:00,Nordrhein-Westfalen,Soest,0.33,1,0,0.0,390,8,2.05,129.18,2.65,0.13,301902,3.63,0.33,9.25,0.0
2020-06-26 00:00:00+00:00,Nordrhein-Westfalen,Soest,1.32,4,0,0.0,389,8,2.06,128.85,2.65,0.13,301902,3.3,0.66,9.25,1.32
2020-06-25 00:00:00+00:00,Nordrhein-Westfalen,Soest,0.0,0,0,0.0,385,8,2.08,127.52,2.65,0.13,301902,2.64,-0.66,7.93,0.0
2020-06-24 00:00:00+00:00,Nordrhein-Westfalen,Soest,0.66,2,0,0.0,385,8,2.08,127.52,2.65,0.13,301902,3.3,-0.33,7.93,0.33
2020-06-23 00:00:00+00:00,Nordrhein-Westfalen,Soest,0.66,2,0,0.0,383,8,2.09,126.86,2.65,0.13,301902,3.63,0.66,7.6,0.66
2020-06-22 00:00:00+00:00,Nordrhein-Westfalen,Soest,0.66,2,0,0.0,381,8,2.1,126.2,2.65,0.13,301902,2.97,0.66,6.94,0.66
2020-06-21 00:00:00+00:00,Nordrhein-Westfalen,Soest,0.0,0,0,0.0,379,8,2.11,125.54,2.65,0.13,301902,2.31,0.0,6.28,0.0
2020-06-20 00:00:00+00:00,Nordrhein-Westfalen,Soest,0.0,0,0,0.0,379,8,2.11,125.54,2.65,0.13,301902,2.31,-1.66,6.28,-0.33
2020-06-19 00:00:00+00:00,Nordrhein-Westfalen,Soest,0.66,2,0,0.0,379,8,2.11,125.54,2.65,0.13,301902,3.97,0.66,6.61,0.66
2020-06-18 00:00:00+00:00,Nordrhein-Westfalen,Soest,0.66,2,0,0.0,377,8,2.12,124.87,2.65,0.12,301902,3.31,0.33,5.95,0.66
2020-06-17 00:00:00+00:00,Nordrhein-Westfalen,Soest,0.99,3,0,0.0,375,8,2.13,124.21,2.65,0.12,301902,2.98,0.33,5.29,0.66
2020-06-16 00:00:00+00:00,Nordrhein-Westfalen,Soest,0.0,0,0,0.0,372,8,2.15,123.22,2.65,0.12,301902,2.65,0.0,4.63,0.0
2020-06-15 00:00:00+00:00,Nordrhein-Westfalen,Soest,0.0,0,0,0.0,372,8,2.15,123.22,2.65,0.12,301902,2.65,-0.33,4.63,0.0
2020-06-14 00:00:00+00:00,Nordrhein-Westfalen,Soest,0.0,0,0,0.0,372,8,2.15,123.22,2.65,0.12,301902,2.98,0.0,4.63,0.0
2020-06-13 00:00:00+00:00,Nordrhein-Westfalen,Soest,1.66,5,0,0.0,372,8,2.15,123.22,2.65,0.12,301902,2.98,1.66,4.63,1.33
2020-06-12 00:00:00+00:00,Nordrhein-Westfalen,Soest,0.0,0,0,0.0,367,8,2.18,121.56,2.65,0.12,301902,1.32,0.0,3.3,-0.33
2020-06-11 00:00:00+00:00,Nordrhein-Westfalen,Soest,0.33,1,0,0.0,367,8,2.18,121.56,2.65,0.12,301902,1.32,0.33,3.63,0.33
2020-06-10 00:00:00+00:00,Nordrhein-Westfalen,Soest,0.66,2,0,0.0,366,8,2.19,121.23,2.65,0.12,301902,0.99,0.66,3.3,0.66
2020-06-09 00:00:00+00:00,Nordrhein-Westfalen,Soest,0.0,0,0,0.0,364,8,2.2,120.57,2.65,0.12,301902,0.33,-0.33,2.64,-0.33
2020-06-08 00:00:00+00:00,Nordrhein-Westfalen,Soest,0.33,1,0,0.0,364,8,2.2,120.57,2.65,0.12,301902,0.66,0.33,2.97,0.33
2020-06-07 00:00:00+00:00,Nordrhein-Westfalen,Soest,0.0,0,0,0.0,363,8,2.2,120.24,2.65,0.12,301902,0.33,0.0,2.64,-0.99
2020-06-06 00:00:00+00:00,Nordrhein-Westfalen,Soest,0.0,0,0,0.0,363,8,2.2,120.24,2.65,0.12,301902,0.33,-0.33,3.63,0.0
2020-06-05 00:00:00+00:00,Nordrhein-Westfalen,Soest,0.0,0,0,0.0,363,8,2.2,120.24,2.65,0.12,301902,0.66,0.0,3.63,0.0
2020-06-04 00:00:00+00:00,Nordrhein-Westfalen,Soest,0.0,0,0,0.0,363,8,2.2,120.24,2.65,0.12,301902,0.66,0.0,3.63,-0.33
2020-06-03 00:00:00+00:00,Nordrhein-Westfalen,Soest,0.0,0,0,0.0,363,8,2.2,120.24,2.65,0.12,301902,0.66,-0.33,3.96,0.0
2020-06-02 00:00:00+00:00,Nordrhein-Westfalen,Soest,0.33,1,0,0.0,363,8,2.2,120.24,2.65,0.12,301902,0.99,0.33,3.96,0.33
2020-06-01 00:00:00+00:00,Nordrhein-Westfalen,Soest,0.0,0,0,0.0,362,8,2.21,119.91,2.65,0.12,301902,0.66,0.0,3.63,0.0
2020-05-31 00:00:00+00:00,Nordrhein-Westfalen,Soest,0.0,0,0,0.0,362,8,2.21,119.91,2.65,0.12,301902,0.66,0.0,3.63,0.0
2020-05-30 00:00:00+00:00,Nordrhein-Westfalen,Soest,0.33,1,0,0.0,362,8,2.21,119.91,2.65,0.12,301902,0.66,0.0,3.63,0.0
2020-05-29 00:00:00+00:00,Nordrhein-Westfalen,Soest,0.0,0,0,0.0,361,8,2.22,119.58,2.65,0.12,301902,0.66,0.0,3.63,-0.33
2020-05-28 00:00:00+00:00,Nordrhein-Westfalen,Soest,0.0,0,0,0.0,361,8,2.22,119.58,2.65,0.12,301902,0.66,0.0,3.96,0.0
2020-05-27 00:00:00+00:00,Nordrhein-Westfalen,Soest,0.33,1,0,0.0,361,8,2.22,119.58,2.65,0.12,301902,0.66,0.0,3.96,-0.66
2020-05-26 00:00:00+00:00,Nordrhein-Westfalen,Soest,0.0,0,0,0.0,360,8,2.22,119.24,2.65,0.12,301902,0.66,0.0,4.62,-0.33
2020-05-25 00:00:00+00:00,Nordrhein-Westfalen,Soest,0.0,0,0,0.0,360,8,2.22,119.24,2.65,0.12,301902,0.66,0.0,4.95,-0.66
2020-05-24 00:00:00+00:00,Nordrhein-Westfalen,Soest,0.0,0,0,0.0,360,8,2.22,119.24,2.65,0.12,301902,0.66,0.0,5.61,0.0
2020-05-23 00:00:00+00:00,Nordrhein-Westfalen,Soest,0.33,1,0,0.0,360,8,2.22,119.24,2.65,0.12,301902,0.66,0.0,5.61,-0.66
2020-05-22 00:00:00+00:00,Nordrhein-Westfalen,Soest,0.0,0,0,0.0,359,8,2.23,118.91,2.65,0.12,301902,0.66,-0.33,6.27,-1.32
2020-05-21 00:00:00+00:00,Nordrhein-Westfalen,Soest,0.0,0,0,0.0,359,8,2.23,118.91,2.65,0.12,301902,0.99,0.0,7.59,-0.33
2020-05-20 00:00:00+00:00,Nordrhein-Westfalen,Soest,0.33,1,0,0.0,359,8,2.23,118.91,2.65,0.12,301902,0.99,0.33,7.92,0.0
2020-05-19 00:00:00+00:00,Nordrhein-Westfalen,Soest,0.0,0,0,0.0,358,8,2.23,118.58,2.65,0.12,301902,0.66,-0.33,7.92,0.0
2020-05-18 00:00:00+00:00,Nordrhein-Westfalen,Soest,0.0,0,0,0.0,358,8,2.23,118.58,2.65,0.12,301902,0.99,0.0,7.92,0.0
2020-05-17 00:00:00+00:00,Nordrhein-Westfalen,Soest,0.0,0,0,0.0,358,8,2.23,118.58,2.65,0.12,301902,0.99,-0.99,7.92,-0.33
2020-05-16 00:00:00+00:00,Nordrhein-Westfalen,Soest,0.33,1,0,0.0,358,8,2.23,118.58,2.65,0.12,301902,1.98,0.33,8.25,-0.33
2020-05-15 00:00:00+00:00,Nordrhein-Westfalen,Soest,0.33,1,0,0.0,357,8,2.24,118.25,2.65,0.12,301902,1.65,0.33,8.58,0.33
2020-05-14 00:00:00+00:00,Nordrhein-Westfalen,Soest,0.0,0,0,0.0,356,8,2.25,117.92,2.65,0.12,301902,1.32,-0.33,8.25,-0.66
2020-05-13 00:00:00+00:00,Nordrhein-Westfalen,Soest,0.0,0,0,0.0,356,8,2.25,117.92,2.65,0.12,301902,1.65,0.0,8.91,-0.66
2020-05-12 00:00:00+00:00,Nordrhein-Westfalen,Soest,0.33,1,0,0.0,356,8,2.25,117.92,2.65,0.12,301902,1.65,0.33,9.57,0.33
2020-05-11 00:00:00+00:00,Nordrhein-Westfalen,Soest,0.0,0,0,0.0,355,8,2.25,117.59,2.65,0.12,301902,1.32,0.0,9.24,-0.66
2020-05-10 00:00:00+00:00,Nordrhein-Westfalen,Soest,0.99,3,0,0.0,355,8,2.25,117.59,2.65,0.12,301902,1.32,0.99,9.9,-0.33
2020-05-09 00:00:00+00:00,Nordrhein-Westfalen,Soest,0.0,0,0,0.0,352,8,2.27,116.59,2.65,0.12,301902,0.33,-0.33,10.23,-0.99
2020-05-08 00:00:00+00:00,Nordrhein-Westfalen,Soest,0.0,0,0,0.0,352,8,2.27,116.59,2.65,0.12,301902,0.66,-0.33,11.22,-1.99
2020-05-07 00:00:00+00:00,Nordrhein-Westfalen,Soest,0.33,1,0,0.0,352,8,2.27,116.59,2.65,0.12,301902,0.99,0.33,13.21,0.0
2020-05-06 00:00:00+00:00,Nordrhein-Westfalen,Soest,0.0,0,0,0.0,351,8,2.28,116.26,2.65,0.12,301902,0.66,-0.99,13.21,-2.65
2020-05-05 00:00:00+00:00,Nordrhein-Westfalen,Soest,0.0,0,0,0.0,351,8,2.28,116.26,2.65,0.12,301902,1.65,-0.33,15.86,-2.32
2020-05-04 00:00:00+00:00,Nordrhein-Westfalen,Soest,0.0,0,0,0.0,351,8,2.28,116.26,2.65,0.12,301902,1.98,-0.66,18.18,-5.63
2020-05-03 00:00:00+00:00,Nordrhein-Westfalen,Soest,0.0,0,0,0.0,351,8,2.28,116.26,2.65,0.12,301902,2.64,0.0,23.81,-1.99
2020-05-02 00:00:00+00:00,Nordrhein-Westfalen,Soest,0.33,1,0,0.0,351,8,2.28,116.26,2.65,0.12,301902,2.64,-0.66,25.8,-2.98
2020-05-01 00:00:00+00:00,Nordrhein-Westfalen,Soest,0.33,1,0,0.0,350,8,2.29,115.93,2.65,0.12,301902,3.3,-0.99,28.78,-2.32
2020-04-30 00:00:00+00:00,Nordrhein-Westfalen,Soest,0.0,0,0,0.0,349,8,2.29,115.6,2.65,0.12,301902,4.29,-0.33,31.1,-2.65
2020-04-29 00:00:00+00:00,Nordrhein-Westfalen,Soest,0.99,3,0,0.0,349,8,2.29,115.6,2.65,0.12,301902,4.62,0.66,33.75,-1.33
2020-04-28 00:00:00+00:00,Nordrhein-Westfalen,Soest,0.33,1,0,0.0,346,8,2.31,114.61,2.65,0.11,301902,3.96,0.33,35.08,-0.99
2020-04-27 00:00:00+00:00,Nordrhein-Westfalen,Soest,0.66,2,0,0.0,345,8,2.32,114.28,2.65,0.11,301902,3.63,0.66,36.07,-2.32
2020-04-26 00:00:00+00:00,Nordrhein-Westfalen,Soest,0.0,0,0,0.0,343,8,2.33,113.61,2.65,0.11,301902,2.97,-0.33,38.39,-1.99
2020-04-25 00:00:00+00:00,Nordrhein-Westfalen,Soest,0.99,3,0,0.0,343,8,2.33,113.61,2.65,0.11,301902,3.3,0.33,40.38,-1.0
2020-04-24 00:00:00+00:00,Nordrhein-Westfalen,Soest,1.32,4,0,0.0,340,8,2.35,112.62,2.65,0.11,301902,2.97,1.32,41.38,-1.0
2020-04-23 00:00:00+00:00,Nordrhein-Westfalen,Soest,0.33,1,0,0.0,336,8,2.38,111.29,2.65,0.11,301902,1.65,-0.33,42.38,-2.65
2020-04-22 00:00:00+00:00,Nordrhein-Westfalen,Soest,0.33,1,0,0.0,335,8,2.39,110.96,2.65,0.11,301902,1.98,-0.33,45.03,-3.31
2020-04-21 00:00:00+00:00,Nordrhein-Westfalen,Soest,0.0,0,0,0.0,334,8,2.4,110.63,2.65,0.11,301902,2.31,0.0,48.34,-5.3
2020-04-20 00:00:00+00:00,Nordrhein-Westfalen,Soest,0.0,0,0,0.0,334,8,2.4,110.63,2.65,0.11,301902,2.31,-0.66,53.64,-3.97
2020-04-19 00:00:00+00:00,Nordrhein-Westfalen,Soest,0.33,1,0,0.0,334,8,2.4,110.63,2.65,0.11,301902,2.97,-0.99,57.61,-2.98
2020-04-18 00:00:00+00:00,Nordrhein-Westfalen,Soest,0.66,2,0,0.0,333,8,2.4,110.3,2.65,0.11,301902,3.96,-0.33,60.59,-2.32
2020-04-17 00:00:00+00:00,Nordrhein-Westfalen,Soest,0.0,0,0,0.0,331,8,2.42,109.64,2.65,0.11,301902,4.29,-1.99,62.91,-2.65
2020-04-16 00:00:00+00:00,Nordrhein-Westfalen,Soest,0.66,2,0,0.0,331,8,2.42,109.64,2.65,0.11,301902,6.28,0.33,65.56,-2.98
2020-04-15 00:00:00+00:00,Nordrhein-Westfalen,Soest,0.66,2,0,0.0,329,8,2.43,108.98,2.65,0.11,301902,5.95,-1.99,68.54,-3.65
2020-04-14 00:00:00+00:00,Nordrhein-Westfalen,Soest,0.0,0,0,0.0,327,8,2.45,108.31,2.65,0.11,301902,7.94,-2.32,72.19,-4.97
2020-04-13 00:00:00+00:00,Nordrhein-Westfalen,Soest,0.66,2,0,0.0,327,8,2.45,108.31,2.65,0.11,301902,10.26,-4.97,77.16,-4.31
2020-04-12 00:00:00+00:00,Nordrhein-Westfalen,Soest,1.32,4,1,0.33,325,8,2.46,107.65,2.65,0.11,301902,15.23,-0.67,81.47,-2.99
2020-04-11 00:00:00+00:00,Nordrhein-Westfalen,Soest,0.99,3,0,0.0,321,7,2.18,106.33,2.32,0.11,301902,15.9,-2.32,84.46,-1.33
2020-04-10 00:00:00+00:00,Nordrhein-Westfalen,Soest,1.99,6,1,0.33,318,7,2.2,105.33,2.32,0.11,301902,18.22,-0.66,85.79,-2.98
2020-04-09 00:00:00+00:00,Nordrhein-Westfalen,Soest,0.33,1,0,0.0,312,6,1.92,103.34,1.99,0.1,301902,18.88,-2.32,88.77,-3.98
2020-04-08 00:00:00+00:00,Nordrhein-Westfalen,Soest,2.65,8,0,0.0,311,6,1.93,103.01,1.99,0.1,301902,21.2,0.33,92.75,-0.33
2020-04-07 00:00:00+00:00,Nordrhein-Westfalen,Soest,2.32,7,0,0.0,303,6,1.98,100.36,1.99,0.1,301902,20.87,1.0,93.08,0.33
2020-04-06 00:00:00+00:00,Nordrhein-Westfalen,Soest,5.63,17,0,0.0,296,6,2.03,98.05,1.99,0.1,301902,19.87,2.65,92.75,3.31
2020-04-05 00:00:00+00:00,Nordrhein-Westfalen,Soest,1.99,6,0,0.0,279,6,2.15,92.41,1.99,0.09,301902,17.22,0.0,89.44,1.0
2020-04-04 00:00:00+00:00,Nordrhein-Westfalen,Soest,3.31,10,0,0.0,273,6,2.2,90.43,1.99,0.09,301902,17.22,1.32,88.44,2.32
2020-04-03 00:00:00+00:00,Nordrhein-Westfalen,Soest,2.65,8,0,0.0,263,6,2.28,87.11,1.99,0.09,301902,15.9,0.33,86.12,2.32
2020-04-02 00:00:00+00:00,Nordrhein-Westfalen,Soest,2.65,8,1,0.33,255,6,2.35,84.46,1.99,0.08,301902,15.57,-0.33,83.8,2.65
2020-04-01 00:00:00+00:00,Nordrhein-Westfalen,Soest,2.32,7,0,0.0,247,5,2.02,81.81,1.66,0.08,301902,15.9,-1.32,81.15,2.32
2020-03-31 00:00:00+00:00,Nordrhein-Westfalen,Soest,1.32,4,0,0.0,240,5,2.08,79.5,1.66,0.08,301902,17.22,-3.98,78.83,1.32
2020-03-30 00:00:00+00:00,Nordrhein-Westfalen,Soest,2.98,9,1,0.33,236,5,2.12,78.17,1.66,0.08,301902,21.2,-0.99,77.51,2.98
2020-03-29 00:00:00+00:00,Nordrhein-Westfalen,Soest,1.99,6,0,0.0,227,4,1.76,75.19,1.32,0.08,301902,22.19,-1.32,74.53,1.99
2020-03-28 00:00:00+00:00,Nordrhein-Westfalen,Soest,1.99,6,0,0.0,221,4,1.81,73.2,1.32,0.07,301902,23.51,-0.99,72.54,1.99
2020-03-27 00:00:00+00:00,Nordrhein-Westfalen,Soest,2.32,7,2,0.66,215,4,1.86,71.22,1.32,0.07,301902,24.5,-0.33,70.55,2.32
2020-03-26 00:00:00+00:00,Nordrhein-Westfalen,Soest,2.98,9,0,0.0,208,2,0.96,68.9,0.66,0.07,301902,24.83,-0.66,68.23,2.98
2020-03-25 00:00:00+00:00,Nordrhein-Westfalen,Soest,3.64,11,1,0.33,199,2,1.01,65.92,0.66,0.07,301902,25.49,-0.67,65.25,3.64
2020-03-24 00:00:00+00:00,Nordrhein-Westfalen,Soest,5.3,16,1,0.33,188,1,0.53,62.27,0.33,0.06,301902,26.16,0.33,61.61,5.3
2020-03-23 00:00:00+00:00,Nordrhein-Westfalen,Soest,3.97,12,0,0.0,172,0,0.0,56.97,0.0,0.06,301902,25.83,-1.0,56.31,3.97
2020-03-22 00:00:00+00:00,Nordrhein-Westfalen,Soest,3.31,10,0,0.0,160,0,0.0,53.0,0.0,0.05,301902,26.83,-1.0,52.34,3.31
2020-03-21 00:00:00+00:00,Nordrhein-Westfalen,Soest,2.98,9,0,0.0,150,0,0.0,49.68,0.0,0.05,301902,27.83,0.66,49.03,2.98
2020-03-20 00:00:00+00:00,Nordrhein-Westfalen,Soest,2.65,8,0,0.0,141,0,0.0,46.7,0.0,0.05,301902,27.17,-2.32,46.05,2.65
2020-03-19 00:00:00+00:00,Nordrhein-Westfalen,Soest,3.64,11,0,0.0,133,0,0.0,44.05,0.0,0.04,301902,29.49,-0.67,43.4,3.64
2020-03-18 00:00:00+00:00,Nordrhein-Westfalen,Soest,4.31,13,0,0.0,122,0,0.0,40.41,0.0,0.04,301902,30.16,1.33,39.76,4.31
2020-03-17 00:00:00+00:00,Nordrhein-Westfalen,Soest,4.97,15,0,0.0,109,0,0.0,36.1,0.0,0.04,301902,28.83,2.98,35.45,4.97
2020-03-16 00:00:00+00:00,Nordrhein-Westfalen,Soest,4.97,15,0,0.0,94,0,0.0,31.14,0.0,0.03,301902,25.85,2.65,30.48,4.97
2020-03-15 00:00:00+00:00,Nordrhein-Westfalen,Soest,4.31,13,0,0.0,79,0,0.0,26.17,0.0,0.03,301902,23.2,3.32,25.51,4.31
2020-03-14 00:00:00+00:00,Nordrhein-Westfalen,Soest,2.32,7,0,0.0,66,0,0.0,21.86,0.0,0.02,301902,19.88,1.33,21.2,2.32
2020-03-13 00:00:00+00:00,Nordrhein-Westfalen,Soest,4.97,15,0,0.0,59,0,0.0,19.54,0.0,0.02,301902,18.55,4.64,18.88,4.97
2020-03-12 00:00:00+00:00,Nordrhein-Westfalen,Soest,4.31,13,0,0.0,44,0,0.0,14.57,0.0,0.01,301902,13.91,4.31,13.91,4.31
2020-03-11 00:00:00+00:00,Nordrhein-Westfalen,Soest,2.98,9,0,0.0,31,0,0.0,10.27,0.0,0.01,301902,9.6,2.98,9.6,2.98
2020-03-10 00:00:00+00:00,Nordrhein-Westfalen,Soest,1.99,6,0,0.0,22,0,0.0,7.29,0.0,0.01,301902,6.62,1.99,6.62,1.99
2020-03-09 00:00:00+00:00,Nordrhein-Westfalen,Soest,2.32,7,0,0.0,16,0,0.0,5.3,0.0,0.01,301902,4.63,2.32,4.63,2.32
2020-03-08 00:00:00+00:00,Nordrhein-Westfalen,Soest,0.99,3,0,0.0,9,0,0.0,2.98,0.0,0.0,301902,2.31,0.99,2.31,0.99
2020-03-07 00:00:00+00:00,Nordrhein-Westfalen,Soest,0.99,3,0,0.0,6,0,0.0,1.99,0.0,0.0,301902,1.32,0.99,1.32,0.99
2020-03-06 00:00:00+00:00,Nordrhein-Westfalen,Soest,0.33,1,0,0.0,3,0,0.0,0.99,0.0,0.0,301902,0.33,0.33,0.33,0.33
2020-03-05 00:00:00+00:00,Nordrhein-Westfalen,Soest,0.0,0,0,0.0,2,0,0.0,0.66,0.0,0.0,301902,0.0,0.0,0.0,0.0
2020-03-04 00:00:00+00:00,Nordrhein-Westfalen,Soest,0.0,0,0,0.0,2,0,0.0,0.66,0.0,0.0,301902,0.0,0.0,0.0,0.0
2020-03-03 00:00:00+00:00,Nordrhein-Westfalen,Soest,0.0,0,0,0.0,2,0,0.0,0.66,0.0,0.0,301902,0.0,0.0,0.0,0.0
2020-03-02 00:00:00+00:00,Nordrhein-Westfalen,Soest,0.0,0,0,0.0,2,0,0.0,0.66,0.0,0.0,301902,0.0,0.0,0.0,0.0
2020-03-01 00:00:00+00:00,Nordrhein-Westfalen,Soest,0.0,0,0,0.0,2,0,0.0,0.66,0.0,0.0,301902,0.0,0.0,0.0,0.0
2020-02-29 00:00:00+00:00,Nordrhein-Westfalen,Soest,0.0,0,0,0.0,2,0,0.0,0.66,0.0,0.0,301902,0.0,0.0,0.0,0.0
2020-02-28 00:00:00+00:00,Nordrhein-Westfalen,Soest,0.0,0,0,0.0,2,0,0.0,0.66,0.0,0.0,301902,0.0,0.0,0.0,0.0
2020-02-27 00:00:00+00:00,Nordrhein-Westfalen,Soest,0.0,0,0,0.0,2,0,0.0,0.66,0.0,0.0,301902,0.0,0.0,0.0,0.0
2020-02-26 00:00:00+00:00,Nordrhein-Westfalen,Soest,0.0,0,0,0.0,2,0,0.0,0.66,0.0,0.0,301902,0.0,0.0,0.0,0.0
2020-02-25 00:00:00+00:00,Nordrhein-Westfalen,Soest,0.0,0,0,0.0,2,0,0.0,0.66,0.0,0.0,301902,0.0,0.0,0.0,0.0
2020-02-24 00:00:00+00:00,Nordrhein-Westfalen,Soest,0.0,0,0,0.0,2,0,0.0,0.66,0.0,0.0,301902,0.0,0.0,0.0,0.0
2020-02-23 00:00:00+00:00,Nordrhein-Westfalen,Soest,0.0,0,0,0.0,2,0,0.0,0.66,0.0,0.0,301902,0.0,0.0,0.0,0.0
2020-02-22 00:00:00+00:00,Nordrhein-Westfalen,Soest,0.0,0,0,0.0,2,0,0.0,0.66,0.0,0.0,301902,0.0,0.0,0.0,0.0
2020-02-21 00:00:00+00:00,Nordrhein-Westfalen,Soest,0.0,0,0,0.0,2,0,0.0,0.66,0.0,0.0,301902,0.0,0.0,0.0,0.0
2020-02-20 00:00:00+00:00,Nordrhein-Westfalen,Soest,0.0,0,0,0.0,2,0,0.0,0.66,0.0,0.0,301902,0.0,0.0,0.0,0.0
2020-02-19 00:00:00+00:00,Nordrhein-Westfalen,Soest,0.0,0,0,0.0,2,0,0.0,0.66,0.0,0.0,301902,0.0,0.0,0.0,0.0
2020-02-18 00:00:00+00:00,Nordrhein-Westfalen,Soest,0.0,0,0,0.0,2,0,0.0,0.66,0.0,0.0,301902,0.0,0.0,0.0,0.0
2020-02-17 00:00:00+00:00,Nordrhein-Westfalen,Soest,0.0,0,0,0.0,2,0,0.0,0.66,0.0,0.0,301902,0.0,0.0,0.0,0.0
2020-02-16 00:00:00+00:00,Nordrhein-Westfalen,Soest,0.0,0,0,0.0,2,0,0.0,0.66,0.0,0.0,301902,0.0,0.0,0.0,0.0
2020-02-15 00:00:00+00:00,Nordrhein-Westfalen,Soest,0.0,0,0,0.0,2,0,0.0,0.66,0.0,0.0,301902,0.0,0.0,0.0,0.0
2020-02-14 00:00:00+00:00,Nordrhein-Westfalen,Soest,0.0,0,0,0.0,2,0,0.0,0.66,0.0,0.0,301902,0.0,0.0,0.0,0.0
2020-02-13 00:00:00+00:00,Nordrhein-Westfalen,Soest,0.0,0,0,0.0,2,0,0.0,0.66,0.0,0.0,301902,0.0,0.0,0.0,0.0
2020-02-12 00:00:00+00:00,Nordrhein-Westfalen,Soest,0.0,0,0,0.0,2,0,0.0,0.66,0.0,0.0,301902,0.0,0.0,0.0,0.0
2020-02-11 00:00:00+00:00,Nordrhein-Westfalen,Soest,0.0,0,0,0.0,2,0,0.0,0.66,0.0,0.0,301902,0.0,0.0,0.0,0.0
2020-02-10 00:00:00+00:00,Nordrhein-Westfalen,Soest,0.0,0,0,0.0,2,0,0.0,0.66,0.0,0.0,301902,0.0,0.0,0.0,0.0
2020-02-09 00:00:00+00:00,Nordrhein-Westfalen,Soest,0.0,0,0,0.0,2,0,0.0,0.66,0.0,0.0,301902,0.0,0.0,0.0,0.0
2020-02-08 00:00:00+00:00,Nordrhein-Westfalen,Soest,0.0,0,0,0.0,2,0,0.0,0.66,0.0,0.0,301902,0.0,0.0,0.0,0.0
2020-02-07 00:00:00+00:00,Nordrhein-Westfalen,Soest,0.0,0,0,0.0,2,0,0.0,0.66,0.0,0.0,301902,0.0,0.0,0.0,0.0
2020-02-06 00:00:00+00:00,Nordrhein-Westfalen,Soest,0.0,0,0,0.0,2,0,0.0,0.66,0.0,0.0,301902,0.0,0.0,0.0,0.0
2020-02-05 00:00:00+00:00,Nordrhein-Westfalen,Soest,0.0,0,0,0.0,2,0,0.0,0.66,0.0,0.0,301902,0.0,0.0,0.0,0.0
2020-02-04 00:00:00+00:00,Nordrhein-Westfalen,Soest,0.0,0,0,0.0,2,0,0.0,0.66,0.0,0.0,301902,0.0,0.0,0.0,0.0
2020-02-03 00:00:00+00:00,Nordrhein-Westfalen,Soest,0.0,0,0,0.0,2,0,0.0,0.66,0.0,0.0,301902,0.0,0.0,0.0,-0.33
2020-02-02 00:00:00+00:00,Nordrhein-Westfalen,Soest,0.0,0,0,0.0,2,0,0.0,0.66,0.0,0.0,301902,0.0,0.0,0.33,0.0
2020-02-01 00:00:00+00:00,Nordrhein-Westfalen,Soest,0.0,0,0,0.0,2,0,0.0,0.66,0.0,0.0,301902,0.0,0.0,0.33,0.0
2020-01-31 00:00:00+00:00,Nordrhein-Westfalen,Soest,0.0,0,0,0.0,2,0,0.0,0.66,0.0,0.0,301902,0.0,0.0,0.33,-0.33
2020-01-30 00:00:00+00:00,Nordrhein-Westfalen,Soest,0.0,0,0,0.0,2,0,0.0,0.66,0.0,0.0,301902,0.0,0.0,0.66,0.0
2020-01-29 00:00:00+00:00,Nordrhein-Westfalen,Soest,0.0,0,0,0.0,2,0,0.0,0.66,0.0,0.0,301902,0.0,0.0,0.66,0.0
2020-01-28 00:00:00+00:00,Nordrhein-Westfalen,Soest,0.0,0,0,0.0,2,0,0.0,0.66,0.0,0.0,301902,0.0,0.0,0.66,0.0
2020-01-27 00:00:00+00:00,Nordrhein-Westfalen,Soest,0.0,0,0,0.0,2,0,0.0,0.66,0.0,0.0,301902,0.0,0.0,0.66,0.0
2020-01-26 00:00:00+00:00,Nordrhein-Westfalen,Soest,0.0,0,0,0.0,2,0,0.0,0.66,0.0,0.0,301902,0.0,0.0,0.66,0.0
2020-01-25 00:00:00+00:00,Nordrhein-Westfalen,Soest,0.0,0,0,0.0,2,0,0.0,0.66,0.0,0.0,301902,0.0,0.0,0.66,0.0
2020-01-24 00:00:00+00:00,Nordrhein-Westfalen,Soest,0.0,0,0,0.0,2,0,0.0,0.66,0.0,0.0,301902,0.0,0.0,0.66,0.0
2020-01-23 00:00:00+00:00,Nordrhein-Westfalen,Soest,0.0,0,0,0.0,2,0,0.0,0.66,0.0,0.0,301902,0.0,0.0,0.66,0.0
2020-01-22 00:00:00+00:00,Nordrhein-Westfalen,Soest,0.0,0,0,0.0,2,0,0.0,0.66,0.0,0.0,301902,0.0,0.0,0.66,0.0
2020-01-21 00:00:00+00:00,Nordrhein-Westfalen,Soest,0.0,0,0,0.0,2,0,0.0,0.66,0.0,0.0,301902,0.0,0.0,0.66,0.0
2020-01-20 00:00:00+00:00,Nordrhein-Westfalen,Soest,0.0,0,0,0.0,2,0,0.0,0.66,0.0,0.0,301902,0.0,0.0,0.66,0.0
2020-01-19 00:00:00+00:00,Nordrhein-Westfalen,Soest,0.0,0,0,0.0,2,0,0.0,0.66,0.0,0.0,301902,0.0,0.0,0.66,0.0
2020-01-18 00:00:00+00:00,Nordrhein-Westfalen,Soest,0.0,0,0,0.0,2,0,0.0,0.66,0.0,0.0,301902,0.0,0.0,0.66,0.0
2020-01-17 00:00:00+00:00,Nordrhein-Westfalen,Soest,0.0,0,0,0.0,2,0,0.0,0.66,0.0,0.0,301902,0.0,0.0,0.66,0.0
2020-01-16 00:00:00+00:00,Nordrhein-Westfalen,Soest,0.0,0,0,0.0,2,0,0.0,0.66,0.0,0.0,301902,0.0,0.0,0.66,0.0
2020-01-15 00:00:00+00:00,Nordrhein-Westfalen,Soest,0.0,0,0,0.0,2,0,0.0,0.66,0.0,0.0,301902,0.0,0.0,0.66,0.0
2020-01-14 00:00:00+00:00,Nordrhein-Westfalen,Soest,0.0,0,0,0.0,2,0,0.0,0.66,0.0,0.0,301902,0.0,0.0,0.66,0.0
2020-01-13 00:00:00+00:00,Nordrhein-Westfalen,Soest,0.0,0,0,0.0,2,0,0.0,0.66,0.0,0.0,301902,0.0,-0.33,0.66,0.0
2020-01-12 00:00:00+00:00,Nordrhein-Westfalen,Soest,0.0,0,0,0.0,2,0,0.0,0.66,0.0,0.0,301902,0.33,0.0,0.66,0.0
2020-01-11 00:00:00+00:00,Nordrhein-Westfalen,Soest,0.0,0,0,0.0,2,0,0.0,0.66,0.0,0.0,301902,0.33,0.0,0.66,0.0
2020-01-10 00:00:00+00:00,Nordrhein-Westfalen,Soest,0.0,0,0,0.0,2,0,0.0,0.66,0.0,0.0,301902,0.33,-0.33,0.66,0.0
2020-01-09 00:00:00+00:00,Nordrhein-Westfalen,Soest,0.0,0,0,0.0,2,0,0.0,0.66,0.0,0.0,301902,0.66,0.0,0.66,0.0
2020-01-08 00:00:00+00:00,Nordrhein-Westfalen,Soest,0.0,0,0,0.0,2,0,0.0,0.66,0.0,0.0,301902,0.66,0.0,0.66,0.0
2020-01-07 00:00:00+00:00,Nordrhein-Westfalen,Soest,0.0,0,0,0.0,2,0,0.0,0.66,0.0,0.0,301902,0.66,0.0,0.66,0.0
2020-01-06 00:00:00+00:00,Nordrhein-Westfalen,Soest,0.33,1,0,0.0,2,0,0.0,0.66,0.0,0.0,301902,0.66,0.33,0.66,0.33
2020-01-05 00:00:00+00:00,Nordrhein-Westfalen,Soest,0.0,0,0,0.0,1,0,0.0,0.33,0.0,0.0,301902,0.33,0.0,0.33,0.0
2020-01-04 00:00:00+00:00,Nordrhein-Westfalen,Soest,0.0,0,0,0.0,1,0,0.0,0.33,0.0,0.0,301902,0.33,0.0,0.33,0.0
2020-01-03 00:00:00+00:00,Nordrhein-Westfalen,Soest,0.33,1,0,0.0,1,0,0.0,0.33,0.0,0.0,301902,0.33,0.33,0.33,0.33
