date,country,1day_cases_100k,new_cases,new_deaths,new_deaths_100k,total_cases,total_deaths,cfr%,total_cases_100k,total_deaths_100k,%infected,population,pop_density_km2,7day_cases_100k,7day_cases_change,28day_cases_100k,28day_cases_change
2020-12-15,US,60.28,198357,3019,0.92,16716777,303773,1.82,5080.08,92.31,5.08,329064917,35.97,451.44,-6.51,1611.46,11.04
2020-12-14,US,58.59,192805,1523,0.46,16518420,300754,1.82,5019.81,91.4,5.02,329064917,35.97,457.95,0.15,1600.42,10.66
2020-12-13,US,58.16,191378,1389,0.42,16325615,299231,1.83,4961.21,90.93,4.96,329064917,35.97,457.8,4.58,1589.76,16.6
2020-12-12,US,67.14,220945,2352,0.71,16134237,297842,1.85,4903.06,90.51,4.9,329064917,35.97,453.22,1.73,1573.16,16.08
2020-12-11,US,70.85,233133,3306,1.0,15913292,295490,1.86,4835.91,89.8,4.84,329064917,35.97,451.49,1.08,1557.08,16.5
2020-12-10,US,68.71,226085,2743,0.83,15680159,292184,1.86,4765.07,88.79,4.77,329064917,35.97,450.41,1.97,1540.58,19.26
2020-12-09,US,67.71,222803,3106,0.94,15454074,289441,1.87,4696.36,87.96,4.7,329064917,35.97,448.44,6.18,1521.32,23.89
2020-12-08,US,66.79,219772,2536,0.77,15231271,286335,1.88,4628.65,87.01,4.63,329064917,35.97,442.26,11.06,1497.43,24.52
2020-12-07,US,58.44,192321,1413,0.43,15011499,283799,1.89,4561.87,86.24,4.56,329064917,35.97,431.2,10.82,1472.91,21.62
2020-12-06,US,53.58,176327,1106,0.34,14819178,282386,1.91,4503.42,85.81,4.5,329064917,35.97,420.38,11.27,1451.29,20.0
2020-12-05,US,65.41,215243,2239,0.68,14642851,281280,1.92,4449.84,85.48,4.45,329064917,35.97,409.11,18.16,1431.29,26.34
2020-12-04,US,69.77,229573,2593,0.79,14427608,279041,1.93,4384.43,84.8,4.38,329064917,35.97,390.95,7.18,1404.95,31.24
2020-12-03,US,66.74,219617,2876,0.87,14198035,276448,1.95,4314.66,84.01,4.31,329064917,35.97,383.77,32.76,1373.71,28.15
2020-12-02,US,61.53,202462,2797,0.85,13978418,273572,1.96,4247.92,83.14,4.25,329064917,35.97,351.01,5.73,1345.56,29.96
2020-12-01,US,55.73,183403,2598,0.79,13775956,270775,1.97,4186.39,82.29,4.19,329064917,35.97,345.28,2.59,1315.6,17.59
2020-11-30,US,47.62,156697,1193,0.36,13592553,268177,1.97,4130.66,81.5,4.13,329064917,35.97,342.69,-4.34,1298.01,22.28
2020-11-29,US,42.31,139211,825,0.25,13435856,266984,1.99,4083.04,81.13,4.08,329064917,35.97,347.03,-1.12,1275.73,10.67
2020-11-28,US,47.25,155467,1193,0.36,13296645,266159,2.0,4040.74,80.88,4.04,329064917,35.97,348.15,-7.26,1265.06,20.21
2020-11-27,US,62.59,205954,1411,0.43,13141178,264966,2.02,3993.49,80.52,3.99,329064917,35.97,355.41,2.81,1244.85,32.65
2020-11-26,US,33.98,111811,1226,0.37,12935224,263555,2.04,3930.9,80.09,3.93,329064917,35.97,352.6,-23.49,1212.2,6.58
2020-11-25,US,55.8,183609,2284,0.69,12823413,262329,2.05,3896.92,79.72,3.9,329064917,35.97,376.09,3.61,1205.62,31.9
2020-11-24,US,53.14,174859,2147,0.65,12639804,260045,2.06,3841.13,79.03,3.84,329064917,35.97,372.48,3.9,1173.72,30.04
2020-11-23,US,51.96,170974,933,0.28,12464945,257898,2.07,3787.99,78.37,3.79,329064917,35.97,368.58,4.03,1143.68,31.75
2020-11-22,US,43.43,142903,901,0.27,12293971,256965,2.09,3736.03,78.09,3.74,329064917,35.97,364.55,1.87,1111.93,24.65
2020-11-21,US,54.51,179366,1428,0.43,12151068,256064,2.11,3692.61,77.82,3.69,329064917,35.97,362.68,3.45,1087.28,29.34
2020-11-20,US,59.78,196706,1896,0.58,11971702,254636,2.13,3638.1,77.38,3.64,329064917,35.97,359.23,5.43,1057.94,35.17
2020-11-19,US,57.47,189109,1977,0.6,11774996,252740,2.15,3578.32,76.81,3.58,329064917,35.97,353.8,8.02,1022.77,34.58
2020-11-18,US,52.19,171747,1886,0.57,11585887,250763,2.16,3520.85,76.2,3.52,329064917,35.97,345.78,8.37,988.19,33.04
2020-11-17,US,49.24,162035,1697,0.52,11414140,248877,2.18,3468.66,75.63,3.47,329064917,35.97,337.41,6.97,955.15,30.67
2020-11-16,US,47.93,157716,745,0.23,11252105,247180,2.2,3419.42,75.12,3.42,329064917,35.97,330.44,11.11,924.48,27.61
2020-11-15,US,41.56,136754,633,0.19,11094389,246435,2.22,3371.49,74.89,3.37,329064917,35.97,319.33,7.98,896.87,26.56
2020-11-14,US,51.06,168008,1261,0.38,10957635,245802,2.24,3329.93,74.7,3.33,329064917,35.97,311.35,11.99,870.31,33.75
2020-11-13,US,54.35,178841,1165,0.35,10789627,244541,2.27,3278.87,74.31,3.28,329064917,35.97,299.36,15.82,836.56,33.55
2020-11-12,US,49.45,162730,1205,0.37,10610786,243376,2.29,3224.53,73.96,3.22,329064917,35.97,283.54,10.86,803.01,29.89
2020-11-11,US,43.82,144209,1421,0.43,10448056,242171,2.32,3175.07,73.59,3.18,329064917,35.97,272.68,12.25,773.12,25.74
2020-11-10,US,42.27,139088,1384,0.42,10303847,240750,2.34,3131.25,73.16,3.13,329064917,35.97,260.43,4.13,747.38,26.2
2020-11-09,US,36.82,121171,694,0.21,10164759,239366,2.35,3088.98,72.74,3.09,329064917,35.97,256.3,11.48,721.18,24.51
2020-11-08,US,33.58,110500,479,0.15,10043588,238672,2.38,3052.16,72.53,3.05,329064917,35.97,244.82,1.94,696.67,19.62
2020-11-07,US,39.07,128580,1007,0.31,9933088,238193,2.4,3018.58,72.38,3.02,329064917,35.97,242.88,12.03,677.05,22.64
2020-11-06,US,38.53,126785,1191,0.36,9804508,237186,2.42,2979.51,72.08,2.98,329064917,35.97,230.85,8.59,654.41,21.51
2020-11-05,US,38.59,126976,1147,0.35,9677723,235995,2.44,2940.98,71.72,2.94,329064917,35.97,222.26,11.19,632.9,20.86
2020-11-04,US,31.57,103875,1096,0.33,9550747,234848,2.46,2902.39,71.37,2.9,329064917,35.97,211.07,7.67,612.04,16.18
2020-11-03,US,38.14,125495,1577,0.48,9446872,233752,2.47,2870.82,71.04,2.87,329064917,35.97,203.4,15.04,595.86,24.56
2020-11-02,US,25.34,83389,539,0.16,9321377,232175,2.49,2832.69,70.56,2.83,329064917,35.97,188.36,5.13,571.3,13.54
2020-11-01,US,31.64,104101,414,0.13,9237988,231636,2.51,2807.35,70.39,2.81,329064917,35.97,183.23,12.86,557.76,20.67
2020-10-31,US,27.04,88983,879,0.27,9133887,231222,2.53,2775.71,70.27,2.78,329064917,35.97,170.37,1.87,537.09,12.26
2020-10-30,US,29.94,98519,1027,0.31,9044904,230343,2.55,2748.67,70.0,2.75,329064917,35.97,168.5,5.33,524.83,13.39
2020-10-29,US,27.4,90175,968,0.29,8946385,229316,2.56,2718.73,69.69,2.72,329064917,35.97,163.17,4.51,511.44,13.62
2020-10-28,US,23.9,78634,1014,0.31,8856210,228348,2.58,2691.33,69.39,2.69,329064917,35.97,158.66,4.75,497.82,11.38
2020-10-27,US,23.1,76014,968,0.29,8777576,227334,2.59,2667.43,69.08,2.67,329064917,35.97,153.91,4.53,486.44,10.13
2020-10-26,US,20.21,66508,498,0.15,8701562,226366,2.6,2644.33,68.79,2.64,329064917,35.97,149.38,-0.11,476.31,10.4
2020-10-25,US,18.78,61802,381,0.12,8635054,225868,2.62,2624.12,68.64,2.62,329064917,35.97,149.49,3.78,465.91,7.45
2020-10-24,US,25.17,82821,939,0.29,8573252,225487,2.63,2605.34,68.52,2.61,329064917,35.97,145.71,7.86,458.46,11.68
2020-10-23,US,24.61,80987,952,0.29,8490431,224548,2.64,2580.17,68.24,2.58,329064917,35.97,137.85,3.81,446.78,10.01
2020-10-22,US,22.89,75338,855,0.26,8409444,223596,2.66,2555.56,67.95,2.56,329064917,35.97,134.04,3.33,436.77,9.0
2020-10-21,US,19.15,63028,1160,0.35,8334106,222741,2.67,2532.66,67.69,2.53,329064917,35.97,130.71,1.07,427.77,7.43
2020-10-20,US,18.57,61101,934,0.28,8271078,221581,2.68,2513.51,67.34,2.51,329064917,35.97,129.64,2.5,420.34,6.57
2020-10-19,US,20.32,66863,467,0.14,8209977,220647,2.69,2494.94,67.05,2.49,329064917,35.97,127.14,8.01,413.77,4.67
2020-10-18,US,15.0,49354,435,0.13,8143114,220180,2.7,2474.62,66.91,2.47,329064917,35.97,119.13,1.04,409.1,3.32
2020-10-17,US,17.31,56962,749,0.23,8093760,219745,2.71,2459.62,66.78,2.46,329064917,35.97,118.09,0.88,405.78,4.39
2020-10-16,US,20.8,68449,904,0.27,8036798,218996,2.72,2442.31,66.55,2.44,329064917,35.97,117.21,3.78,401.39,5.99
2020-10-15,US,19.56,64359,819,0.25,7968349,218092,2.74,2421.51,66.28,2.42,329064917,35.97,113.43,1.83,395.4,5.91
2020-10-14,US,18.08,59487,995,0.3,7903990,217273,2.75,2401.95,66.03,2.4,329064917,35.97,111.6,2.69,389.49,6.39
2020-10-13,US,16.07,52879,799,0.24,7844503,216278,2.76,2383.88,65.73,2.38,329064917,35.97,108.91,2.49,383.1,4.1
2020-10-12,US,12.31,40523,338,0.1,7791624,215479,2.77,2367.81,65.48,2.37,329064917,35.97,106.42,0.51,379.0,2.03
2020-10-11,US,13.96,45948,424,0.13,7751101,215141,2.78,2355.49,65.38,2.36,329064917,35.97,105.91,2.99,376.97,3.54
2020-10-10,US,16.43,54074,632,0.19,7705153,214717,2.79,2341.53,65.25,2.34,329064917,35.97,102.92,1.65,373.43,3.97
2020-10-09,US,17.02,55994,961,0.29,7651079,214085,2.8,2325.1,65.06,2.33,329064917,35.97,101.27,0.47,369.46,2.6
2020-10-08,US,17.73,58330,968,0.29,7595085,213124,2.81,2308.08,64.77,2.31,329064917,35.97,100.8,3.95,366.86,6.77
2020-10-07,US,15.39,50642,925,0.28,7536755,212156,2.81,2290.36,64.47,2.29,329064917,35.97,96.85,2.87,360.09,5.09
2020-10-06,US,13.58,44681,702,0.21,7486113,211231,2.82,2274.97,64.19,2.27,329064917,35.97,93.98,0.61,355.0,5.42
2020-10-05,US,11.8,38835,465,0.14,7441432,210529,2.83,2261.39,63.98,2.26,329064917,35.97,93.37,1.99,349.58,4.64
2020-10-04,US,10.97,36092,350,0.11,7402597,210064,2.84,2249.59,63.84,2.25,329064917,35.97,91.38,-0.36,344.94,1.39
2020-10-03,US,14.78,48627,680,0.21,7366505,209714,2.85,2238.62,63.73,2.24,329064917,35.97,91.74,1.29,343.55,1.65
2020-10-02,US,16.55,54469,931,0.28,7317878,209034,2.86,2223.84,63.52,2.22,329064917,35.97,90.45,1.95,341.9,1.32
2020-10-01,US,13.78,45357,850,0.26,7263409,208103,2.87,2207.29,63.24,2.21,329064917,35.97,88.5,-0.11,340.58,0.48
2020-09-30,US,12.52,41196,937,0.28,7218052,207253,2.87,2193.5,62.98,2.19,329064917,35.97,88.61,0.8,340.1,0.08
2020-09-29,US,12.97,42692,903,0.27,7176856,206316,2.87,2180.98,62.7,2.18,329064917,35.97,87.81,0.97,340.02,0.3
2020-09-28,US,9.81,32284,325,0.1,7134164,205413,2.88,2168.01,62.42,2.17,329064917,35.97,86.84,-5.84,339.72,-0.87
2020-09-27,US,11.33,37280,282,0.09,7101880,205088,2.89,2158.2,62.32,2.16,329064917,35.97,92.68,-0.35,340.59,0.76
2020-09-26,US,13.49,44394,750,0.23,7064600,204806,2.9,2146.87,62.24,2.15,329064917,35.97,93.03,0.57,339.83,-0.31
2020-09-25,US,14.6,48054,939,0.29,7020206,204056,2.91,2133.38,62.01,2.13,329064917,35.97,92.46,-0.21,340.14,0.34
2020-09-24,US,13.89,45710,914,0.28,6972152,203117,2.91,2118.78,61.73,2.12,329064917,35.97,92.67,0.24,339.8,0.18
2020-09-23,US,11.72,38581,1089,0.33,6926442,202203,2.92,2104.89,61.45,2.1,329064917,35.97,92.43,0.03,339.62,-2.11
2020-09-22,US,12.0,39482,1021,0.31,6887861,201114,2.92,2093.16,61.12,2.09,329064917,35.97,92.4,0.03,341.73,-0.15
2020-09-21,US,15.65,51495,426,0.13,6848379,200093,2.92,2081.16,60.81,2.08,329064917,35.97,92.37,5.37,341.88,4.58
2020-09-20,US,11.68,38444,241,0.07,6796884,199667,2.94,2065.51,60.68,2.07,329064917,35.97,87.0,1.26,337.3,1.19
2020-09-19,US,12.92,42512,710,0.22,6758440,199426,2.95,2053.83,60.6,2.05,329064917,35.97,85.74,0.46,336.11,-0.35
2020-09-18,US,14.81,48750,920,0.28,6715928,198716,2.96,2040.91,60.39,2.04,329064917,35.97,85.28,0.39,336.46,0.15
2020-09-17,US,13.65,44922,870,0.26,6667178,197796,2.97,2026.1,60.11,2.03,329064917,35.97,84.89,2.69,336.31,0.25
2020-09-16,US,11.69,38460,984,0.3,6622256,196926,2.97,2012.45,59.84,2.01,329064917,35.97,82.2,1.39,336.06,-2.71
2020-09-15,US,11.97,39385,1288,0.39,6583796,195942,2.98,2000.76,59.55,2.0,329064917,35.97,80.81,3.81,338.77,-1.72
2020-09-14,US,10.28,33842,422,0.13,6544411,194654,2.97,1988.79,59.15,1.99,329064917,35.97,77.0,3.12,340.49,-0.81
2020-09-13,US,10.42,34305,389,0.12,6510569,194232,2.98,1978.51,59.03,1.98,329064917,35.97,73.88,0.84,341.3,-2.09
2020-09-12,US,12.46,41003,709,0.22,6476264,193843,2.99,1968.08,58.91,1.97,329064917,35.97,73.04,-0.67,343.39,-1.76
2020-09-11,US,14.42,47439,1203,0.37,6435261,193134,3.0,1955.62,58.69,1.96,329064917,35.97,73.71,-0.81,345.15,-5.26
2020-09-10,US,10.96,36066,912,0.28,6387822,191931,3.0,1941.2,58.33,1.94,329064917,35.97,74.52,-2.34,350.41,-4.76
2020-09-09,US,10.3,33895,1178,0.36,6351756,191019,3.01,1930.24,58.05,1.93,329064917,35.97,76.86,-2.14,355.17,-6.96
2020-09-08,US,8.16,26845,450,0.14,6317861,189841,3.0,1919.94,57.69,1.92,329064917,35.97,79.0,-4.51,362.13,-6.1
2020-09-07,US,7.16,23545,277,0.08,6291016,189391,3.01,1911.79,57.55,1.91,329064917,35.97,83.51,-3.52,368.23,-7.65
2020-09-06,US,9.58,31511,405,0.12,6267471,189114,3.02,1904.63,57.47,1.9,329064917,35.97,87.03,-0.99,375.88,-4.51
2020-09-05,US,13.13,43192,767,0.23,6235960,188709,3.03,1895.05,57.35,1.9,329064917,35.97,88.02,-0.67,380.39,-3.42
2020-09-04,US,15.23,50129,967,0.29,6192768,187942,3.03,1881.93,57.11,1.88,329064917,35.97,88.69,0.97,383.81,-2.49
2020-09-03,US,13.3,43781,1062,0.32,6142639,186975,3.04,1866.7,56.82,1.87,329064917,35.97,87.72,-0.41,386.3,-4.78
2020-09-02,US,12.44,40951,1042,0.32,6098858,185913,3.05,1853.39,56.5,1.85,329064917,35.97,88.13,-1.39,391.08,-4.1
2020-09-01,US,12.67,41677,1059,0.32,6057907,184871,3.05,1840.95,56.18,1.84,329064917,35.97,89.52,0.52,395.18,-4.74
2020-08-31,US,10.68,35138,597,0.18,6016230,183812,3.06,1828.28,55.86,1.83,329064917,35.97,89.0,-0.39,399.92,-2.86
2020-08-30,US,10.57,34787,436,0.13,5981092,183215,3.06,1817.6,55.68,1.82,329064917,35.97,89.39,0.08,402.78,-3.49
2020-08-29,US,13.8,45414,842,0.26,5946305,182779,3.07,1807.03,55.54,1.81,329064917,35.97,89.31,0.53,406.27,-3.78
2020-08-28,US,14.26,46929,969,0.29,5900891,181937,3.08,1793.23,55.29,1.79,329064917,35.97,88.78,-0.4,410.05,-6.38
2020-08-27,US,13.71,45120,1098,0.33,5853962,180968,3.09,1778.97,54.99,1.78,329064917,35.97,89.18,0.31,416.43,-6.83
2020-08-26,US,13.83,45520,1222,0.37,5808842,179870,3.1,1765.26,54.66,1.77,329064917,35.97,88.87,-0.57,423.26,-8.0
2020-08-25,US,12.15,39979,1219,0.37,5763322,178648,3.1,1751.42,54.29,1.75,329064917,35.97,89.44,-1.54,431.26,-7.84
2020-08-24,US,11.07,36432,445,0.14,5723343,177429,3.1,1739.27,53.92,1.74,329064917,35.97,90.98,-0.02,439.1,-5.93
2020-08-23,US,10.49,34510,461,0.14,5686911,176984,3.11,1728.2,53.78,1.73,329064917,35.97,91.0,-2.02,445.03,-6.18
2020-08-22,US,13.27,43653,980,0.3,5652401,176523,3.12,1717.72,53.64,1.72,329064917,35.97,93.02,-0.95,451.21,-6.6
2020-08-21,US,14.66,48253,1103,0.34,5608748,175543,3.13,1704.45,53.35,1.7,329064917,35.97,93.97,-5.02,457.81,-7.59
2020-08-20,US,13.4,44087,1087,0.33,5560495,174440,3.14,1689.79,53.01,1.69,329064917,35.97,98.99,-2.32,465.4,-7.42
2020-08-19,US,14.4,47393,1330,0.4,5516408,173353,3.14,1676.39,52.68,1.68,329064917,35.97,101.31,-2.86,472.82,-7.45
2020-08-18,US,13.69,45034,1323,0.4,5469015,172023,3.15,1661.99,52.28,1.66,329064917,35.97,104.17,-0.57,480.27,-5.83
2020-08-17,US,11.09,36484,448,0.14,5423981,170700,3.15,1648.3,51.87,1.65,329064917,35.97,104.74,-3.72,486.1,-7.59
2020-08-16,US,12.51,41181,580,0.18,5387497,170252,3.16,1637.21,51.74,1.64,329064917,35.97,108.46,-1.58,493.69,-5.94
2020-08-15,US,14.22,46790,1030,0.31,5346316,169672,3.17,1624.7,51.56,1.62,329064917,35.97,110.04,-2.33,499.63,-4.76
2020-08-14,US,19.68,64764,1340,0.41,5299526,168642,3.18,1610.48,51.25,1.61,329064917,35.97,112.37,1.96,504.39,-2.1
2020-08-13,US,15.72,51742,1060,0.32,5234762,167302,3.2,1590.8,50.84,1.59,329064917,35.97,110.41,-2.36,506.49,-7.71
2020-08-12,US,17.26,56811,1510,0.46,5183020,166242,3.21,1575.08,50.52,1.58,329064917,35.97,112.77,0.72,514.2,-3.29
2020-08-11,US,14.26,46910,1049,0.32,5126209,164732,3.21,1557.81,50.06,1.56,329064917,35.97,112.05,-3.15,517.49,-6.23
2020-08-10,US,14.81,48733,542,0.16,5079299,163683,3.22,1543.56,49.74,1.54,329064917,35.97,115.2,1.27,523.72,-3.06
2020-08-09,US,14.09,46369,519,0.16,5030566,163141,3.24,1528.75,49.58,1.53,329064917,35.97,113.93,0.03,526.78,-3.87
2020-08-08,US,16.55,54449,1089,0.33,4984197,162622,3.26,1514.65,49.42,1.51,329064917,35.97,113.9,-1.03,530.65,-1.7
2020-08-07,US,17.72,58322,1236,0.38,4929748,161533,3.28,1498.11,49.09,1.5,329064917,35.97,114.93,-2.92,532.35,-2.9
2020-08-06,US,18.08,59481,1247,0.38,4871426,160297,3.29,1480.38,48.71,1.48,329064917,35.97,117.85,-2.46,535.25,-0.93
2020-08-05,US,16.54,54433,1382,0.42,4811945,159050,3.31,1462.31,48.33,1.46,329064917,35.97,120.31,-5.29,536.18,-1.61
2020-08-04,US,17.41,57283,1356,0.41,4757512,157668,3.31,1445.77,47.91,1.45,329064917,35.97,125.6,-2.58,537.79,-1.05
2020-08-03,US,13.54,44567,551,0.17,4700229,156312,3.33,1428.36,47.5,1.43,329064917,35.97,128.18,-3.46,538.84,0.12
2020-08-02,US,14.06,46269,412,0.13,4655662,155761,3.35,1414.82,47.33,1.41,329064917,35.97,131.64,-2.61,538.72,-1.01
2020-08-01,US,17.58,57839,1111,0.34,4609393,155349,3.37,1400.75,47.21,1.4,329064917,35.97,134.25,-2.29,539.73,3.74
2020-07-31,US,20.64,67911,1245,0.38,4551554,154238,3.39,1383.18,46.87,1.38,329064917,35.97,136.54,-1.61,535.99,4.89
2020-07-30,US,20.54,67599,1216,0.37,4483643,152993,3.41,1362.54,46.49,1.36,329064917,35.97,138.15,-0.28,531.1,3.65
2020-07-29,US,21.83,71832,1413,0.43,4416044,151777,3.44,1342.0,46.12,1.34,329064917,35.97,138.43,-0.02,527.45,6.18
2020-07-28,US,19.99,65785,1370,0.42,4344212,150364,3.46,1320.17,45.69,1.32,329064917,35.97,138.45,0.47,521.27,6.02
2020-07-27,US,17.0,55947,1130,0.34,4278427,148994,3.48,1300.18,45.28,1.3,329064917,35.97,137.98,-1.68,515.25,4.83
2020-07-26,US,16.67,54864,499,0.15,4222480,147864,3.5,1283.18,44.93,1.28,329064917,35.97,139.66,-1.78,510.42,4.39
2020-07-25,US,19.87,65375,873,0.27,4167616,147365,3.54,1266.5,44.78,1.27,329064917,35.97,141.44,0.89,506.03,7.3
2020-07-24,US,22.25,73208,1148,0.35,4102241,146492,3.57,1246.64,44.52,1.25,329064917,35.97,140.55,0.47,498.73,8.47
2020-07-23,US,20.82,68511,1098,0.33,4029033,145344,3.61,1224.39,44.17,1.22,329064917,35.97,140.08,-2.61,490.26,8.56
2020-07-22,US,21.85,71915,1207,0.37,3960522,144246,3.64,1203.57,43.84,1.2,329064917,35.97,142.69,1.3,481.7,11.39
2020-07-21,US,19.52,64239,1107,0.34,3888607,143039,3.68,1181.71,43.47,1.18,329064917,35.97,141.39,-0.97,470.31,8.52
2020-07-20,US,18.68,61477,535,0.16,3824368,141932,3.71,1162.19,43.13,1.16,329064917,35.97,142.36,0.81,461.79,9.36
2020-07-19,US,18.45,60716,462,0.14,3762891,141397,3.76,1143.51,42.97,1.14,329064917,35.97,141.55,0.49,452.43,10.56
2020-07-18,US,18.98,62470,867,0.26,3702175,140935,3.81,1125.06,42.83,1.13,329064917,35.97,141.06,0.73,441.87,9.28
2020-07-17,US,21.78,71672,917,0.28,3639705,140068,3.85,1106.08,42.57,1.11,329064917,35.97,140.33,1.16,432.59,12.37
2020-07-16,US,23.43,77102,963,0.29,3568033,139151,3.9,1084.29,42.29,1.08,329064917,35.97,139.17,4.42,420.22,14.96
2020-07-15,US,20.55,67635,973,0.3,3490931,138188,3.96,1060.86,41.99,1.06,329064917,35.97,134.75,2.4,405.26,12.5
2020-07-14,US,20.49,67427,912,0.28,3423296,137215,4.01,1040.31,41.7,1.04,329064917,35.97,132.35,2.03,392.76,13.29
2020-07-13,US,17.87,58793,374,0.11,3355869,136303,4.06,1019.82,41.42,1.02,329064917,35.97,130.32,4.45,379.47,11.96
2020-07-12,US,17.96,59085,470,0.14,3297076,135929,4.12,1001.95,41.31,1.0,329064917,35.97,125.87,2.89,367.51,12.18
2020-07-11,US,18.25,60038,703,0.21,3237991,135459,4.18,984.0,41.16,0.98,329064917,35.97,122.98,4.41,355.33,10.57
2020-07-10,US,20.62,67859,819,0.25,3177953,134756,4.24,965.75,40.95,0.97,329064917,35.97,118.57,4.87,344.76,13.05
2020-07-09,US,19.01,62567,999,0.3,3110094,133937,4.31,945.13,40.7,0.95,329064917,35.97,113.7,2.12,331.71,12.01
2020-07-08,US,18.15,59740,855,0.26,3047527,132938,4.36,926.12,40.4,0.93,329064917,35.97,111.58,2.5,319.7,11.78
2020-07-07,US,18.46,60755,1210,0.37,2987787,132083,4.42,907.96,40.14,0.91,329064917,35.97,109.08,4.49,307.92,12.88
2020-07-06,US,13.42,44162,364,0.11,2927032,130873,4.47,889.5,39.77,0.89,329064917,35.97,104.59,1.25,295.04,8.1
2020-07-05,US,15.07,49580,297,0.09,2882870,130509,4.53,876.08,39.66,0.88,329064917,35.97,103.34,2.79,286.94,9.7
2020-07-04,US,13.84,45549,280,0.09,2833290,130212,4.6,861.01,39.57,0.86,329064917,35.97,100.55,1.27,277.24,7.34
2020-07-03,US,15.75,51841,659,0.2,2787741,129932,4.66,847.17,39.49,0.85,329064917,35.97,99.28,1.97,269.9,8.05
2020-07-02,US,16.89,55588,722,0.22,2735900,129273,4.73,831.42,39.28,0.83,329064917,35.97,97.31,4.63,261.85,10.4
2020-07-01,US,15.65,51488,691,0.21,2680312,128551,4.8,814.52,39.07,0.81,329064917,35.97,92.68,5.19,251.45,9.57
2020-06-30,US,13.97,45980,639,0.19,2628824,127860,4.86,798.88,38.86,0.8,329064917,35.97,87.49,2.97,241.88,7.47
2020-06-29,US,12.17,40057,390,0.12,2582844,127221,4.93,784.9,38.66,0.78,329064917,35.97,84.52,2.85,234.41,7.03
2020-06-28,US,12.28,40409,285,0.09,2542787,126831,4.99,772.73,38.54,0.77,329064917,35.97,81.67,4.39,227.38,6.49
2020-06-27,US,12.57,41359,503,0.15,2502378,126546,5.06,760.45,38.46,0.76,329064917,35.97,77.28,2.87,220.89,5.33
2020-06-26,US,13.78,45353,624,0.19,2461019,126043,5.12,747.88,38.3,0.75,329064917,35.97,74.41,4.37,215.56,6.41
2020-06-25,US,12.26,40356,548,0.17,2415666,125419,5.19,734.1,38.11,0.73,329064917,35.97,70.04,3.79,209.15,5.31
2020-06-24,US,10.46,34426,762,0.23,2375310,124871,5.26,721.84,37.95,0.72,329064917,35.97,66.25,2.41,203.84,4.83
2020-06-23,US,11.0,36208,839,0.25,2340884,124109,5.3,711.37,37.72,0.71,329064917,35.97,63.84,3.8,199.01,5.09
2020-06-22,US,9.32,30676,389,0.12,2304676,123270,5.35,700.37,37.46,0.7,329064917,35.97,60.04,3.41,193.92,3.74
2020-06-21,US,7.89,25968,296,0.09,2274000,122881,5.4,691.05,37.34,0.69,329064917,35.97,56.63,2.11,190.18,1.83
2020-06-20,US,9.7,31917,609,0.19,2248032,122585,5.45,683.16,37.25,0.68,329064917,35.97,54.52,2.02,188.35,3.29
2020-06-19,US,9.41,30981,662,0.2,2216115,121976,5.5,673.46,37.07,0.67,329064917,35.97,52.5,1.84,185.06,2.33
2020-06-18,US,8.47,27867,705,0.21,2185134,121314,5.55,664.04,36.87,0.66,329064917,35.97,50.66,1.47,182.73,0.61
2020-06-17,US,8.05,26499,728,0.22,2157267,120609,5.59,655.57,36.65,0.66,329064917,35.97,49.19,1.68,182.12,1.04
2020-06-16,US,7.2,23693,823,0.25,2130768,119881,5.63,647.52,36.43,0.65,329064917,35.97,47.51,1.62,181.08,0.8
2020-06-15,US,5.91,19456,387,0.12,2107075,119058,5.65,640.32,36.18,0.64,329064917,35.97,45.89,0.59,180.28,-0.77
2020-06-14,US,5.78,19019,317,0.1,2087619,118671,5.68,634.41,36.06,0.63,329064917,35.97,45.3,0.41,181.05,0.21
2020-06-13,US,7.68,25268,774,0.24,2068600,118354,5.72,628.63,35.97,0.63,329064917,35.97,44.89,1.18,180.84,0.38
2020-06-12,US,7.57,24914,823,0.25,2043332,117580,5.75,620.95,35.73,0.62,329064917,35.97,43.71,-0.13,180.46,-0.1
2020-06-11,US,7.0,23042,856,0.26,2018418,116757,5.78,613.38,35.48,0.61,329064917,35.97,43.84,0.51,180.56,-1.25
2020-06-10,US,6.37,20951,898,0.27,1995376,115901,5.81,606.38,35.22,0.61,329064917,35.97,43.33,0.29,181.81,0.0
2020-06-09,US,5.58,18361,929,0.28,1974425,115003,5.82,600.01,34.95,0.6,329064917,35.97,43.04,-0.92,181.81,-1.33
2020-06-08,US,5.32,17492,499,0.15,1956064,114074,5.83,594.43,34.67,0.59,329064917,35.97,43.96,0.18,183.14,-0.58
2020-06-07,US,5.37,17662,443,0.13,1938572,113575,5.86,589.12,34.51,0.59,329064917,35.97,43.78,-0.42,183.72,-0.36
2020-06-06,US,6.5,21405,700,0.21,1920910,113132,5.89,583.75,34.38,0.58,329064917,35.97,44.2,-0.74,184.08,-1.08
2020-06-05,US,7.7,25349,898,0.27,1899505,112432,5.92,577.24,34.17,0.58,329064917,35.97,44.94,0.33,185.16,-0.43
2020-06-04,US,6.49,21368,1006,0.31,1874156,111534,5.95,569.54,33.89,0.57,329064917,35.97,44.61,-0.46,185.59,-1.94
2020-06-03,US,6.08,20006,994,0.3,1852788,110528,5.97,563.05,33.59,0.56,329064917,35.97,45.07,0.45,187.53,-1.54
2020-06-02,US,6.5,21389,1039,0.32,1832782,109534,5.98,556.97,33.29,0.56,329064917,35.97,44.62,0.59,189.07,-0.95
2020-06-01,US,5.14,16928,781,0.24,1811393,108495,5.99,550.47,32.97,0.55,329064917,35.97,44.03,-0.44,190.02,-1.97
2020-05-31,US,5.79,19037,691,0.21,1794465,107714,6.0,545.32,32.73,0.55,329064917,35.97,44.47,-0.27,191.99,-1.64
2020-05-30,US,7.24,23816,956,0.29,1775428,107023,6.03,539.54,32.52,0.54,329064917,35.97,44.74,0.83,193.63,-1.2
2020-05-29,US,7.37,24255,1162,0.35,1751612,106067,6.06,532.3,32.23,0.53,329064917,35.97,43.91,0.29,194.83,-3.04
2020-05-28,US,6.95,22868,1184,0.36,1727357,104905,6.07,524.93,31.88,0.52,329064917,35.97,43.62,-0.91,197.87,-2.01
2020-05-27,US,5.63,18533,1504,0.46,1704489,103721,6.09,517.98,31.52,0.52,329064917,35.97,44.53,-1.38,199.88,-2.82
2020-05-26,US,5.91,19451,663,0.2,1685956,102217,6.06,512.35,31.06,0.51,329064917,35.97,45.91,-0.49,202.7,-1.58
2020-05-25,US,5.58,18347,561,0.17,1666505,101554,6.09,506.44,30.86,0.51,329064917,35.97,46.4,-1.1,204.28,-1.47
2020-05-24,US,6.06,19946,619,0.19,1648158,100993,6.13,500.86,30.69,0.5,329064917,35.97,47.5,0.49,205.75,-2.1
2020-05-23,US,6.41,21103,1134,0.34,1628212,100374,6.16,494.8,30.5,0.49,329064917,35.97,47.01,-0.89,207.85,-3.18
2020-05-22,US,7.08,23311,1244,0.38,1607109,99240,6.18,488.39,30.16,0.49,329064917,35.97,47.9,-0.59,211.03,-3.18
2020-05-21,US,7.86,25865,1204,0.37,1583798,97996,6.19,481.3,29.78,0.48,329064917,35.97,48.49,-0.39,214.21,-2.22
2020-05-20,US,7.01,23062,1518,0.46,1557933,96792,6.21,473.44,29.41,0.47,329064917,35.97,48.88,0.64,216.43,-1.9
2020-05-19,US,6.4,21055,1519,0.46,1534871,95274,6.21,466.43,28.95,0.47,329064917,35.97,48.24,-0.51,218.33,-1.52
2020-05-18,US,6.68,21987,1172,0.36,1513816,93755,6.19,460.04,28.49,0.46,329064917,35.97,48.75,0.78,219.85,-1.96
2020-05-17,US,5.57,18315,753,0.23,1491829,92583,6.21,453.35,28.14,0.45,329064917,35.97,47.97,-0.16,221.81,-2.24
2020-05-16,US,7.3,24016,1271,0.39,1473514,91830,6.23,447.79,27.91,0.45,329064917,35.97,48.13,-0.28,224.05,-1.19
2020-05-15,US,7.67,25255,1665,0.51,1449498,90559,6.25,440.49,27.52,0.44,329064917,35.97,48.41,-0.46,225.24,-2.26
2020-05-14,US,8.25,27158,1783,0.54,1424243,88894,6.24,432.82,27.01,0.43,329064917,35.97,48.87,-0.18,227.5,-1.29
2020-05-13,US,6.37,20963,1747,0.53,1397085,87111,6.24,424.56,26.47,0.42,329064917,35.97,49.05,-1.25,228.79,-2.8
2020-05-12,US,6.91,22725,1617,0.49,1376122,85364,6.2,418.19,25.94,0.42,329064917,35.97,50.3,-0.54,231.59,-1.77
2020-05-11,US,5.9,19427,1006,0.31,1353397,83747,6.19,411.29,25.45,0.41,329064917,35.97,50.84,-1.21,233.36,-1.94
2020-05-10,US,5.73,18871,905,0.28,1333970,82741,6.2,405.38,25.14,0.41,329064917,35.97,52.05,-1.7,235.3,-2.45
2020-05-09,US,7.58,24948,1540,0.47,1315099,81836,6.22,399.65,24.87,0.4,329064917,35.97,53.75,-0.86,237.75,-1.33
2020-05-08,US,8.13,26749,1743,0.53,1290151,80296,6.22,392.07,24.4,0.39,329064917,35.97,54.61,-2.28,239.08,-2.05
2020-05-07,US,8.43,27736,1929,0.59,1263402,78553,6.22,383.94,23.87,0.38,329064917,35.97,56.89,-0.53,241.13,-2.08
2020-05-06,US,7.62,25089,2344,0.71,1235666,76624,6.2,375.51,23.29,0.38,329064917,35.97,57.42,-0.83,243.21,-2.16
2020-05-05,US,7.45,24510,2293,0.7,1210577,74280,6.14,367.88,22.57,0.37,329064917,35.97,58.25,-0.04,245.37,-2.1
2020-05-04,US,7.11,23382,1319,0.4,1186067,71987,6.07,360.44,21.88,0.36,329064917,35.97,58.29,0.06,247.47,-2.06
2020-05-03,US,7.43,24457,1109,0.34,1162685,70668,6.08,353.33,21.48,0.35,329064917,35.97,58.23,-0.73,249.53,-1.14
2020-05-02,US,8.44,27764,1686,0.51,1138228,69559,6.11,345.9,21.14,0.35,329064917,35.97,58.96,-1.15,250.67,-1.59
2020-05-01,US,10.41,34240,1879,0.57,1110464,67873,6.11,337.46,20.63,0.34,329064917,35.97,60.11,0.15,252.26,0.69
2020-04-30,US,8.96,29487,2416,0.73,1076224,65994,6.13,327.06,20.06,0.33,329064917,35.97,59.96,-1.12,251.57,-0.27
2020-04-29,US,8.45,27811,2526,0.77,1046737,63578,6.07,318.09,19.32,0.32,329064917,35.97,61.08,-0.46,251.84,0.58
2020-04-28,US,7.49,24661,2236,0.68,1018926,61052,5.99,309.64,18.55,0.31,329064917,35.97,61.54,-0.43,251.26,-0.51
2020-04-27,US,7.05,23187,1466,0.45,994265,58816,5.92,302.15,17.87,0.3,329064917,35.97,61.97,-1.59,251.77,0.34
2020-04-26,US,8.16,26844,1336,0.41,971078,57350,5.91,295.1,17.43,0.3,329064917,35.97,63.56,0.35,251.43,2.42
2020-04-25,US,9.59,31572,1703,0.52,944234,56014,5.93,286.94,17.02,0.29,329064917,35.97,63.21,1.1,249.01,3.63
2020-04-24,US,10.26,33751,2158,0.66,912662,54311,5.95,277.35,16.5,0.28,329064917,35.97,62.11,0.33,245.38,4.58
2020-04-23,US,10.08,33184,2466,0.75,878911,52153,5.93,267.09,15.85,0.27,329064917,35.97,61.78,0.54,240.8,4.66
2020-04-22,US,8.91,29314,2440,0.74,845727,49687,5.88,257.01,15.1,0.26,329064917,35.97,61.24,-0.26,236.14,5.24
2020-04-21,US,7.92,26060,2544,0.77,816413,47247,5.79,248.1,14.36,0.25,329064917,35.97,61.5,-0.76,230.9,4.7
2020-04-20,US,8.64,28420,2185,0.66,790353,44703,5.66,240.18,13.58,0.24,329064917,35.97,62.26,0.8,226.2,5.23
2020-04-19,US,7.81,25689,1935,0.59,761933,42518,5.58,231.54,12.92,0.23,329064917,35.97,61.46,-0.37,220.97,5.13
2020-04-18,US,8.49,27927,1967,0.6,736244,40583,5.51,223.74,12.33,0.22,329064917,35.97,61.83,-0.42,215.84,6.67
2020-04-17,US,9.93,32669,2091,0.64,708317,38616,5.45,215.25,11.74,0.22,329064917,35.97,62.25,-0.25,209.17,8.0
2020-04-16,US,9.54,31401,2167,0.66,675648,36525,5.41,205.32,11.1,0.21,329064917,35.97,62.5,-0.97,201.17,8.17
2020-04-15,US,9.17,30165,2608,0.79,644247,34358,5.33,195.78,10.44,0.2,329064917,35.97,63.47,-0.61,193.0,8.36
2020-04-14,US,8.68,28564,2447,0.74,614082,31750,5.17,186.61,9.65,0.19,329064917,35.97,64.08,-0.87,184.64,8.12
2020-04-13,US,7.84,25809,1944,0.59,585518,29303,5.0,177.93,8.9,0.18,329064917,35.97,64.95,-1.33,176.52,7.39
2020-04-12,US,8.18,26927,1814,0.55,559709,27359,4.89,170.09,8.31,0.17,329064917,35.97,66.28,-0.39,169.13,8.11
2020-04-11,US,8.91,29308,2125,0.65,532782,25545,4.79,161.91,7.76,0.16,329064917,35.97,66.67,-1.12,161.02,8.68
2020-04-10,US,10.18,33485,2227,0.68,503474,23420,4.65,153.0,7.12,0.15,329064917,35.97,67.79,0.46,152.34,9.99
2020-04-09,US,10.51,34582,2219,0.67,469989,21193,4.51,142.83,6.44,0.14,329064917,35.97,67.33,1.28,142.35,10.38
2020-04-08,US,9.78,32195,2153,0.65,435407,18974,4.36,132.32,5.77,0.13,329064917,35.97,66.05,1.91,131.97,9.67
2020-04-07,US,9.55,31410,2572,0.78,403212,16821,4.17,122.53,5.11,0.12,329064917,35.97,64.14,1.55,122.3,9.49
2020-04-06,US,9.17,30173,1777,0.54,371802,14249,3.83,112.99,4.33,0.11,329064917,35.97,62.59,2.46,112.81,9.15
2020-04-05,US,8.57,28197,1573,0.48,341629,12472,3.65,103.82,3.79,0.1,329064917,35.97,60.13,2.83,103.66,8.53
2020-04-04,US,10.03,33015,1541,0.47,313432,10899,3.48,95.25,3.31,0.1,329064917,35.97,57.3,4.07,95.13,9.98
2020-04-03,US,9.72,31970,1396,0.42,280417,9358,3.34,85.22,2.84,0.09,329064917,35.97,53.23,4.04,85.15,9.7
2020-04-02,US,9.23,30387,1503,0.46,248447,7962,3.2,75.5,2.42,0.08,329064917,35.97,49.19,3.81,75.45,9.21
2020-04-01,US,7.87,25883,1181,0.36,218060,6459,2.96,66.27,1.96,0.07,329064917,35.97,45.38,4.2,66.24,7.86
2020-03-31,US,8.0,26316,1091,0.33,192177,5278,2.75,58.4,1.6,0.06,329064917,35.97,41.18,4.78,58.38,7.99
2020-03-30,US,6.71,22082,697,0.21,165861,4187,2.52,50.4,1.27,0.05,329064917,35.97,36.4,3.3,50.39,6.7
2020-03-29,US,5.74,18879,592,0.18,143779,3490,2.43,43.69,1.06,0.04,329064917,35.97,33.1,3.06,43.69,5.74
2020-03-28,US,5.96,19607,635,0.19,124900,2898,2.32,37.96,0.88,0.04,329064917,35.97,30.04,4.14,37.95,5.96
2020-03-27,US,5.68,18680,521,0.16,105293,2263,2.15,32.0,0.69,0.03,329064917,35.97,25.9,3.75,31.99,5.68
2020-03-26,US,5.42,17840,412,0.13,86613,1742,2.01,26.32,0.53,0.03,329064917,35.97,22.15,4.05,26.31,5.42
2020-03-25,US,3.67,12075,326,0.1,68773,1330,1.93,20.9,0.4,0.02,329064917,35.97,18.1,2.86,20.89,3.67
2020-03-24,US,3.22,10612,241,0.07,56698,1004,1.77,17.23,0.31,0.02,329064917,35.97,15.24,2.66,17.22,3.22
2020-03-23,US,3.41,11231,187,0.06,46086,763,1.66,14.01,0.23,0.01,329064917,35.97,12.58,2.96,14.0,3.41
2020-03-22,US,2.68,8830,110,0.03,34855,576,1.65,10.59,0.18,0.01,329064917,35.97,9.62,2.61,10.59,2.68
2020-03-21,US,1.82,5995,99,0.03,26025,466,1.79,7.91,0.14,0.01,329064917,35.97,7.01,1.59,7.91,1.82
2020-03-20,US,1.93,6367,103,0.03,20030,367,1.83,6.09,0.11,0.01,329064917,35.97,5.42,1.74,6.09,1.93
2020-03-19,US,1.37,4494,72,0.02,13663,264,1.93,4.15,0.08,0.0,329064917,35.97,3.68,1.24,4.16,1.37
2020-03-18,US,0.81,2657,59,0.02,9169,192,2.09,2.79,0.06,0.0,329064917,35.97,2.44,0.7,2.79,0.81
2020-03-17,US,0.56,1833,36,0.01,6512,133,2.04,1.98,0.04,0.0,329064917,35.97,1.74,0.5,1.98,0.56
2020-03-16,US,0.45,1467,27,0.01,4679,97,2.07,1.42,0.03,0.0,329064917,35.97,1.24,0.43,1.42,0.45
2020-03-15,US,0.07,234,12,0.0,3212,70,2.18,0.98,0.02,0.0,329064917,35.97,0.81,0.03,0.97,0.07
2020-03-14,US,0.23,759,7,0.0,2978,58,1.95,0.9,0.02,0.0,329064917,35.97,0.78,0.18,0.9,0.23
2020-03-13,US,0.19,633,8,0.0,2219,51,2.3,0.67,0.02,0.0,329064917,35.97,0.6,0.17,0.67,0.19
2020-03-12,US,0.13,439,10,0.0,1586,43,2.71,0.48,0.01,0.0,329064917,35.97,0.43,0.11,0.48,0.13
2020-03-11,US,0.11,365,5,0.0,1147,33,2.88,0.35,0.01,0.0,329064917,35.97,0.32,0.1,0.35,0.11
2020-03-10,US,0.06,188,6,0.0,782,28,3.58,0.24,0.01,0.0,329064917,35.97,0.22,0.05,0.24,0.06
2020-03-09,US,0.02,75,1,0.0,594,22,3.7,0.18,0.01,0.0,329064917,35.97,0.17,0.01,0.18,0.02
2020-03-08,US,0.04,116,4,0.0,519,21,4.05,0.16,0.01,0.0,329064917,35.97,0.16,0.04,0.16,0.04
2020-03-07,US,0.05,166,3,0.0,403,17,4.22,0.12,0.01,0.0,329064917,35.97,0.12,0.05,0.12,0.05
2020-03-06,US,0.02,53,2,0.0,237,14,5.91,0.07,0.0,0.0,329064917,35.97,0.07,0.02,0.07,0.02
2020-03-05,US,0.02,77,1,0.0,184,12,6.52,0.06,0.0,0.0,329064917,35.97,0.05,0.02,0.05,0.02
2020-03-04,US,0.01,33,4,0.0,107,11,10.28,0.03,0.0,0.0,329064917,35.97,0.03,0.01,0.03,0.01
2020-03-03,US,0.01,19,1,0.0,74,7,9.46,0.02,0.0,0.0,329064917,35.97,0.02,0.01,0.02,0.01
2020-03-02,US,0.01,23,5,0.0,55,6,10.91,0.02,0.0,0.0,329064917,35.97,0.01,0.01,0.01,0.01
2020-03-01,US,0.0,7,0,0.0,32,1,3.12,0.01,0.0,0.0,329064917,35.97,0.0,0.0,0.0,0.0
2020-02-29,US,0.0,8,1,0.0,25,1,4.0,0.01,0.0,0.0,329064917,35.97,0.0,0.0,0.0,0.0
2020-02-28,US,0.0,0,0,0.0,17,0,0.0,0.01,0.0,0.0,329064917,35.97,0.0,0.0,0.0,0.0
2020-02-27,US,0.0,1,0,0.0,17,0,0.0,0.01,0.0,0.0,329064917,35.97,0.0,0.0,0.0,0.0
2020-02-26,US,0.0,0,0,0.0,16,0,0.0,0.0,0.0,0.0,329064917,35.97,0.0,0.0,0.0,0.0
2020-02-25,US,0.0,0,0,0.0,16,0,0.0,0.0,0.0,0.0,329064917,35.97,0.0,0.0,0.0,0.0
2020-02-24,US,0.0,0,0,0.0,16,0,0.0,0.0,0.0,0.0,329064917,35.97,0.0,0.0,0.0,0.0
2020-02-23,US,0.0,0,0,0.0,16,0,0.0,0.0,0.0,0.0,329064917,35.97,0.0,0.0,0.0,0.0
2020-02-22,US,0.0,0,0,0.0,16,0,0.0,0.0,0.0,0.0,329064917,35.97,0.0,0.0,0.0,0.0
2020-02-21,US,0.0,2,0,0.0,16,0,0.0,0.0,0.0,0.0,329064917,35.97,0.0,0.0,0.0,0.0
2020-02-20,US,0.0,0,0,0.0,14,0,0.0,0.0,0.0,0.0,329064917,35.97,0.0,0.0,0.0,0.0
2020-02-19,US,0.0,0,0,0.0,14,0,0.0,0.0,0.0,0.0,329064917,35.97,0.0,0.0,0.0,0.0
2020-02-18,US,0.0,0,0,0.0,14,0,0.0,0.0,0.0,0.0,329064917,35.97,0.0,0.0,0.0,0.0
2020-02-17,US,0.0,0,0,0.0,14,0,0.0,0.0,0.0,0.0,329064917,35.97,0.0,0.0,0.0,0.0
2020-02-16,US,0.0,0,0,0.0,14,0,0.0,0.0,0.0,0.0,329064917,35.97,0.0,0.0,0.0,0.0
2020-02-15,US,0.0,0,0,0.0,14,0,0.0,0.0,0.0,0.0,329064917,35.97,0.0,0.0,0.0,0.0
2020-02-14,US,0.0,0,0,0.0,14,0,0.0,0.0,0.0,0.0,329064917,35.97,0.0,0.0,0.0,0.0
2020-02-13,US,0.0,1,0,0.0,14,0,0.0,0.0,0.0,0.0,329064917,35.97,0.0,0.0,0.0,0.0
2020-02-12,US,0.0,0,0,0.0,13,0,0.0,0.0,0.0,0.0,329064917,35.97,0.0,0.0,0.0,0.0
2020-02-11,US,0.0,1,0,0.0,13,0,0.0,0.0,0.0,0.0,329064917,35.97,0.0,0.0,0.0,0.0
2020-02-10,US,0.0,0,0,0.0,12,0,0.0,0.0,0.0,0.0,329064917,35.97,0.0,0.0,0.0,0.0
2020-02-09,US,0.0,0,0,0.0,12,0,0.0,0.0,0.0,0.0,329064917,35.97,0.0,0.0,0.0,0.0
2020-02-08,US,0.0,0,0,0.0,12,0,0.0,0.0,0.0,0.0,329064917,35.97,0.0,0.0,0.0,0.0
2020-02-07,US,0.0,0,0,0.0,12,0,0.0,0.0,0.0,0.0,329064917,35.97,0.0,0.0,0.0,0.0
2020-02-06,US,0.0,1,0,0.0,12,0,0.0,0.0,0.0,0.0,329064917,35.97,0.0,0.0,0.0,0.0
2020-02-05,US,0.0,0,0,0.0,11,0,0.0,0.0,0.0,0.0,329064917,35.97,0.0,0.0,0.0,0.0
2020-02-04,US,0.0,0,0,0.0,11,0,0.0,0.0,0.0,0.0,329064917,35.97,0.0,0.0,0.0,0.0
2020-02-03,US,0.0,3,0,0.0,11,0,0.0,0.0,0.0,0.0,329064917,35.97,0.0,0.0,0.0,0.0
2020-02-02,US,0.0,0,0,0.0,8,0,0.0,0.0,0.0,0.0,329064917,35.97,0.0,0.0,0.0,0.0
2020-02-01,US,0.0,0,0,0.0,8,0,0.0,0.0,0.0,0.0,329064917,35.97,0.0,0.0,0.0,0.0
2020-01-31,US,0.0,2,0,0.0,8,0,0.0,0.0,0.0,0.0,329064917,35.97,0.0,0.0,0.0,0.0
2020-01-30,US,0.0,0,0,0.0,6,0,0.0,0.0,0.0,0.0,329064917,35.97,0.0,0.0,0.0,0.0
2020-01-29,US,0.0,1,0,0.0,6,0,0.0,0.0,0.0,0.0,329064917,35.97,0.0,0.0,0.0,0.0
2020-01-28,US,0.0,0,0,0.0,5,0,0.0,0.0,0.0,0.0,329064917,35.97,0.0,0.0,0.0,0.0
2020-01-27,US,0.0,0,0,0.0,5,0,0.0,0.0,0.0,0.0,329064917,35.97,0.0,0.0,0.0,0.0
2020-01-26,US,0.0,3,0,0.0,5,0,0.0,0.0,0.0,0.0,329064917,35.97,0.0,0.0,0.0,0.0
2020-01-25,US,0.0,0,0,0.0,2,0,0.0,0.0,0.0,0.0,329064917,35.97,0.0,0.0,0.0,0.0
2020-01-24,US,0.0,1,0,0.0,2,0,0.0,0.0,0.0,0.0,329064917,35.97,0.0,0.0,0.0,0.0
2020-01-23,US,0.0,0,0,0.0,1,0,0.0,0.0,0.0,0.0,329064917,35.97,0.0,0.0,0.0,0.0
2020-01-22,US,0.0,1,0,0.0,1,0,0.0,0.0,0.0,0.0,329064917,35.97,0.0,0.0,0.0,0.0
