code,date,region,area,1day_cases_100k,new_cases,new_deaths,new_deaths_100k,total_cases,total_deaths,cfr%,total_cases_100k,total_deaths_100k,%infected,population,7day_cases_100k,7day_cases_change,28day_cases_100k,28day_cases_change
GM0289,2021-07-29,Gelderland-Midden,Wageningen,25.21,10,0,0.0,3504,42,1.2,8832.2,105.87,8.83,39673,153.76,-2.52,995.65,25.21
GM0289,2021-07-28,Gelderland-Midden,Wageningen,20.16,8,0,0.0,3494,42,1.2,8807.0,105.87,8.81,39673,156.28,-15.13,970.44,20.16
GM0289,2021-07-27,Gelderland-Midden,Wageningen,20.16,8,0,0.0,3486,42,1.2,8786.83,105.87,8.79,39673,171.41,-12.61,950.28,20.16
GM0289,2021-07-26,Gelderland-Midden,Wageningen,2.52,1,0,0.0,3478,42,1.21,8766.67,105.87,8.77,39673,184.02,-45.37,930.12,0.0
GM0289,2021-07-25,Gelderland-Midden,Wageningen,25.21,10,0,0.0,3477,42,1.21,8764.15,105.87,8.76,39673,229.39,-37.81,930.12,22.69
GM0289,2021-07-24,Gelderland-Midden,Wageningen,30.25,12,0,0.0,3467,42,1.21,8738.94,105.87,8.74,39673,267.2,-32.77,907.43,27.73
GM0289,2021-07-23,Gelderland-Midden,Wageningen,30.25,12,0,0.0,3455,42,1.22,8708.69,105.87,8.71,39673,299.97,-78.14,879.7,27.73
GM0289,2021-07-22,Gelderland-Midden,Wageningen,27.73,11,0,0.0,3443,42,1.22,8678.45,105.87,8.68,39673,378.11,-37.81,851.97,22.69
GM0289,2021-07-21,Gelderland-Midden,Wageningen,35.29,14,0,0.0,3432,42,1.22,8650.72,105.87,8.65,39673,415.92,10.08,829.28,32.77
GM0289,2021-07-20,Gelderland-Midden,Wageningen,32.77,13,0,0.0,3418,42,1.23,8615.43,105.87,8.62,39673,405.84,-20.16,796.51,30.25
GM0289,2021-07-19,Gelderland-Midden,Wageningen,47.89,19,0,0.0,3405,42,1.23,8582.66,105.87,8.58,39673,426.0,-42.85,766.26,45.37
GM0289,2021-07-18,Gelderland-Midden,Wageningen,63.02,25,0,0.0,3386,42,1.24,8534.77,105.87,8.53,39673,468.85,12.61,720.89,55.46
GM0289,2021-07-17,Gelderland-Midden,Wageningen,63.02,25,0,0.0,3361,42,1.25,8471.76,105.87,8.47,39673,456.24,5.05,665.43,50.42
GM0289,2021-07-16,Gelderland-Midden,Wageningen,108.39,43,0,0.0,3336,42,1.26,8408.74,105.87,8.41,39673,451.19,73.1,615.01,103.35
GM0289,2021-07-15,Gelderland-Midden,Wageningen,65.54,26,0,0.0,3293,42,1.28,8300.36,105.87,8.3,39673,378.09,27.73,511.66,50.42
GM0289,2021-07-14,Gelderland-Midden,Wageningen,25.21,10,0,0.0,3267,42,1.29,8234.82,105.87,8.23,39673,350.36,5.05,461.24,-5.04
GM0289,2021-07-13,Gelderland-Midden,Wageningen,52.93,21,0,0.0,3257,42,1.29,8209.61,105.87,8.21,39673,345.31,42.85,466.28,40.33
GM0289,2021-07-12,Gelderland-Midden,Wageningen,90.74,36,0,0.0,3236,42,1.3,8156.68,105.87,8.16,39673,302.46,88.22,425.95,75.62
GM0289,2021-07-11,Gelderland-Midden,Wageningen,50.41,20,0,0.0,3200,42,1.31,8065.94,105.87,8.07,39673,214.24,47.89,350.33,27.72
GM0289,2021-07-10,Gelderland-Midden,Wageningen,57.97,23,0,0.0,3180,42,1.32,8015.53,105.87,8.02,39673,166.35,47.89,322.61,55.45
GM0289,2021-07-09,Gelderland-Midden,Wageningen,35.29,14,0,0.0,3157,42,1.33,7957.55,105.87,7.96,39673,118.46,32.77,267.16,32.77
GM0289,2021-07-08,Gelderland-Midden,Wageningen,37.81,15,0,0.0,3143,42,1.34,7922.26,105.87,7.92,39673,85.69,37.81,234.39,22.69
GM0289,2021-07-07,Gelderland-Midden,Wageningen,20.16,8,0,0.0,3128,42,1.34,7884.46,105.87,7.88,39673,47.88,20.16,211.7,7.56
GM0289,2021-07-06,Gelderland-Midden,Wageningen,10.08,4,0,0.0,3120,42,1.35,7864.29,105.87,7.86,39673,27.72,10.08,204.14,-12.61
GM0289,2021-07-05,Gelderland-Midden,Wageningen,2.52,1,0,0.0,3116,42,1.35,7854.21,105.87,7.85,39673,17.64,0.0,216.75,-5.04
GM0289,2021-07-04,Gelderland-Midden,Wageningen,2.52,1,0,0.0,3115,42,1.35,7851.69,105.87,7.85,39673,17.64,0.0,221.79,-2.52
GM0289,2021-07-03,Gelderland-Midden,Wageningen,10.08,4,0,0.0,3114,42,1.35,7849.17,105.87,7.85,39673,17.64,7.56,224.31,-10.08
GM0289,2021-07-02,Gelderland-Midden,Wageningen,2.52,1,0,0.0,3110,42,1.35,7839.08,105.87,7.84,39673,10.08,0.0,234.39,-2.52
GM0289,2021-07-01,Gelderland-Midden,Wageningen,0.0,0,0,0.0,3109,42,1.35,7836.56,105.87,7.84,39673,10.08,-5.04,236.91,-5.04
GM0289,2021-06-30,Gelderland-Midden,Wageningen,0.0,0,0,0.0,3109,42,1.35,7836.56,105.87,7.84,39673,15.12,-2.52,241.95,-20.16
GM0289,2021-06-29,Gelderland-Midden,Wageningen,0.0,0,0,0.0,3109,42,1.35,7836.56,105.87,7.84,39673,17.64,-2.52,262.11,-15.12
GM0289,2021-06-28,Gelderland-Midden,Wageningen,2.52,1,0,0.0,3109,42,1.35,7836.56,105.87,7.84,39673,20.16,0.0,277.23,-7.56
GM0289,2021-06-27,Gelderland-Midden,Wageningen,2.52,1,0,0.0,3108,42,1.35,7834.04,105.87,7.83,39673,20.16,-5.04,284.79,-2.52
GM0289,2021-06-26,Gelderland-Midden,Wageningen,2.52,1,0,0.0,3107,42,1.35,7831.52,105.87,7.83,39673,25.2,-10.08,287.31,-17.64
GM0289,2021-06-25,Gelderland-Midden,Wageningen,2.52,1,0,0.0,3106,42,1.35,7829.0,105.87,7.83,39673,35.28,-2.52,304.95,-12.6
GM0289,2021-06-24,Gelderland-Midden,Wageningen,5.04,2,0,0.0,3105,42,1.35,7826.48,105.87,7.83,39673,37.8,-10.08,317.55,-20.17
GM0289,2021-06-23,Gelderland-Midden,Wageningen,2.52,1,0,0.0,3103,42,1.35,7821.44,105.87,7.82,39673,47.88,-27.73,337.72,-20.17
GM0289,2021-06-22,Gelderland-Midden,Wageningen,2.52,1,0,0.0,3102,42,1.35,7818.92,105.87,7.82,39673,75.61,-10.08,357.89,-2.52
GM0289,2021-06-21,Gelderland-Midden,Wageningen,2.52,1,0,0.0,3101,42,1.35,7816.4,105.87,7.82,39673,85.69,-12.6,360.41,-5.04
GM0289,2021-06-20,Gelderland-Midden,Wageningen,7.56,3,0,0.0,3100,42,1.35,7813.88,105.87,7.81,39673,98.29,-15.13,365.45,-5.04
GM0289,2021-06-19,Gelderland-Midden,Wageningen,12.6,5,0,0.0,3097,42,1.36,7806.32,105.87,7.81,39673,113.42,10.08,370.49,2.52
GM0289,2021-06-18,Gelderland-Midden,Wageningen,5.04,2,0,0.0,3092,42,1.36,7793.71,105.87,7.79,39673,103.34,2.52,367.97,-22.69
GM0289,2021-06-17,Gelderland-Midden,Wageningen,15.12,6,0,0.0,3090,42,1.36,7788.67,105.87,7.79,39673,100.82,0.0,390.66,-12.61
GM0289,2021-06-16,Gelderland-Midden,Wageningen,30.25,12,0,0.0,3084,42,1.36,7773.55,105.87,7.77,39673,100.82,17.65,403.27,-5.04
GM0289,2021-06-15,Gelderland-Midden,Wageningen,12.6,5,0,0.0,3072,42,1.37,7743.3,105.87,7.74,39673,83.17,-10.09,408.31,-10.09
GM0289,2021-06-14,Gelderland-Midden,Wageningen,15.12,6,0,0.0,3067,42,1.37,7730.7,105.87,7.73,39673,93.26,7.56,418.4,-12.61
GM0289,2021-06-13,Gelderland-Midden,Wageningen,22.69,9,0,0.0,3061,42,1.37,7715.57,105.87,7.72,39673,85.7,17.65,431.01,-25.2
GM0289,2021-06-12,Gelderland-Midden,Wageningen,2.52,1,0,0.0,3052,42,1.38,7692.89,105.87,7.69,39673,68.05,-17.64,456.21,-15.12
GM0289,2021-06-11,Gelderland-Midden,Wageningen,2.52,1,0,0.0,3051,42,1.38,7690.37,105.87,7.69,39673,85.69,-2.52,471.33,-15.12
GM0289,2021-06-10,Gelderland-Midden,Wageningen,15.12,6,0,0.0,3050,42,1.38,7687.85,105.87,7.69,39673,88.21,10.08,486.45,0.0
GM0289,2021-06-09,Gelderland-Midden,Wageningen,12.6,5,0,0.0,3044,42,1.38,7672.72,105.87,7.67,39673,78.13,-7.56,486.45,-30.25
GM0289,2021-06-08,Gelderland-Midden,Wageningen,22.69,9,0,0.0,3039,42,1.38,7660.12,105.87,7.66,39673,85.69,7.57,516.7,0.0
GM0289,2021-06-07,Gelderland-Midden,Wageningen,7.56,3,0,0.0,3030,42,1.39,7637.44,105.87,7.64,39673,78.12,-2.52,516.7,0.0
GM0289,2021-06-06,Gelderland-Midden,Wageningen,5.04,2,0,0.0,3027,42,1.39,7629.87,105.87,7.63,39673,80.64,0.0,516.7,-7.56
GM0289,2021-06-05,Gelderland-Midden,Wageningen,20.16,8,0,0.0,3025,42,1.39,7624.83,105.87,7.62,39673,80.64,0.0,524.26,-10.09
GM0289,2021-06-04,Gelderland-Midden,Wageningen,5.04,2,0,0.0,3017,42,1.39,7604.67,105.87,7.6,39673,80.64,-10.08,534.35,-37.81
GM0289,2021-06-03,Gelderland-Midden,Wageningen,5.04,2,0,0.0,3015,42,1.39,7599.63,105.87,7.6,39673,90.72,-20.17,572.16,-17.65
GM0289,2021-06-02,Gelderland-Midden,Wageningen,20.16,8,0,0.0,3013,42,1.39,7594.59,105.87,7.59,39673,110.89,-2.53,589.81,-12.61
GM0289,2021-06-01,Gelderland-Midden,Wageningen,15.12,6,0,0.0,3005,42,1.4,7574.42,105.87,7.57,39673,113.42,10.08,602.42,-22.69
GM0289,2021-05-31,Gelderland-Midden,Wageningen,10.08,4,0,0.0,2999,42,1.4,7559.3,105.87,7.56,39673,103.34,2.52,625.11,-45.37
GM0289,2021-05-30,Gelderland-Midden,Wageningen,5.04,2,0,0.0,2995,42,1.4,7549.21,105.87,7.55,39673,100.82,-7.56,670.48,-12.6
GM0289,2021-05-29,Gelderland-Midden,Wageningen,20.16,8,0,0.0,2993,42,1.4,7544.17,105.87,7.54,39673,108.38,10.08,683.08,-27.73
GM0289,2021-05-28,Gelderland-Midden,Wageningen,15.12,6,0,0.0,2985,42,1.41,7524.01,105.87,7.52,39673,98.3,-12.61,710.81,-55.46
GM0289,2021-05-27,Gelderland-Midden,Wageningen,25.21,10,0,0.0,2979,42,1.41,7508.89,105.87,7.51,39673,110.91,-2.52,766.27,-2.52
GM0289,2021-05-26,Gelderland-Midden,Wageningen,22.69,9,0,0.0,2969,42,1.41,7483.68,105.87,7.48,39673,113.43,-12.6,768.79,-20.16
GM0289,2021-05-25,Gelderland-Midden,Wageningen,5.04,2,0,0.0,2960,42,1.42,7460.99,105.87,7.46,39673,126.03,-17.65,788.95,0.0
GM0289,2021-05-24,Gelderland-Midden,Wageningen,7.56,3,0,0.0,2958,42,1.42,7455.95,105.87,7.46,39673,143.68,-20.17,788.95,-10.08
GM0289,2021-05-23,Gelderland-Midden,Wageningen,12.6,5,0,0.0,2955,42,1.42,7448.39,105.87,7.45,39673,163.85,-35.29,799.03,-12.61
GM0289,2021-05-22,Gelderland-Midden,Wageningen,10.08,4,0,0.0,2950,42,1.42,7435.79,105.87,7.44,39673,199.14,-7.56,811.64,-17.65
GM0289,2021-05-21,Gelderland-Midden,Wageningen,27.73,11,0,0.0,2946,42,1.43,7425.71,105.87,7.43,39673,206.7,10.09,829.29,7.57
GM0289,2021-05-20,Gelderland-Midden,Wageningen,27.73,11,0,0.0,2935,42,1.43,7397.98,105.87,7.4,39673,196.61,12.61,821.72,-12.6
GM0289,2021-05-19,Gelderland-Midden,Wageningen,35.29,14,0,0.0,2924,42,1.44,7370.25,105.87,7.37,39673,184.0,-7.56,834.32,20.17
GM0289,2021-05-18,Gelderland-Midden,Wageningen,22.69,9,0,0.0,2910,42,1.44,7334.96,105.87,7.33,39673,191.56,0.0,814.15,5.05
GM0289,2021-05-17,Gelderland-Midden,Wageningen,27.73,11,0,0.0,2901,42,1.45,7312.28,105.87,7.31,39673,191.56,20.17,809.1,10.09
GM0289,2021-05-16,Gelderland-Midden,Wageningen,47.89,19,0,0.0,2890,42,1.45,7284.55,105.87,7.28,39673,171.39,35.29,799.01,-5.04
GM0289,2021-05-15,Gelderland-Midden,Wageningen,17.64,7,0,0.0,2871,42,1.46,7236.66,105.87,7.24,39673,136.1,-12.61,804.05,-22.69
GM0289,2021-05-14,Gelderland-Midden,Wageningen,17.64,7,0,0.0,2864,42,1.47,7219.02,105.87,7.22,39673,148.71,-25.21,826.74,0.0
GM0289,2021-05-13,Gelderland-Midden,Wageningen,15.12,6,0,0.0,2857,42,1.47,7201.37,105.87,7.2,39673,173.92,-7.57,826.74,-5.04
GM0289,2021-05-12,Gelderland-Midden,Wageningen,42.85,17,1,2.52,2851,42,1.47,7186.25,105.87,7.19,39673,181.49,10.08,831.78,17.64
GM0289,2021-05-11,Gelderland-Midden,Wageningen,22.69,9,0,0.0,2834,41,1.45,7143.4,103.34,7.14,39673,171.41,-15.12,814.14,-5.04
GM0289,2021-05-10,Gelderland-Midden,Wageningen,7.56,3,0,0.0,2825,41,1.45,7120.71,103.34,7.12,39673,186.53,-47.89,819.18,-17.65
GM0289,2021-05-09,Gelderland-Midden,Wageningen,12.6,5,0,0.0,2822,41,1.45,7113.15,103.34,7.11,39673,234.42,-5.04,836.83,-17.65
GM0289,2021-05-08,Gelderland-Midden,Wageningen,30.25,12,0,0.0,2817,41,1.46,7100.55,103.34,7.1,39673,239.46,-17.64,854.48,-32.77
GM0289,2021-05-07,Gelderland-Midden,Wageningen,42.85,17,0,0.0,2805,41,1.46,7070.3,103.34,7.07,39673,257.1,-27.73,887.25,0.0
GM0289,2021-05-06,Gelderland-Midden,Wageningen,22.69,9,0,0.0,2788,41,1.47,7027.45,103.34,7.03,39673,284.83,-5.04,887.25,-10.08
GM0289,2021-05-05,Gelderland-Midden,Wageningen,32.77,13,0,0.0,2779,41,1.48,7004.76,103.34,7.0,39673,289.87,-10.08,897.33,20.17
GM0289,2021-05-04,Gelderland-Midden,Wageningen,37.81,15,0,0.0,2766,41,1.48,6972.0,103.34,6.97,39673,299.95,32.77,877.16,27.73
GM0289,2021-05-03,Gelderland-Midden,Wageningen,55.45,22,0,0.0,2751,41,1.49,6934.19,103.34,6.93,39673,267.18,37.81,849.43,30.24
GM0289,2021-05-02,Gelderland-Midden,Wageningen,17.64,7,0,0.0,2729,41,1.5,6878.73,103.34,6.88,39673,229.37,-7.57,819.19,-27.73
GM0289,2021-05-01,Gelderland-Midden,Wageningen,47.89,19,0,0.0,2722,41,1.51,6861.09,103.34,6.86,39673,236.94,20.16,846.92,-7.56
GM0289,2021-04-30,Gelderland-Midden,Wageningen,70.58,28,0,0.0,2703,41,1.52,6813.2,103.34,6.81,39673,216.78,50.42,854.48,50.42
GM0289,2021-04-29,Gelderland-Midden,Wageningen,27.73,11,0,0.0,2675,41,1.53,6742.62,103.34,6.74,39673,166.36,-12.6,804.06,-25.2
GM0289,2021-04-28,Gelderland-Midden,Wageningen,42.85,17,0,0.0,2664,41,1.54,6714.89,103.34,6.71,39673,178.96,27.73,829.26,5.04
GM0289,2021-04-27,Gelderland-Midden,Wageningen,5.04,2,0,0.0,2647,41,1.55,6672.04,103.34,6.67,39673,151.23,-12.6,824.22,-30.25
GM0289,2021-04-26,Gelderland-Midden,Wageningen,17.64,7,0,0.0,2645,41,1.55,6667.0,103.34,6.67,39673,163.83,0.0,854.47,-20.17
GM0289,2021-04-25,Gelderland-Midden,Wageningen,25.21,10,0,0.0,2638,41,1.55,6649.36,103.34,6.65,39673,163.83,-27.72,874.64,-7.56
GM0289,2021-04-24,Gelderland-Midden,Wageningen,27.73,11,0,0.0,2628,41,1.56,6624.15,103.34,6.62,39673,191.55,-12.6,882.2,-22.68
GM0289,2021-04-23,Gelderland-Midden,Wageningen,20.16,8,0,0.0,2617,41,1.57,6596.43,103.34,6.6,39673,204.15,2.52,904.88,-32.77
GM0289,2021-04-22,Gelderland-Midden,Wageningen,40.33,16,0,0.0,2609,41,1.57,6576.26,103.34,6.58,39673,201.63,20.17,937.65,2.52
GM0289,2021-04-21,Gelderland-Midden,Wageningen,15.12,6,0,0.0,2593,41,1.58,6535.93,103.34,6.54,39673,181.46,-10.09,935.13,-25.21
GM0289,2021-04-20,Gelderland-Midden,Wageningen,17.64,7,0,0.0,2587,41,1.58,6520.81,103.34,6.52,39673,191.55,-10.09,960.34,-20.17
GM0289,2021-04-19,Gelderland-Midden,Wageningen,17.64,7,0,0.0,2580,41,1.59,6503.16,103.34,6.5,39673,201.64,-7.57,980.51,-12.61
GM0289,2021-04-18,Gelderland-Midden,Wageningen,52.93,21,0,0.0,2573,41,1.59,6485.52,103.34,6.49,39673,209.21,22.68,993.12,-17.65
GM0289,2021-04-17,Gelderland-Midden,Wageningen,40.33,16,0,0.0,2552,41,1.61,6432.59,103.34,6.43,39673,186.53,-22.69,1010.77,5.04
GM0289,2021-04-16,Gelderland-Midden,Wageningen,17.64,7,0,0.0,2536,41,1.62,6392.26,103.34,6.39,39673,209.22,-25.21,1005.73,-17.65
GM0289,2021-04-15,Gelderland-Midden,Wageningen,20.16,8,0,0.0,2529,41,1.62,6374.61,103.34,6.37,39673,234.43,-12.61,1023.38,0.0
GM0289,2021-04-14,Gelderland-Midden,Wageningen,25.21,10,0,0.0,2521,41,1.63,6354.45,103.34,6.35,39673,247.04,12.61,1023.38,2.52
GM0289,2021-04-13,Gelderland-Midden,Wageningen,27.73,11,0,0.0,2511,41,1.63,6329.24,103.34,6.33,39673,234.43,17.65,1020.86,20.17
GM0289,2021-04-12,Gelderland-Midden,Wageningen,25.21,10,0,0.0,2500,41,1.64,6301.51,103.34,6.3,39673,216.78,0.0,1000.69,10.09
GM0289,2021-04-11,Gelderland-Midden,Wageningen,30.25,12,0,0.0,2490,41,1.65,6276.31,103.34,6.28,39673,216.78,-15.12,990.6,22.69
GM0289,2021-04-10,Gelderland-Midden,Wageningen,63.02,25,0,0.0,2478,41,1.65,6246.06,103.34,6.25,39673,231.9,7.57,967.91,42.86
GM0289,2021-04-09,Gelderland-Midden,Wageningen,42.85,17,0,0.0,2453,41,1.67,6183.05,103.34,6.18,39673,224.33,22.69,925.05,22.69
GM0289,2021-04-08,Gelderland-Midden,Wageningen,32.77,13,0,0.0,2436,41,1.68,6140.2,103.34,6.14,39673,201.64,-20.16,902.36,17.65
GM0289,2021-04-07,Gelderland-Midden,Wageningen,12.6,5,0,0.0,2423,41,1.69,6107.43,103.34,6.11,39673,221.8,-25.21,884.71,-10.09
GM0289,2021-04-06,Gelderland-Midden,Wageningen,10.08,4,0,0.0,2418,41,1.7,6094.83,103.34,6.09,39673,247.01,-25.21,894.8,-7.56
GM0289,2021-04-05,Gelderland-Midden,Wageningen,25.21,10,0,0.0,2414,41,1.7,6084.74,103.34,6.08,39673,272.22,-12.6,902.36,2.52
GM0289,2021-04-04,Gelderland-Midden,Wageningen,45.37,18,0,0.0,2404,41,1.71,6059.54,103.34,6.06,39673,284.82,12.6,899.84,22.68
GM0289,2021-04-03,Gelderland-Midden,Wageningen,55.45,22,0,0.0,2386,41,1.72,6014.17,103.34,6.01,39673,272.22,5.04,877.16,47.89
GM0289,2021-04-02,Gelderland-Midden,Wageningen,20.16,8,0,0.0,2364,41,1.73,5958.71,103.34,5.96,39673,267.18,-32.77,829.27,7.56
GM0289,2021-04-01,Gelderland-Midden,Wageningen,52.93,21,0,0.0,2356,41,1.74,5938.55,103.34,5.94,39673,299.95,15.12,821.71,42.85
GM0289,2021-03-31,Gelderland-Midden,Wageningen,37.81,15,0,0.0,2335,41,1.76,5885.61,103.34,5.89,39673,284.83,-2.52,778.86,35.29
GM0289,2021-03-30,Gelderland-Midden,Wageningen,35.29,14,0,0.0,2320,41,1.77,5847.81,103.34,5.85,39673,287.35,-2.52,743.57,27.73
GM0289,2021-03-29,Gelderland-Midden,Wageningen,37.81,15,0,0.0,2306,41,1.78,5812.52,103.34,5.81,39673,289.87,7.56,715.84,17.65
GM0289,2021-03-28,Gelderland-Midden,Wageningen,32.77,13,0,0.0,2291,41,1.79,5774.71,103.34,5.77,39673,282.31,-37.81,698.19,20.17
GM0289,2021-03-27,Gelderland-Midden,Wageningen,50.41,20,0,0.0,2278,41,1.8,5741.94,103.34,5.74,39673,320.12,15.12,678.02,35.29
GM0289,2021-03-26,Gelderland-Midden,Wageningen,52.93,21,0,0.0,2258,41,1.82,5691.53,103.34,5.69,39673,305.0,17.64,642.73,47.89
GM0289,2021-03-25,Gelderland-Midden,Wageningen,37.81,15,0,0.0,2237,41,1.83,5638.6,103.34,5.64,39673,287.36,17.65,594.84,17.65
GM0289,2021-03-24,Gelderland-Midden,Wageningen,40.33,16,0,0.0,2222,41,1.85,5600.79,103.34,5.6,39673,269.71,17.64,577.19,22.69
GM0289,2021-03-23,Gelderland-Midden,Wageningen,37.81,15,0,0.0,2206,41,1.86,5560.46,103.34,5.56,39673,252.07,30.25,554.5,32.77
GM0289,2021-03-22,Gelderland-Midden,Wageningen,30.25,12,0,0.0,2191,41,1.87,5522.65,103.34,5.52,39673,221.82,15.13,521.73,25.21
GM0289,2021-03-21,Gelderland-Midden,Wageningen,70.58,28,0,0.0,2179,41,1.88,5492.4,103.34,5.49,39673,206.69,63.02,496.52,50.42
GM0289,2021-03-20,Gelderland-Midden,Wageningen,35.29,14,0,0.0,2151,41,1.91,5421.82,103.34,5.42,39673,143.67,15.13,446.1,27.73
GM0289,2021-03-19,Gelderland-Midden,Wageningen,35.29,14,0,0.0,2137,41,1.92,5386.53,103.34,5.39,39673,128.54,15.13,418.37,12.6
GM0289,2021-03-18,Gelderland-Midden,Wageningen,20.16,8,1,2.52,2123,41,1.93,5351.25,103.34,5.35,39673,113.41,5.04,405.77,12.6
GM0289,2021-03-17,Gelderland-Midden,Wageningen,22.69,9,0,0.0,2115,40,1.89,5331.08,100.82,5.33,39673,108.37,0.0,393.17,10.09
GM0289,2021-03-16,Gelderland-Midden,Wageningen,7.56,3,0,0.0,2106,40,1.9,5308.4,100.82,5.31,39673,108.37,-10.08,383.08,2.52
GM0289,2021-03-15,Gelderland-Midden,Wageningen,15.12,6,0,0.0,2103,40,1.9,5300.83,100.82,5.3,39673,118.45,-7.57,380.56,10.08
GM0289,2021-03-14,Gelderland-Midden,Wageningen,7.56,3,0,0.0,2097,40,1.91,5285.71,100.82,5.29,39673,126.02,-15.13,370.48,0.0
GM0289,2021-03-13,Gelderland-Midden,Wageningen,20.16,8,0,0.0,2094,40,1.91,5278.15,100.82,5.28,39673,141.15,12.6,370.48,7.56
GM0289,2021-03-12,Gelderland-Midden,Wageningen,20.16,8,0,0.0,2086,40,1.92,5257.98,100.82,5.26,39673,128.55,7.56,362.92,17.64
GM0289,2021-03-11,Gelderland-Midden,Wageningen,15.12,6,0,0.0,2078,40,1.92,5237.82,100.82,5.24,39673,120.99,5.04,345.28,12.6
GM0289,2021-03-10,Gelderland-Midden,Wageningen,22.69,9,0,0.0,2072,40,1.93,5222.7,100.82,5.22,39673,115.95,20.17,332.68,20.17
GM0289,2021-03-09,Gelderland-Midden,Wageningen,17.64,7,2,5.04,2063,40,1.94,5200.01,100.82,5.2,39673,95.78,10.08,312.51,-2.52
GM0289,2021-03-08,Gelderland-Midden,Wageningen,22.69,9,0,0.0,2056,38,1.85,5182.37,95.78,5.18,39673,85.7,2.53,315.03,10.09
GM0289,2021-03-07,Gelderland-Midden,Wageningen,22.69,9,0,0.0,2047,38,1.86,5159.68,95.78,5.16,39673,83.17,10.09,304.94,2.53
GM0289,2021-03-06,Gelderland-Midden,Wageningen,7.56,3,0,0.0,2038,38,1.86,5136.99,95.78,5.14,39673,73.08,-7.56,302.41,-5.04
GM0289,2021-03-05,Gelderland-Midden,Wageningen,12.6,5,0,0.0,2035,38,1.87,5129.43,95.78,5.13,39673,80.64,7.56,307.45,-10.09
GM0289,2021-03-04,Gelderland-Midden,Wageningen,10.08,4,0,0.0,2030,38,1.87,5116.83,95.78,5.12,39673,73.08,-10.08,317.54,-2.52
GM0289,2021-03-03,Gelderland-Midden,Wageningen,2.52,1,0,0.0,2026,38,1.88,5106.75,95.78,5.11,39673,83.16,-15.12,320.06,-40.33
GM0289,2021-03-02,Gelderland-Midden,Wageningen,7.56,3,0,0.0,2025,38,1.88,5104.23,95.78,5.1,39673,98.28,2.52,360.39,2.52
GM0289,2021-03-01,Gelderland-Midden,Wageningen,20.16,8,0,0.0,2022,38,1.88,5096.67,95.78,5.1,39673,95.76,15.12,357.87,0.0
GM0289,2021-02-28,Gelderland-Midden,Wageningen,12.6,5,0,0.0,2014,38,1.89,5076.5,95.78,5.08,39673,80.64,-7.56,357.87,10.08
GM0289,2021-02-27,Gelderland-Midden,Wageningen,15.12,6,0,0.0,2009,38,1.89,5063.9,95.78,5.06,39673,88.2,7.56,347.79,-5.04
GM0289,2021-02-26,Gelderland-Midden,Wageningen,5.04,2,0,0.0,2003,38,1.9,5048.77,95.78,5.05,39673,80.64,-17.65,352.83,-17.65
GM0289,2021-02-25,Gelderland-Midden,Wageningen,20.16,8,0,0.0,2001,38,1.9,5043.73,95.78,5.04,39673,98.29,12.6,370.48,-15.13
GM0289,2021-02-24,Gelderland-Midden,Wageningen,17.64,7,0,0.0,1993,38,1.91,5023.57,95.78,5.02,39673,85.69,5.04,385.61,-12.61
GM0289,2021-02-23,Gelderland-Midden,Wageningen,5.04,2,0,0.0,1986,38,1.91,5005.92,95.78,5.01,39673,80.65,0.0,398.22,-25.21
GM0289,2021-02-22,Gelderland-Midden,Wageningen,5.04,2,0,0.0,1984,38,1.92,5000.88,95.78,5.0,39673,80.65,0.0,423.43,-7.56
GM0289,2021-02-21,Gelderland-Midden,Wageningen,20.16,8,0,0.0,1982,38,1.92,4995.84,95.78,5.0,39673,80.65,12.6,430.99,-12.61
GM0289,2021-02-20,Gelderland-Midden,Wageningen,7.56,3,0,0.0,1974,38,1.93,4975.68,95.78,4.98,39673,68.05,-5.04,443.6,-25.21
GM0289,2021-02-19,Gelderland-Midden,Wageningen,22.69,9,0,0.0,1971,38,1.93,4968.11,95.78,4.97,39673,73.09,20.17,468.81,-7.56
GM0289,2021-02-18,Gelderland-Midden,Wageningen,7.56,3,0,0.0,1962,38,1.94,4945.43,95.78,4.95,39673,52.92,5.04,476.37,-22.69
GM0289,2021-02-17,Gelderland-Midden,Wageningen,12.6,5,0,0.0,1959,38,1.94,4937.87,95.78,4.94,39673,47.88,10.08,499.06,-25.21
GM0289,2021-02-16,Gelderland-Midden,Wageningen,5.04,2,0,0.0,1954,38,1.94,4925.26,95.78,4.93,39673,37.8,-15.12,524.27,-27.73
GM0289,2021-02-15,Gelderland-Midden,Wageningen,5.04,2,0,0.0,1952,38,1.95,4920.22,95.78,4.92,39673,52.92,-7.56,552.0,-20.17
GM0289,2021-02-14,Gelderland-Midden,Wageningen,7.56,3,0,0.0,1950,38,1.95,4915.18,95.78,4.92,39673,60.48,-12.6,572.17,-5.04
GM0289,2021-02-13,Gelderland-Midden,Wageningen,12.6,5,0,0.0,1947,38,1.95,4907.62,95.78,4.91,39673,73.08,0.0,577.21,-10.09
GM0289,2021-02-12,Gelderland-Midden,Wageningen,2.52,1,0,0.0,1942,38,1.96,4895.02,95.78,4.9,39673,73.08,-20.17,587.3,-17.64
GM0289,2021-02-11,Gelderland-Midden,Wageningen,2.52,1,0,0.0,1941,38,1.96,4892.5,95.78,4.89,39673,93.25,-10.08,604.94,-30.25
GM0289,2021-02-10,Gelderland-Midden,Wageningen,2.52,1,3,7.56,1940,38,1.96,4889.98,95.78,4.89,39673,103.33,-40.33,635.19,-20.17
GM0289,2021-02-09,Gelderland-Midden,Wageningen,20.16,8,0,0.0,1939,35,1.81,4887.45,88.22,4.89,39673,143.66,15.12,655.36,-2.53
GM0289,2021-02-08,Gelderland-Midden,Wageningen,12.6,5,0,0.0,1931,35,1.81,4867.29,88.22,4.87,39673,128.54,-7.56,657.89,-25.21
GM0289,2021-02-07,Gelderland-Midden,Wageningen,20.16,8,0,0.0,1926,35,1.82,4854.69,88.22,4.85,39673,136.1,17.64,683.1,-25.21
GM0289,2021-02-06,Gelderland-Midden,Wageningen,12.6,5,0,0.0,1918,35,1.82,4834.52,88.22,4.83,39673,118.46,-7.56,708.31,-57.98
GM0289,2021-02-05,Gelderland-Midden,Wageningen,22.69,9,0,0.0,1913,35,1.83,4821.92,88.22,4.82,39673,126.02,0.0,766.29,-35.28
GM0289,2021-02-04,Gelderland-Midden,Wageningen,12.6,5,0,0.0,1904,35,1.84,4799.23,88.22,4.8,39673,126.02,-22.69,801.57,-40.33
GM0289,2021-02-03,Gelderland-Midden,Wageningen,42.85,17,1,2.52,1899,35,1.84,4786.63,88.22,4.79,39673,148.71,12.6,841.9,25.21
GM0289,2021-02-02,Gelderland-Midden,Wageningen,5.04,2,0,0.0,1882,34,1.81,4743.78,85.7,4.74,39673,136.11,-25.21,816.69,-7.56
GM0289,2021-02-01,Gelderland-Midden,Wageningen,20.16,8,0,0.0,1880,34,1.81,4738.74,85.7,4.74,39673,161.32,7.56,824.25,-15.13
GM0289,2021-01-31,Gelderland-Midden,Wageningen,2.52,1,0,0.0,1872,34,1.82,4718.57,85.7,4.72,39673,153.76,-30.25,839.38,-22.69
GM0289,2021-01-30,Gelderland-Midden,Wageningen,20.16,8,1,2.52,1871,34,1.82,4716.05,85.7,4.72,39673,184.01,-12.61,862.07,-30.25
GM0289,2021-01-29,Gelderland-Midden,Wageningen,22.69,9,0,0.0,1863,33,1.77,4695.89,83.18,4.7,39673,196.62,-7.56,892.32,0.0
GM0289,2021-01-28,Gelderland-Midden,Wageningen,35.29,14,0,0.0,1854,33,1.78,4673.2,83.18,4.67,39673,204.18,5.04,892.32,0.0
GM0289,2021-01-27,Gelderland-Midden,Wageningen,30.25,12,0,0.0,1840,33,1.79,4637.91,83.18,4.64,39673,199.14,-7.56,892.32,-15.12
GM0289,2021-01-26,Gelderland-Midden,Wageningen,30.25,12,0,0.0,1828,33,1.81,4607.67,83.18,4.61,39673,206.7,-2.52,907.44,12.61
GM0289,2021-01-25,Gelderland-Midden,Wageningen,12.6,5,0,0.0,1816,33,1.82,4577.42,83.18,4.58,39673,209.22,-12.61,894.83,-25.21
GM0289,2021-01-24,Gelderland-Midden,Wageningen,32.77,13,0,0.0,1811,33,1.82,4564.82,83.18,4.56,39673,221.83,20.17,920.04,-15.12
GM0289,2021-01-23,Gelderland-Midden,Wageningen,32.77,13,0,0.0,1798,33,1.84,4532.05,83.18,4.53,39673,201.66,10.08,935.16,20.17
GM0289,2021-01-22,Gelderland-Midden,Wageningen,30.25,12,0,0.0,1785,33,1.85,4499.28,83.18,4.5,39673,191.58,10.09,914.99,2.52
GM0289,2021-01-21,Gelderland-Midden,Wageningen,30.25,12,0,0.0,1773,33,1.86,4469.03,83.18,4.47,39673,181.49,-2.52,912.47,-30.24
GM0289,2021-01-20,Gelderland-Midden,Wageningen,37.81,15,1,2.52,1761,33,1.87,4438.79,83.18,4.44,39673,184.01,15.12,942.71,-2.52
GM0289,2021-01-19,Gelderland-Midden,Wageningen,32.77,13,0,0.0,1746,32,1.83,4400.98,80.66,4.4,39673,168.89,10.08,945.23,-12.6
GM0289,2021-01-18,Gelderland-Midden,Wageningen,25.21,10,0,0.0,1733,32,1.85,4368.21,80.66,4.37,39673,158.81,-12.6,957.83,-5.04
GM0289,2021-01-17,Gelderland-Midden,Wageningen,12.6,5,0,0.0,1723,32,1.86,4343.0,80.66,4.34,39673,171.41,-32.77,962.87,-42.85
GM0289,2021-01-16,Gelderland-Midden,Wageningen,22.69,9,0,0.0,1718,32,1.86,4330.4,80.66,4.33,39673,204.18,-47.89,1005.72,-42.85
GM0289,2021-01-15,Gelderland-Midden,Wageningen,20.16,8,1,2.52,1709,32,1.87,4307.72,80.66,4.31,39673,252.07,-37.81,1048.57,-60.5
GM0289,2021-01-14,Gelderland-Midden,Wageningen,32.77,13,0,0.0,1701,31,1.82,4287.55,78.14,4.29,39673,289.88,-20.16,1109.07,-17.64
GM0289,2021-01-13,Gelderland-Midden,Wageningen,22.69,9,0,0.0,1688,31,1.84,4254.78,78.14,4.25,39673,310.04,5.05,1126.71,-45.37
GM0289,2021-01-12,Gelderland-Midden,Wageningen,22.69,9,0,0.0,1679,31,1.85,4232.1,78.14,4.23,39673,304.99,10.09,1172.08,-27.72
GM0289,2021-01-11,Gelderland-Midden,Wageningen,37.81,15,0,0.0,1670,31,1.86,4209.41,78.14,4.21,39673,294.9,2.52,1199.8,-12.6
GM0289,2021-01-10,Gelderland-Midden,Wageningen,45.37,18,0,0.0,1655,31,1.87,4171.6,78.14,4.17,39673,292.38,20.16,1212.4,2.52
GM0289,2021-01-09,Gelderland-Midden,Wageningen,70.58,28,0,0.0,1637,31,1.89,4126.23,78.14,4.13,39673,272.22,20.17,1209.88,35.29
GM0289,2021-01-08,Gelderland-Midden,Wageningen,57.97,23,0,0.0,1609,31,1.93,4055.65,78.14,4.06,39673,252.05,35.28,1174.59,20.16
GM0289,2021-01-07,Gelderland-Midden,Wageningen,52.93,21,0,0.0,1586,31,1.95,3997.68,78.14,4.0,39673,216.77,17.64,1154.43,15.12
GM0289,2021-01-06,Gelderland-Midden,Wageningen,17.64,7,0,0.0,1565,31,1.98,3944.75,78.14,3.94,39673,199.13,-27.73,1139.31,-7.57
GM0289,2021-01-05,Gelderland-Midden,Wageningen,12.6,5,1,2.52,1558,31,1.99,3927.1,78.14,3.93,39673,226.86,-5.04,1146.88,2.52
GM0289,2021-01-04,Gelderland-Midden,Wageningen,35.29,14,0,0.0,1553,30,1.93,3914.5,75.62,3.91,39673,231.9,-2.52,1144.36,-17.64
GM0289,2021-01-03,Gelderland-Midden,Wageningen,25.21,10,0,0.0,1539,30,1.95,3879.21,75.62,3.88,39673,234.42,-22.68,1162.0,-15.12
GM0289,2021-01-02,Gelderland-Midden,Wageningen,50.41,20,0,0.0,1529,30,1.96,3854.01,75.62,3.85,39673,257.1,37.81,1177.12,-20.17
GM0289,2021-01-01,Gelderland-Midden,Wageningen,22.69,9,0,0.0,1509,30,1.99,3803.59,75.62,3.8,39673,219.29,-5.04,1197.29,-20.16
GM0289,2020-12-31,Gelderland-Midden,Wageningen,35.29,14,0,0.0,1500,30,2.0,3780.91,75.62,3.78,39673,224.33,-25.2,1217.45,-15.12
GM0289,2020-12-30,Gelderland-Midden,Wageningen,45.37,18,0,0.0,1486,30,2.02,3745.62,75.62,3.75,39673,249.53,5.04,1232.57,35.29
GM0289,2020-12-29,Gelderland-Midden,Wageningen,17.64,7,1,2.52,1468,30,2.04,3700.25,75.62,3.7,39673,244.49,-27.73,1197.28,-10.09
GM0289,2020-12-28,Gelderland-Midden,Wageningen,37.81,15,0,0.0,1461,29,1.98,3682.61,73.1,3.68,39673,272.22,7.56,1207.37,10.08
GM0289,2020-12-27,Gelderland-Midden,Wageningen,47.89,19,0,0.0,1446,29,2.01,3644.8,73.1,3.64,39673,264.66,-7.56,1197.29,17.64
GM0289,2020-12-26,Gelderland-Midden,Wageningen,12.6,5,0,0.0,1427,29,2.03,3596.9,73.1,3.6,39673,272.22,-52.94,1179.65,7.56
GM0289,2020-12-25,Gelderland-Midden,Wageningen,27.73,11,0,0.0,1422,29,2.04,3584.3,73.1,3.58,39673,325.16,-52.93,1172.09,-17.64
GM0289,2020-12-24,Gelderland-Midden,Wageningen,60.49,24,0,0.0,1411,29,2.06,3556.58,73.1,3.56,39673,378.09,10.08,1189.73,37.8
GM0289,2020-12-23,Gelderland-Midden,Wageningen,40.33,16,1,2.52,1387,29,2.09,3496.08,73.1,3.5,39673,368.01,-27.73,1151.93,25.21
GM0289,2020-12-22,Gelderland-Midden,Wageningen,45.37,18,0,0.0,1371,28,2.04,3455.75,70.58,3.46,39673,395.74,-5.04,1126.72,17.64
GM0289,2020-12-21,Gelderland-Midden,Wageningen,30.25,12,0,0.0,1353,28,2.07,3410.38,70.58,3.41,39673,400.78,-20.16,1109.08,-15.12
GM0289,2020-12-20,Gelderland-Midden,Wageningen,55.45,22,0,0.0,1341,28,2.09,3380.13,70.58,3.38,39673,420.94,12.6,1124.2,-17.65
GM0289,2020-12-19,Gelderland-Midden,Wageningen,65.54,26,0,0.0,1319,28,2.12,3324.68,70.58,3.32,39673,408.34,30.25,1141.85,35.29
GM0289,2020-12-18,Gelderland-Midden,Wageningen,80.66,32,0,0.0,1293,28,2.17,3259.14,70.58,3.26,39673,378.09,42.85,1106.56,45.37
GM0289,2020-12-17,Gelderland-Midden,Wageningen,50.41,20,0,0.0,1261,28,2.22,3178.48,70.58,3.18,39673,335.24,12.6,1061.19,12.6
GM0289,2020-12-16,Gelderland-Midden,Wageningen,68.06,27,0,0.0,1241,28,2.26,3128.07,70.58,3.13,39673,322.64,42.85,1048.59,52.94
GM0289,2020-12-15,Gelderland-Midden,Wageningen,50.41,20,0,0.0,1214,28,2.31,3060.02,70.58,3.06,39673,279.79,40.33,995.65,42.85
GM0289,2020-12-14,Gelderland-Midden,Wageningen,50.41,20,0,0.0,1194,28,2.35,3009.6,70.58,3.01,39673,239.46,-2.52,952.8,45.37
GM0289,2020-12-13,Gelderland-Midden,Wageningen,42.85,17,0,0.0,1174,28,2.39,2959.19,70.58,2.96,39673,241.98,2.52,907.43,20.16
GM0289,2020-12-12,Gelderland-Midden,Wageningen,35.29,14,0,0.0,1157,28,2.42,2916.34,70.58,2.92,39673,239.46,-35.29,887.27,-2.52
GM0289,2020-12-11,Gelderland-Midden,Wageningen,37.81,15,0,0.0,1143,28,2.45,2881.05,70.58,2.88,39673,274.75,-5.04,889.79,10.08
GM0289,2020-12-10,Gelderland-Midden,Wageningen,37.81,15,0,0.0,1128,28,2.48,2843.24,70.58,2.84,39673,279.79,-12.6,879.71,10.08
GM0289,2020-12-09,Gelderland-Midden,Wageningen,25.21,10,0,0.0,1113,28,2.52,2805.43,70.58,2.81,39673,292.39,15.13,869.63,-20.16
GM0289,2020-12-08,Gelderland-Midden,Wageningen,10.08,4,1,2.52,1103,28,2.54,2780.23,70.58,2.78,39673,277.26,-17.65,889.79,-5.04
GM0289,2020-12-07,Gelderland-Midden,Wageningen,52.93,21,1,2.52,1099,27,2.46,2770.15,68.06,2.77,39673,294.91,25.2,894.83,32.77
GM0289,2020-12-06,Gelderland-Midden,Wageningen,40.33,16,0,0.0,1078,26,2.41,2717.21,65.54,2.72,39673,269.71,10.08,862.06,27.73
GM0289,2020-12-05,Gelderland-Midden,Wageningen,70.58,28,0,0.0,1062,26,2.45,2676.88,65.54,2.68,39673,259.63,65.54,834.33,47.89
GM0289,2020-12-04,Gelderland-Midden,Wageningen,42.85,17,1,2.52,1034,26,2.51,2606.31,65.54,2.61,39673,194.09,-2.52,786.44,10.08
GM0289,2020-12-03,Gelderland-Midden,Wageningen,50.41,20,0,0.0,1017,25,2.46,2563.46,63.02,2.56,39673,196.61,27.72,776.36,37.81
GM0289,2020-12-02,Gelderland-Midden,Wageningen,10.08,4,0,0.0,997,25,2.51,2513.04,63.02,2.51,39673,168.89,-5.04,738.55,-12.61
GM0289,2020-12-01,Gelderland-Midden,Wageningen,27.73,11,0,0.0,993,25,2.52,2502.96,63.02,2.5,39673,173.93,0.0,751.16,-2.52
GM0289,2020-11-30,Gelderland-Midden,Wageningen,27.73,11,0,0.0,982,25,2.55,2475.24,63.02,2.48,39673,173.93,-17.64,753.68,-20.16
GM0289,2020-11-29,Gelderland-Midden,Wageningen,30.25,12,0,0.0,971,25,2.57,2447.51,63.02,2.45,39673,191.57,-42.85,773.84,0.0
GM0289,2020-11-28,Gelderland-Midden,Wageningen,5.04,2,0,0.0,959,25,2.61,2417.26,63.02,2.42,39673,234.42,-25.21,773.84,-32.77
GM0289,2020-11-27,Gelderland-Midden,Wageningen,45.37,18,0,0.0,957,25,2.61,2412.22,63.02,2.41,39673,259.63,10.08,806.61,5.04
GM0289,2020-11-26,Gelderland-Midden,Wageningen,22.69,9,0,0.0,939,25,2.66,2366.85,63.02,2.37,39673,249.55,-15.12,801.57,-22.68
GM0289,2020-11-25,Gelderland-Midden,Wageningen,15.12,6,1,2.52,930,25,2.69,2344.16,63.02,2.34,39673,264.67,0.0,824.25,0.0
GM0289,2020-11-24,Gelderland-Midden,Wageningen,27.73,11,2,5.04,924,24,2.6,2329.04,60.49,2.33,39673,264.67,20.17,824.25,-7.56
GM0289,2020-11-23,Gelderland-Midden,Wageningen,45.37,18,0,0.0,913,22,2.41,2301.31,55.45,2.3,39673,244.5,40.33,831.81,20.16
GM0289,2020-11-22,Gelderland-Midden,Wageningen,73.1,29,0,0.0,895,22,2.46,2255.94,55.45,2.26,39673,204.17,50.41,811.65,12.61
GM0289,2020-11-21,Gelderland-Midden,Wageningen,30.25,12,0,0.0,866,22,2.54,2182.84,55.45,2.18,39673,153.76,-7.56,799.04,-2.52
GM0289,2020-11-20,Gelderland-Midden,Wageningen,35.29,14,0,0.0,854,22,2.58,2152.6,55.45,2.15,39673,161.32,7.56,801.56,10.08
GM0289,2020-11-19,Gelderland-Midden,Wageningen,37.81,15,0,0.0,840,22,2.62,2117.31,55.45,2.12,39673,153.76,10.08,791.48,-10.08
GM0289,2020-11-18,Gelderland-Midden,Wageningen,15.12,6,0,0.0,825,22,2.67,2079.5,55.45,2.08,39673,143.68,-30.25,801.56,-12.61
GM0289,2020-11-17,Gelderland-Midden,Wageningen,7.56,3,2,5.04,819,22,2.69,2064.38,55.45,2.06,39673,173.93,-7.56,814.17,-30.25
GM0289,2020-11-16,Gelderland-Midden,Wageningen,5.04,2,0,0.0,816,20,2.45,2056.81,50.41,2.06,39673,181.49,-15.12,844.42,-12.6
GM0289,2020-11-15,Gelderland-Midden,Wageningen,22.69,9,0,0.0,814,20,2.46,2051.77,50.41,2.05,39673,196.61,10.09,857.02,-2.52
GM0289,2020-11-14,Gelderland-Midden,Wageningen,37.81,15,0,0.0,805,20,2.48,2029.09,50.41,2.03,39673,186.52,15.12,859.54,-2.52
GM0289,2020-11-13,Gelderland-Midden,Wageningen,27.73,11,0,0.0,790,20,2.53,1991.28,50.41,1.99,39673,171.4,-5.04,862.06,-7.56
GM0289,2020-11-12,Gelderland-Midden,Wageningen,27.73,11,0,0.0,779,20,2.57,1963.55,50.41,1.96,39673,176.44,15.13,869.62,-15.12
GM0289,2020-11-11,Gelderland-Midden,Wageningen,45.37,18,0,0.0,768,20,2.6,1935.83,50.41,1.94,39673,161.31,22.68,884.74,10.08
GM0289,2020-11-10,Gelderland-Midden,Wageningen,15.12,6,0,0.0,750,20,2.67,1890.45,50.41,1.89,39673,138.63,-15.13,874.66,-65.54
GM0289,2020-11-09,Gelderland-Midden,Wageningen,20.16,8,0,0.0,744,20,2.69,1875.33,50.41,1.88,39673,153.76,-27.73,940.2,0.0
GM0289,2020-11-08,Gelderland-Midden,Wageningen,12.6,5,0,0.0,736,20,2.72,1855.17,50.41,1.86,39673,181.49,-17.65,940.2,-12.61
GM0289,2020-11-07,Gelderland-Midden,Wageningen,22.69,9,0,0.0,731,20,2.74,1842.56,50.41,1.84,39673,199.14,-15.12,952.81,-25.2
GM0289,2020-11-06,Gelderland-Midden,Wageningen,32.77,13,0,0.0,722,20,2.77,1819.88,50.41,1.82,39673,214.26,-7.56,978.01,-37.81
GM0289,2020-11-05,Gelderland-Midden,Wageningen,12.6,5,0,0.0,709,20,2.82,1787.11,50.41,1.79,39673,221.82,-32.77,1015.82,-30.25
GM0289,2020-11-04,Gelderland-Midden,Wageningen,22.69,9,1,2.52,704,20,2.84,1774.51,50.41,1.77,39673,254.59,7.57,1046.07,-12.6
GM0289,2020-11-03,Gelderland-Midden,Wageningen,30.25,12,0,0.0,695,19,2.73,1751.82,47.89,1.75,39673,247.02,-5.04,1058.67,-12.6
GM0289,2020-11-02,Gelderland-Midden,Wageningen,47.89,19,0,0.0,683,19,2.78,1721.57,47.89,1.72,39673,252.06,22.68,1071.27,17.64
GM0289,2020-11-01,Gelderland-Midden,Wageningen,30.25,12,0,0.0,664,19,2.86,1673.68,47.89,1.67,39673,229.38,-30.24,1053.63,7.56
GM0289,2020-10-31,Gelderland-Midden,Wageningen,37.81,15,0,0.0,652,19,2.91,1643.44,47.89,1.64,39673,259.62,5.04,1046.07,20.17
GM0289,2020-10-30,Gelderland-Midden,Wageningen,40.33,16,0,0.0,637,19,2.98,1605.63,47.89,1.61,39673,254.58,15.12,1025.9,32.77
GM0289,2020-10-29,Gelderland-Midden,Wageningen,45.37,18,0,0.0,621,19,3.06,1565.3,47.89,1.57,39673,239.46,-2.52,993.13,25.21
GM0289,2020-10-28,Gelderland-Midden,Wageningen,15.12,6,0,0.0,603,19,3.15,1519.93,47.89,1.52,39673,241.98,-12.61,967.92,0.0
GM0289,2020-10-27,Gelderland-Midden,Wageningen,35.29,14,0,0.0,597,19,3.18,1504.8,47.89,1.5,39673,254.59,-2.52,967.92,22.69
GM0289,2020-10-26,Gelderland-Midden,Wageningen,25.21,10,0,0.0,583,19,3.26,1469.51,47.89,1.47,39673,257.11,7.57,945.23,15.13
GM0289,2020-10-25,Gelderland-Midden,Wageningen,60.49,24,0,0.0,573,19,3.32,1444.31,47.89,1.44,39673,249.54,35.28,930.1,42.85
GM0289,2020-10-24,Gelderland-Midden,Wageningen,32.77,13,0,0.0,549,19,3.46,1383.81,47.89,1.38,39673,214.26,-7.56,887.25,20.17
GM0289,2020-10-23,Gelderland-Midden,Wageningen,25.21,10,1,2.52,536,19,3.54,1351.04,47.89,1.35,39673,221.82,-10.08,867.08,15.13
GM0289,2020-10-22,Gelderland-Midden,Wageningen,47.89,19,0,0.0,526,18,3.42,1325.84,45.37,1.33,39673,231.9,5.04,851.95,35.29
GM0289,2020-10-21,Gelderland-Midden,Wageningen,27.73,11,2,5.04,507,18,3.55,1277.95,45.37,1.28,39673,226.86,-7.56,816.66,2.52
GM0289,2020-10-20,Gelderland-Midden,Wageningen,37.81,15,3,7.56,496,16,3.23,1250.22,40.33,1.25,39673,234.42,-42.85,814.14,27.73
GM0289,2020-10-19,Gelderland-Midden,Wageningen,17.64,7,0,0.0,481,13,2.7,1212.41,32.77,1.21,39673,277.27,-2.52,786.41,12.6
GM0289,2020-10-18,Gelderland-Midden,Wageningen,25.21,10,0,0.0,474,13,2.74,1194.77,32.77,1.19,39673,279.79,0.0,773.81,22.69
GM0289,2020-10-17,Gelderland-Midden,Wageningen,40.33,16,0,0.0,464,13,2.8,1169.56,32.77,1.17,39673,279.79,-7.56,751.12,35.29
GM0289,2020-10-16,Gelderland-Midden,Wageningen,35.29,14,0,0.0,448,13,2.9,1129.23,32.77,1.13,39673,287.35,-35.29,715.83,20.17
GM0289,2020-10-15,Gelderland-Midden,Wageningen,42.85,17,4,10.08,434,13,3.0,1093.94,32.77,1.09,39673,322.64,0.0,695.66,27.73
GM0289,2020-10-14,Gelderland-Midden,Wageningen,35.29,14,0,0.0,417,9,2.16,1051.09,22.69,1.05,39673,322.64,0.0,667.93,-5.04
GM0289,2020-10-13,Gelderland-Midden,Wageningen,80.66,32,0,0.0,403,9,2.23,1015.8,22.69,1.02,39673,322.64,37.81,672.97,75.62
GM0289,2020-10-12,Gelderland-Midden,Wageningen,20.16,8,0,0.0,371,9,2.43,935.14,22.69,0.94,39673,284.83,-10.09,597.35,0.0
GM0289,2020-10-11,Gelderland-Midden,Wageningen,25.21,10,0,0.0,363,9,2.48,914.98,22.69,0.91,39673,294.92,2.52,597.35,17.65
GM0289,2020-10-10,Gelderland-Midden,Wageningen,47.89,19,0,0.0,353,9,2.55,889.77,22.69,0.89,39673,292.4,30.25,579.7,40.33
GM0289,2020-10-09,Gelderland-Midden,Wageningen,70.58,28,0,0.0,334,9,2.69,841.88,22.69,0.84,39673,262.15,63.02,539.37,52.94
GM0289,2020-10-08,Gelderland-Midden,Wageningen,42.85,17,0,0.0,306,9,2.94,771.31,22.69,0.77,39673,199.13,22.69,486.43,40.33
GM0289,2020-10-07,Gelderland-Midden,Wageningen,35.29,14,0,0.0,289,9,3.11,728.46,22.69,0.73,39673,176.44,20.17,446.1,25.21
GM0289,2020-10-06,Gelderland-Midden,Wageningen,42.85,17,0,0.0,275,9,3.27,693.17,22.69,0.69,39673,156.27,30.25,420.89,40.33
GM0289,2020-10-05,Gelderland-Midden,Wageningen,30.25,12,0,0.0,258,9,3.49,650.32,22.69,0.65,39673,126.02,20.17,380.56,30.25
GM0289,2020-10-04,Gelderland-Midden,Wageningen,22.69,9,0,0.0,246,9,3.66,620.07,22.69,0.62,39673,105.85,5.05,350.31,12.61
GM0289,2020-10-03,Gelderland-Midden,Wageningen,17.64,7,0,0.0,237,9,3.8,597.38,22.69,0.6,39673,100.8,5.04,337.7,10.08
GM0289,2020-10-02,Gelderland-Midden,Wageningen,7.56,3,0,0.0,230,9,3.91,579.74,22.69,0.58,39673,95.76,-2.52,327.62,2.52
GM0289,2020-10-01,Gelderland-Midden,Wageningen,20.16,8,0,0.0,227,9,3.96,572.18,22.69,0.57,39673,98.28,7.56,325.1,7.56
GM0289,2020-09-30,Gelderland-Midden,Wageningen,15.12,6,0,0.0,219,9,4.11,552.01,22.69,0.55,39673,90.72,-10.09,317.54,12.6
GM0289,2020-09-29,Gelderland-Midden,Wageningen,12.6,5,0,0.0,213,9,4.23,536.89,22.69,0.54,39673,100.81,2.52,304.94,7.56
GM0289,2020-09-28,Gelderland-Midden,Wageningen,10.08,4,0,0.0,208,9,4.33,524.29,22.69,0.52,39673,98.29,5.04,297.38,10.08
GM0289,2020-09-27,Gelderland-Midden,Wageningen,17.64,7,0,0.0,204,9,4.41,514.2,22.69,0.51,39673,93.25,15.12,287.3,12.6
GM0289,2020-09-26,Gelderland-Midden,Wageningen,12.6,5,0,0.0,197,9,4.57,496.56,22.69,0.5,39673,78.13,7.56,274.7,5.04
GM0289,2020-09-25,Gelderland-Midden,Wageningen,10.08,4,0,0.0,192,9,4.69,483.96,22.69,0.48,39673,70.57,-5.04,269.66,5.04
GM0289,2020-09-24,Gelderland-Midden,Wageningen,12.6,5,0,0.0,188,9,4.79,473.87,22.69,0.47,39673,75.61,-2.52,264.62,5.04
GM0289,2020-09-23,Gelderland-Midden,Wageningen,25.21,10,0,0.0,183,9,4.92,461.27,22.69,0.46,39673,78.13,-15.12,259.58,25.21
GM0289,2020-09-22,Gelderland-Midden,Wageningen,10.08,4,0,0.0,173,9,5.2,436.06,22.69,0.44,39673,93.25,5.04,234.37,5.04
GM0289,2020-09-21,Gelderland-Midden,Wageningen,5.04,2,0,0.0,169,9,5.33,425.98,22.69,0.43,39673,88.21,-15.12,229.33,2.52
GM0289,2020-09-20,Gelderland-Midden,Wageningen,2.52,1,0,0.0,167,9,5.39,420.94,22.69,0.42,39673,103.33,-5.04,226.81,-10.08
GM0289,2020-09-19,Gelderland-Midden,Wageningen,5.04,2,0,0.0,166,9,5.42,418.42,22.69,0.42,39673,108.37,-2.52,236.89,2.52
GM0289,2020-09-18,Gelderland-Midden,Wageningen,15.12,6,0,0.0,164,9,5.49,413.38,22.69,0.41,39673,110.89,-2.52,234.37,10.08
GM0289,2020-09-17,Gelderland-Midden,Wageningen,15.12,6,0,0.0,158,9,5.7,398.26,22.69,0.4,39673,113.41,12.6,224.29,5.04
GM0289,2020-09-16,Gelderland-Midden,Wageningen,40.33,16,0,0.0,152,9,5.92,383.13,22.69,0.38,39673,100.81,30.25,219.25,35.29
GM0289,2020-09-15,Gelderland-Midden,Wageningen,5.04,2,0,0.0,136,9,6.62,342.8,22.69,0.34,39673,70.56,2.52,183.96,2.52
GM0289,2020-09-14,Gelderland-Midden,Wageningen,20.16,8,0,0.0,134,9,6.72,337.76,22.69,0.34,39673,68.04,20.16,181.44,20.16
GM0289,2020-09-13,Gelderland-Midden,Wageningen,7.56,3,0,0.0,126,9,7.14,317.6,22.69,0.32,39673,47.88,-2.52,161.28,7.56
GM0289,2020-09-12,Gelderland-Midden,Wageningen,7.56,3,0,0.0,123,9,7.32,310.03,22.69,0.31,39673,50.4,0.0,153.72,5.04
GM0289,2020-09-11,Gelderland-Midden,Wageningen,17.64,7,0,0.0,120,9,7.5,302.47,22.69,0.3,39673,50.4,12.6,148.68,17.64
GM0289,2020-09-10,Gelderland-Midden,Wageningen,2.52,1,0,0.0,113,9,7.96,284.83,22.69,0.28,39673,37.8,-10.08,131.04,2.52
GM0289,2020-09-09,Gelderland-Midden,Wageningen,10.08,4,0,0.0,112,9,8.04,282.31,22.69,0.28,39673,47.88,7.56,128.52,7.56
GM0289,2020-09-08,Gelderland-Midden,Wageningen,2.52,1,0,0.0,108,9,8.33,272.23,22.69,0.27,39673,40.32,-2.52,120.96,0.0
GM0289,2020-09-07,Gelderland-Midden,Wageningen,0.0,0,0,0.0,107,9,8.41,269.7,22.69,0.27,39673,42.84,0.0,120.96,-2.52
GM0289,2020-09-06,Gelderland-Midden,Wageningen,10.08,4,0,0.0,107,9,8.41,269.7,22.69,0.27,39673,42.84,5.04,123.48,7.56
GM0289,2020-09-05,Gelderland-Midden,Wageningen,7.56,3,0,0.0,103,9,8.74,259.62,22.69,0.26,39673,37.8,0.0,115.92,5.04
GM0289,2020-09-04,Gelderland-Midden,Wageningen,5.04,2,0,0.0,100,9,9.0,252.06,22.69,0.25,39673,37.8,0.0,110.88,5.04
GM0289,2020-09-03,Gelderland-Midden,Wageningen,12.6,5,0,0.0,98,9,9.18,247.02,22.69,0.25,39673,37.8,5.04,105.84,12.6
GM0289,2020-09-02,Gelderland-Midden,Wageningen,2.52,1,0,0.0,93,9,9.68,234.42,22.69,0.23,39673,32.76,2.52,93.24,2.52
GM0289,2020-09-01,Gelderland-Midden,Wageningen,5.04,2,0,0.0,92,9,9.78,231.9,22.69,0.23,39673,30.24,0.0,90.72,5.04
GM0289,2020-08-31,Gelderland-Midden,Wageningen,0.0,0,0,0.0,90,9,10.0,226.85,22.69,0.23,39673,30.24,-2.52,85.68,0.0
GM0289,2020-08-30,Gelderland-Midden,Wageningen,5.04,2,0,0.0,90,9,10.0,226.85,22.69,0.23,39673,32.76,-7.56,85.68,2.52
GM0289,2020-08-29,Gelderland-Midden,Wageningen,7.56,3,0,0.0,88,9,10.23,221.81,22.69,0.22,39673,40.32,5.04,83.16,7.56
GM0289,2020-08-28,Gelderland-Midden,Wageningen,5.04,2,0,0.0,85,9,10.59,214.25,22.69,0.21,39673,35.28,0.0,75.6,5.04
GM0289,2020-08-27,Gelderland-Midden,Wageningen,7.56,3,0,0.0,83,9,10.84,209.21,22.69,0.21,39673,35.28,-2.52,70.56,7.56
GM0289,2020-08-26,Gelderland-Midden,Wageningen,0.0,0,0,0.0,80,9,11.25,201.65,22.69,0.2,39673,37.8,-5.04,63.0,0.0
GM0289,2020-08-25,Gelderland-Midden,Wageningen,5.04,2,0,0.0,80,9,11.25,201.65,22.69,0.2,39673,42.84,2.52,63.0,5.04
GM0289,2020-08-24,Gelderland-Midden,Wageningen,2.52,1,0,0.0,78,9,11.54,196.61,22.69,0.2,39673,40.32,2.52,57.96,2.52
GM0289,2020-08-23,Gelderland-Midden,Wageningen,12.6,5,0,0.0,77,9,11.69,194.09,22.69,0.19,39673,37.8,12.6,55.44,12.6
GM0289,2020-08-22,Gelderland-Midden,Wageningen,2.52,1,0,0.0,72,9,12.5,181.48,22.69,0.18,39673,25.2,0.0,42.84,2.52
GM0289,2020-08-21,Gelderland-Midden,Wageningen,5.04,2,0,0.0,71,9,12.68,178.96,22.69,0.18,39673,25.2,5.04,40.32,5.04
GM0289,2020-08-20,Gelderland-Midden,Wageningen,10.08,4,0,0.0,69,9,13.04,173.92,22.69,0.17,39673,20.16,10.08,35.28,10.08
GM0289,2020-08-19,Gelderland-Midden,Wageningen,5.04,2,0,0.0,65,9,13.85,163.84,22.69,0.16,39673,10.08,2.52,25.2,5.04
GM0289,2020-08-18,Gelderland-Midden,Wageningen,2.52,1,0,0.0,63,9,14.29,158.8,22.69,0.16,39673,7.56,0.0,20.16,-2.52
GM0289,2020-08-17,Gelderland-Midden,Wageningen,0.0,0,0,0.0,62,9,14.52,156.28,22.69,0.16,39673,7.56,-2.52,22.68,0.0
GM0289,2020-08-16,Gelderland-Midden,Wageningen,0.0,0,0,0.0,62,9,14.52,156.28,22.69,0.16,39673,10.08,-2.52,22.68,0.0
GM0289,2020-08-15,Gelderland-Midden,Wageningen,2.52,1,0,0.0,62,9,14.52,156.28,22.69,0.16,39673,12.6,0.0,22.68,0.0
GM0289,2020-08-14,Gelderland-Midden,Wageningen,0.0,0,0,0.0,61,9,14.75,153.76,22.69,0.15,39673,12.6,0.0,22.68,0.0
GM0289,2020-08-13,Gelderland-Midden,Wageningen,0.0,0,0,0.0,61,9,14.75,153.76,22.69,0.15,39673,12.6,0.0,22.68,0.0
GM0289,2020-08-12,Gelderland-Midden,Wageningen,2.52,1,0,0.0,61,9,14.75,153.76,22.69,0.15,39673,12.6,2.52,22.68,2.52
GM0289,2020-08-11,Gelderland-Midden,Wageningen,2.52,1,0,0.0,60,9,15.0,151.24,22.69,0.15,39673,10.08,2.52,20.16,2.52
GM0289,2020-08-10,Gelderland-Midden,Wageningen,2.52,1,0,0.0,59,9,15.25,148.72,22.69,0.15,39673,7.56,2.52,17.64,2.52
GM0289,2020-08-09,Gelderland-Midden,Wageningen,2.52,1,0,0.0,58,9,15.52,146.2,22.69,0.15,39673,5.04,0.0,15.12,2.52
GM0289,2020-08-08,Gelderland-Midden,Wageningen,2.52,1,0,0.0,57,9,15.79,143.67,22.69,0.14,39673,5.04,2.52,12.6,2.52
GM0289,2020-08-07,Gelderland-Midden,Wageningen,0.0,0,0,0.0,56,9,16.07,141.15,22.69,0.14,39673,2.52,0.0,10.08,0.0
GM0289,2020-08-06,Gelderland-Midden,Wageningen,0.0,0,0,0.0,56,9,16.07,141.15,22.69,0.14,39673,2.52,0.0,10.08,0.0
GM0289,2020-08-05,Gelderland-Midden,Wageningen,0.0,0,0,0.0,56,9,16.07,141.15,22.69,0.14,39673,2.52,0.0,10.08,0.0
GM0289,2020-08-04,Gelderland-Midden,Wageningen,0.0,0,0,0.0,56,9,16.07,141.15,22.69,0.14,39673,2.52,0.0,10.08,0.0
GM0289,2020-08-03,Gelderland-Midden,Wageningen,0.0,0,0,0.0,56,9,16.07,141.15,22.69,0.14,39673,2.52,0.0,10.08,0.0
GM0289,2020-08-02,Gelderland-Midden,Wageningen,2.52,1,0,0.0,56,9,16.07,141.15,22.69,0.14,39673,2.52,2.52,10.08,2.52
GM0289,2020-08-01,Gelderland-Midden,Wageningen,0.0,0,0,0.0,55,9,16.36,138.63,22.69,0.14,39673,0.0,0.0,7.56,0.0
GM0289,2020-07-31,Gelderland-Midden,Wageningen,0.0,0,0,0.0,55,9,16.36,138.63,22.69,0.14,39673,0.0,0.0,7.56,0.0
GM0289,2020-07-30,Gelderland-Midden,Wageningen,0.0,0,0,0.0,55,9,16.36,138.63,22.69,0.14,39673,0.0,0.0,7.56,0.0
GM0289,2020-07-29,Gelderland-Midden,Wageningen,0.0,0,0,0.0,55,9,16.36,138.63,22.69,0.14,39673,0.0,0.0,7.56,0.0
GM0289,2020-07-28,Gelderland-Midden,Wageningen,0.0,0,0,0.0,55,9,16.36,138.63,22.69,0.14,39673,0.0,-5.04,7.56,0.0
GM0289,2020-07-27,Gelderland-Midden,Wageningen,0.0,0,0,0.0,55,9,16.36,138.63,22.69,0.14,39673,5.04,0.0,7.56,0.0
GM0289,2020-07-26,Gelderland-Midden,Wageningen,0.0,0,0,0.0,55,9,16.36,138.63,22.69,0.14,39673,5.04,0.0,7.56,0.0
GM0289,2020-07-25,Gelderland-Midden,Wageningen,0.0,0,0,0.0,55,9,16.36,138.63,22.69,0.14,39673,5.04,-2.52,7.56,0.0
GM0289,2020-07-24,Gelderland-Midden,Wageningen,0.0,0,0,0.0,55,9,16.36,138.63,22.69,0.14,39673,7.56,0.0,7.56,0.0
GM0289,2020-07-23,Gelderland-Midden,Wageningen,0.0,0,0,0.0,55,9,16.36,138.63,22.69,0.14,39673,7.56,0.0,7.56,0.0
GM0289,2020-07-22,Gelderland-Midden,Wageningen,0.0,0,0,0.0,55,9,16.36,138.63,22.69,0.14,39673,7.56,0.0,7.56,0.0
GM0289,2020-07-21,Gelderland-Midden,Wageningen,5.04,2,0,0.0,55,9,16.36,138.63,22.69,0.14,39673,7.56,5.04,7.56,5.04
GM0289,2020-07-20,Gelderland-Midden,Wageningen,0.0,0,0,0.0,53,9,16.98,133.59,22.69,0.13,39673,2.52,0.0,2.52,0.0
GM0289,2020-07-19,Gelderland-Midden,Wageningen,0.0,0,0,0.0,53,9,16.98,133.59,22.69,0.13,39673,2.52,0.0,2.52,0.0
GM0289,2020-07-18,Gelderland-Midden,Wageningen,2.52,1,0,0.0,53,9,16.98,133.59,22.69,0.13,39673,2.52,2.52,2.52,2.52
GM0289,2020-07-17,Gelderland-Midden,Wageningen,0.0,0,0,0.0,52,9,17.31,131.07,22.69,0.13,39673,0.0,0.0,0.0,0.0
GM0289,2020-07-16,Gelderland-Midden,Wageningen,0.0,0,0,0.0,52,9,17.31,131.07,22.69,0.13,39673,0.0,0.0,0.0,0.0
GM0289,2020-07-15,Gelderland-Midden,Wageningen,0.0,0,0,0.0,52,9,17.31,131.07,22.69,0.13,39673,0.0,0.0,0.0,0.0
GM0289,2020-07-14,Gelderland-Midden,Wageningen,0.0,0,0,0.0,52,9,17.31,131.07,22.69,0.13,39673,0.0,0.0,0.0,0.0
GM0289,2020-07-13,Gelderland-Midden,Wageningen,0.0,0,0,0.0,52,9,17.31,131.07,22.69,0.13,39673,0.0,0.0,0.0,0.0
GM0289,2020-07-12,Gelderland-Midden,Wageningen,0.0,0,0,0.0,52,9,17.31,131.07,22.69,0.13,39673,0.0,0.0,0.0,0.0
GM0289,2020-07-11,Gelderland-Midden,Wageningen,0.0,0,0,0.0,52,9,17.31,131.07,22.69,0.13,39673,0.0,0.0,0.0,0.0
GM0289,2020-07-10,Gelderland-Midden,Wageningen,0.0,0,0,0.0,52,9,17.31,131.07,22.69,0.13,39673,0.0,0.0,0.0,0.0
GM0289,2020-07-09,Gelderland-Midden,Wageningen,0.0,0,0,0.0,52,9,17.31,131.07,22.69,0.13,39673,0.0,0.0,0.0,0.0
GM0289,2020-07-08,Gelderland-Midden,Wageningen,0.0,0,0,0.0,52,9,17.31,131.07,22.69,0.13,39673,0.0,0.0,0.0,0.0
GM0289,2020-07-07,Gelderland-Midden,Wageningen,0.0,0,0,0.0,52,9,17.31,131.07,22.69,0.13,39673,0.0,0.0,0.0,0.0
GM0289,2020-07-06,Gelderland-Midden,Wageningen,0.0,0,0,0.0,52,9,17.31,131.07,22.69,0.13,39673,0.0,0.0,0.0,0.0
GM0289,2020-07-05,Gelderland-Midden,Wageningen,0.0,0,0,0.0,52,9,17.31,131.07,22.69,0.13,39673,0.0,0.0,0.0,0.0
GM0289,2020-07-04,Gelderland-Midden,Wageningen,0.0,0,0,0.0,52,9,17.31,131.07,22.69,0.13,39673,0.0,0.0,0.0,0.0
GM0289,2020-07-03,Gelderland-Midden,Wageningen,0.0,0,0,0.0,52,9,17.31,131.07,22.69,0.13,39673,0.0,0.0,0.0,0.0
GM0289,2020-07-02,Gelderland-Midden,Wageningen,0.0,0,0,0.0,52,9,17.31,131.07,22.69,0.13,39673,0.0,0.0,0.0,-2.52
GM0289,2020-07-01,Gelderland-Midden,Wageningen,0.0,0,0,0.0,52,9,17.31,131.07,22.69,0.13,39673,0.0,0.0,2.52,0.0
GM0289,2020-06-30,Gelderland-Midden,Wageningen,0.0,0,0,0.0,52,9,17.31,131.07,22.69,0.13,39673,0.0,0.0,2.52,0.0
GM0289,2020-06-29,Gelderland-Midden,Wageningen,0.0,0,0,0.0,52,9,17.31,131.07,22.69,0.13,39673,0.0,0.0,2.52,0.0
GM0289,2020-06-28,Gelderland-Midden,Wageningen,0.0,0,0,0.0,52,9,17.31,131.07,22.69,0.13,39673,0.0,0.0,2.52,0.0
GM0289,2020-06-27,Gelderland-Midden,Wageningen,0.0,0,0,0.0,52,9,17.31,131.07,22.69,0.13,39673,0.0,0.0,2.52,0.0
GM0289,2020-06-26,Gelderland-Midden,Wageningen,0.0,0,0,0.0,52,9,17.31,131.07,22.69,0.13,39673,0.0,0.0,2.52,0.0
GM0289,2020-06-25,Gelderland-Midden,Wageningen,0.0,0,0,0.0,52,9,17.31,131.07,22.69,0.13,39673,0.0,0.0,2.52,-2.52
GM0289,2020-06-24,Gelderland-Midden,Wageningen,0.0,0,0,0.0,52,9,17.31,131.07,22.69,0.13,39673,0.0,0.0,5.04,0.0
GM0289,2020-06-23,Gelderland-Midden,Wageningen,0.0,0,0,0.0,52,9,17.31,131.07,22.69,0.13,39673,0.0,0.0,5.04,0.0
GM0289,2020-06-22,Gelderland-Midden,Wageningen,0.0,0,0,0.0,52,9,17.31,131.07,22.69,0.13,39673,0.0,0.0,5.04,0.0
GM0289,2020-06-21,Gelderland-Midden,Wageningen,0.0,0,0,0.0,52,9,17.31,131.07,22.69,0.13,39673,0.0,0.0,5.04,-2.52
GM0289,2020-06-20,Gelderland-Midden,Wageningen,0.0,0,0,0.0,52,9,17.31,131.07,22.69,0.13,39673,0.0,0.0,7.56,-2.52
GM0289,2020-06-19,Gelderland-Midden,Wageningen,0.0,0,0,0.0,52,9,17.31,131.07,22.69,0.13,39673,0.0,0.0,10.08,0.0
GM0289,2020-06-18,Gelderland-Midden,Wageningen,0.0,0,0,0.0,52,9,17.31,131.07,22.69,0.13,39673,0.0,0.0,10.08,0.0
GM0289,2020-06-17,Gelderland-Midden,Wageningen,0.0,0,0,0.0,52,9,17.31,131.07,22.69,0.13,39673,0.0,0.0,10.08,0.0
GM0289,2020-06-16,Gelderland-Midden,Wageningen,0.0,0,0,0.0,52,9,17.31,131.07,22.69,0.13,39673,0.0,0.0,10.08,0.0
GM0289,2020-06-15,Gelderland-Midden,Wageningen,0.0,0,0,0.0,52,9,17.31,131.07,22.69,0.13,39673,0.0,0.0,10.08,0.0
GM0289,2020-06-14,Gelderland-Midden,Wageningen,0.0,0,0,0.0,52,9,17.31,131.07,22.69,0.13,39673,0.0,0.0,10.08,-2.52
GM0289,2020-06-13,Gelderland-Midden,Wageningen,0.0,0,0,0.0,52,9,17.31,131.07,22.69,0.13,39673,0.0,0.0,12.6,0.0
GM0289,2020-06-12,Gelderland-Midden,Wageningen,0.0,0,0,0.0,52,9,17.31,131.07,22.69,0.13,39673,0.0,0.0,12.6,0.0
GM0289,2020-06-11,Gelderland-Midden,Wageningen,0.0,0,0,0.0,52,9,17.31,131.07,22.69,0.13,39673,0.0,-2.52,12.6,-2.52
GM0289,2020-06-10,Gelderland-Midden,Wageningen,0.0,0,0,0.0,52,9,17.31,131.07,22.69,0.13,39673,2.52,0.0,15.12,0.0
GM0289,2020-06-09,Gelderland-Midden,Wageningen,0.0,0,0,0.0,52,9,17.31,131.07,22.69,0.13,39673,2.52,0.0,15.12,0.0
GM0289,2020-06-08,Gelderland-Midden,Wageningen,0.0,0,0,0.0,52,9,17.31,131.07,22.69,0.13,39673,2.52,0.0,15.12,0.0
GM0289,2020-06-07,Gelderland-Midden,Wageningen,0.0,0,0,0.0,52,9,17.31,131.07,22.69,0.13,39673,2.52,0.0,15.12,0.0
GM0289,2020-06-06,Gelderland-Midden,Wageningen,0.0,0,0,0.0,52,9,17.31,131.07,22.69,0.13,39673,2.52,0.0,15.12,0.0
GM0289,2020-06-05,Gelderland-Midden,Wageningen,0.0,0,0,0.0,52,9,17.31,131.07,22.69,0.13,39673,2.52,0.0,15.12,0.0
GM0289,2020-06-04,Gelderland-Midden,Wageningen,2.52,1,0,0.0,52,9,17.31,131.07,22.69,0.13,39673,2.52,0.0,15.12,2.52
GM0289,2020-06-03,Gelderland-Midden,Wageningen,0.0,0,0,0.0,51,9,17.65,128.55,22.69,0.13,39673,2.52,0.0,12.6,-2.52
GM0289,2020-06-02,Gelderland-Midden,Wageningen,0.0,0,0,0.0,51,9,17.65,128.55,22.69,0.13,39673,2.52,0.0,15.12,0.0
GM0289,2020-06-01,Gelderland-Midden,Wageningen,0.0,0,0,0.0,51,9,17.65,128.55,22.69,0.13,39673,2.52,0.0,15.12,0.0
GM0289,2020-05-31,Gelderland-Midden,Wageningen,0.0,0,0,0.0,51,9,17.65,128.55,22.69,0.13,39673,2.52,-2.52,15.12,-2.52
GM0289,2020-05-30,Gelderland-Midden,Wageningen,0.0,0,0,0.0,51,9,17.65,128.55,22.69,0.13,39673,5.04,-2.52,17.64,0.0
GM0289,2020-05-29,Gelderland-Midden,Wageningen,0.0,0,0,0.0,51,9,17.65,128.55,22.69,0.13,39673,7.56,0.0,17.64,0.0
GM0289,2020-05-28,Gelderland-Midden,Wageningen,2.52,1,0,0.0,51,9,17.65,128.55,22.69,0.13,39673,7.56,2.52,17.64,2.52
GM0289,2020-05-27,Gelderland-Midden,Wageningen,0.0,0,0,0.0,50,9,18.0,126.03,22.69,0.13,39673,5.04,0.0,15.12,-5.04
GM0289,2020-05-26,Gelderland-Midden,Wageningen,0.0,0,0,0.0,50,9,18.0,126.03,22.69,0.13,39673,5.04,0.0,20.16,0.0
GM0289,2020-05-25,Gelderland-Midden,Wageningen,0.0,0,0,0.0,50,9,18.0,126.03,22.69,0.13,39673,5.04,0.0,20.16,0.0
GM0289,2020-05-24,Gelderland-Midden,Wageningen,2.52,1,0,0.0,50,9,18.0,126.03,22.69,0.13,39673,5.04,0.0,20.16,2.52
GM0289,2020-05-23,Gelderland-Midden,Wageningen,2.52,1,0,0.0,49,9,18.37,123.51,22.69,0.12,39673,5.04,2.52,17.64,2.52
GM0289,2020-05-22,Gelderland-Midden,Wageningen,0.0,0,0,0.0,48,9,18.75,120.99,22.69,0.12,39673,2.52,0.0,15.12,-2.52
GM0289,2020-05-21,Gelderland-Midden,Wageningen,0.0,0,0,0.0,48,9,18.75,120.99,22.69,0.12,39673,2.52,-2.52,17.64,0.0
GM0289,2020-05-20,Gelderland-Midden,Wageningen,0.0,0,0,0.0,48,9,18.75,120.99,22.69,0.12,39673,5.04,0.0,17.64,-2.52
GM0289,2020-05-19,Gelderland-Midden,Wageningen,0.0,0,0,0.0,48,9,18.75,120.99,22.69,0.12,39673,5.04,0.0,20.16,-2.52
GM0289,2020-05-18,Gelderland-Midden,Wageningen,0.0,0,0,0.0,48,9,18.75,120.99,22.69,0.12,39673,5.04,0.0,22.68,0.0
GM0289,2020-05-17,Gelderland-Midden,Wageningen,2.52,1,0,0.0,48,9,18.75,120.99,22.69,0.12,39673,5.04,2.52,22.68,0.0
GM0289,2020-05-16,Gelderland-Midden,Wageningen,0.0,0,0,0.0,47,9,19.15,118.47,22.69,0.12,39673,2.52,0.0,22.68,-5.04
GM0289,2020-05-15,Gelderland-Midden,Wageningen,0.0,0,0,0.0,47,9,19.15,118.47,22.69,0.12,39673,2.52,0.0,27.72,-7.56
GM0289,2020-05-14,Gelderland-Midden,Wageningen,2.52,1,0,0.0,47,9,19.15,118.47,22.69,0.12,39673,2.52,2.52,35.28,2.52
GM0289,2020-05-13,Gelderland-Midden,Wageningen,0.0,0,0,0.0,46,9,19.57,115.95,22.69,0.12,39673,0.0,-2.52,32.76,-7.56
GM0289,2020-05-12,Gelderland-Midden,Wageningen,0.0,0,0,0.0,46,9,19.57,115.95,22.69,0.12,39673,2.52,0.0,40.32,-2.52
GM0289,2020-05-11,Gelderland-Midden,Wageningen,0.0,0,0,0.0,46,9,19.57,115.95,22.69,0.12,39673,2.52,0.0,42.84,-7.56
GM0289,2020-05-10,Gelderland-Midden,Wageningen,0.0,0,0,0.0,46,9,19.57,115.95,22.69,0.12,39673,2.52,-2.52,50.4,-2.52
GM0289,2020-05-09,Gelderland-Midden,Wageningen,0.0,0,0,0.0,46,9,19.57,115.95,22.69,0.12,39673,5.04,0.0,52.92,-5.04
GM0289,2020-05-08,Gelderland-Midden,Wageningen,0.0,0,0,0.0,46,9,19.57,115.95,22.69,0.12,39673,5.04,0.0,57.96,-7.56
GM0289,2020-05-07,Gelderland-Midden,Wageningen,0.0,0,0,0.0,46,9,19.57,115.95,22.69,0.12,39673,5.04,0.0,65.52,-7.56
GM0289,2020-05-06,Gelderland-Midden,Wageningen,2.52,1,0,0.0,46,9,19.57,115.95,22.69,0.12,39673,5.04,-2.52,73.08,-20.17
GM0289,2020-05-05,Gelderland-Midden,Wageningen,0.0,0,0,0.0,45,9,20.0,113.43,22.69,0.11,39673,7.56,0.0,93.25,0.0
GM0289,2020-05-04,Gelderland-Midden,Wageningen,0.0,0,0,0.0,45,9,20.0,113.43,22.69,0.11,39673,7.56,0.0,93.25,0.0
GM0289,2020-05-03,Gelderland-Midden,Wageningen,2.52,1,0,0.0,45,9,20.0,113.43,22.69,0.11,39673,7.56,2.52,93.25,2.52
GM0289,2020-05-02,Gelderland-Midden,Wageningen,0.0,0,0,0.0,44,9,20.45,110.91,22.69,0.11,39673,5.04,0.0,90.73,0.0
GM0289,2020-05-01,Gelderland-Midden,Wageningen,0.0,0,0,0.0,44,9,20.45,110.91,22.69,0.11,39673,5.04,-2.52,90.73,0.0
GM0289,2020-04-30,Gelderland-Midden,Wageningen,0.0,0,0,0.0,44,9,20.45,110.91,22.69,0.11,39673,7.56,0.0,90.73,0.0
GM0289,2020-04-29,Gelderland-Midden,Wageningen,5.04,2,0,0.0,44,9,20.45,110.91,22.69,0.11,39673,7.56,2.52,90.73,5.04
GM0289,2020-04-28,Gelderland-Midden,Wageningen,0.0,0,0,0.0,42,9,21.43,105.87,22.69,0.11,39673,5.04,-2.52,85.69,0.0
GM0289,2020-04-27,Gelderland-Midden,Wageningen,0.0,0,0,0.0,42,9,21.43,105.87,22.69,0.11,39673,7.56,0.0,85.69,0.0
GM0289,2020-04-26,Gelderland-Midden,Wageningen,0.0,0,0,0.0,42,9,21.43,105.87,22.69,0.11,39673,7.56,-2.52,85.69,-2.52
GM0289,2020-04-25,Gelderland-Midden,Wageningen,0.0,0,0,0.0,42,9,21.43,105.87,22.69,0.11,39673,10.08,-5.04,88.21,-5.04
GM0289,2020-04-24,Gelderland-Midden,Wageningen,2.52,1,1,2.52,42,9,21.43,105.87,22.69,0.11,39673,15.12,-5.04,93.25,0.0
GM0289,2020-04-23,Gelderland-Midden,Wageningen,0.0,0,0,0.0,41,8,19.51,103.34,20.16,0.1,39673,20.16,0.0,93.25,-2.52
GM0289,2020-04-22,Gelderland-Midden,Wageningen,2.52,1,0,0.0,41,8,19.51,103.34,20.16,0.1,39673,20.16,-5.04,95.77,2.52
GM0289,2020-04-21,Gelderland-Midden,Wageningen,2.52,1,0,0.0,40,8,20.0,100.82,20.16,0.1,39673,25.2,0.0,93.25,2.52
GM0289,2020-04-20,Gelderland-Midden,Wageningen,0.0,0,0,0.0,39,8,20.51,98.3,20.16,0.1,39673,25.2,-7.56,90.73,0.0
GM0289,2020-04-19,Gelderland-Midden,Wageningen,2.52,1,0,0.0,39,8,20.51,98.3,20.16,0.1,39673,32.76,0.0,90.73,2.52
GM0289,2020-04-18,Gelderland-Midden,Wageningen,5.04,2,1,2.52,38,8,21.05,95.78,20.16,0.1,39673,32.76,0.0,88.21,2.52
GM0289,2020-04-17,Gelderland-Midden,Wageningen,7.56,3,0,0.0,36,7,19.44,90.74,17.64,0.09,39673,32.76,0.0,85.69,5.04
GM0289,2020-04-16,Gelderland-Midden,Wageningen,0.0,0,0,0.0,33,7,21.21,83.18,17.64,0.08,39673,32.76,-7.56,80.65,0.0
GM0289,2020-04-15,Gelderland-Midden,Wageningen,7.56,3,7,17.64,33,7,21.21,83.18,17.64,0.08,39673,40.32,-15.13,80.65,7.56
GM0289,2020-04-14,Gelderland-Midden,Wageningen,2.52,1,0,0.0,30,0,0.0,75.62,0.0,0.08,39673,55.45,2.52,73.09,0.0
GM0289,2020-04-13,Gelderland-Midden,Wageningen,7.56,3,0,0.0,29,0,0.0,73.1,0.0,0.07,39673,52.93,7.56,73.09,7.56
GM0289,2020-04-12,Gelderland-Midden,Wageningen,2.52,1,0,0.0,26,0,0.0,65.54,0.0,0.07,39673,45.37,2.52,65.53,2.52
GM0289,2020-04-11,Gelderland-Midden,Wageningen,5.04,2,0,0.0,25,0,0.0,63.02,0.0,0.06,39673,42.85,5.04,63.01,5.04
GM0289,2020-04-10,Gelderland-Midden,Wageningen,7.56,3,0,0.0,23,0,0.0,57.97,0.0,0.06,39673,37.81,7.56,57.97,7.56
GM0289,2020-04-09,Gelderland-Midden,Wageningen,7.56,3,0,0.0,20,0,0.0,50.41,0.0,0.05,39673,30.25,7.56,50.41,7.56
GM0289,2020-04-08,Gelderland-Midden,Wageningen,22.69,9,0,0.0,17,0,0.0,42.85,0.0,0.04,39673,22.69,22.69,42.85,22.69
GM0289,2020-04-07,Gelderland-Midden,Wageningen,0.0,0,0,0.0,8,0,0.0,20.16,0.0,0.02,39673,0.0,0.0,20.16,0.0
GM0289,2020-04-06,Gelderland-Midden,Wageningen,0.0,0,0,0.0,8,0,0.0,20.16,0.0,0.02,39673,0.0,0.0,20.16,0.0
GM0289,2020-04-05,Gelderland-Midden,Wageningen,0.0,0,0,0.0,8,0,0.0,20.16,0.0,0.02,39673,0.0,-2.52,20.16,0.0
GM0289,2020-04-04,Gelderland-Midden,Wageningen,0.0,0,0,0.0,8,0,0.0,20.16,0.0,0.02,39673,2.52,-5.04,20.16,0.0
GM0289,2020-04-03,Gelderland-Midden,Wageningen,0.0,0,0,0.0,8,0,0.0,20.16,0.0,0.02,39673,7.56,-2.52,20.16,0.0
GM0289,2020-04-02,Gelderland-Midden,Wageningen,0.0,0,0,0.0,8,0,0.0,20.16,0.0,0.02,39673,10.08,-2.52,20.16,0.0
GM0289,2020-04-01,Gelderland-Midden,Wageningen,0.0,0,0,0.0,8,0,0.0,20.16,0.0,0.02,39673,12.6,0.0,20.16,0.0
GM0289,2020-03-31,Gelderland-Midden,Wageningen,0.0,0,0,0.0,8,0,0.0,20.16,0.0,0.02,39673,12.6,0.0,20.16,0.0
GM0289,2020-03-30,Gelderland-Midden,Wageningen,0.0,0,0,0.0,8,0,0.0,20.16,0.0,0.02,39673,12.6,0.0,20.16,0.0
GM0289,2020-03-29,Gelderland-Midden,Wageningen,2.52,1,0,0.0,8,0,0.0,20.16,0.0,0.02,39673,12.6,2.52,20.16,2.52
GM0289,2020-03-28,Gelderland-Midden,Wageningen,5.04,2,0,0.0,7,0,0.0,17.64,0.0,0.02,39673,10.08,2.52,17.64,5.04
GM0289,2020-03-27,Gelderland-Midden,Wageningen,2.52,1,0,0.0,5,0,0.0,12.6,0.0,0.01,39673,7.56,0.0,12.6,2.52
GM0289,2020-03-26,Gelderland-Midden,Wageningen,2.52,1,0,0.0,4,0,0.0,10.08,0.0,0.01,39673,7.56,2.52,10.08,2.52
GM0289,2020-03-25,Gelderland-Midden,Wageningen,0.0,0,0,0.0,3,0,0.0,7.56,0.0,0.01,39673,5.04,0.0,7.56,0.0
GM0289,2020-03-24,Gelderland-Midden,Wageningen,0.0,0,0,0.0,3,0,0.0,7.56,0.0,0.01,39673,5.04,-2.52,7.56,0.0
GM0289,2020-03-23,Gelderland-Midden,Wageningen,0.0,0,0,0.0,3,0,0.0,7.56,0.0,0.01,39673,7.56,0.0,7.56,0.0
GM0289,2020-03-22,Gelderland-Midden,Wageningen,0.0,0,0,0.0,3,0,0.0,7.74,0.0,0.01,38774,7.56,0.0,7.56,0.0
GM0289,2020-03-21,Gelderland-Midden,Wageningen,2.52,1,0,0.0,3,0,0.0,7.56,0.0,0.01,39673,7.56,2.52,7.56,2.52
GM0289,2020-03-20,Gelderland-Midden,Wageningen,2.52,1,0,0.0,2,0,0.0,5.04,0.0,0.01,39673,5.04,2.52,5.04,2.52
GM0289,2020-03-19,Gelderland-Midden,Wageningen,0.0,0,0,0.0,1,0,0.0,2.52,0.0,0.0,39673,2.52,0.0,2.52,0.0
GM0289,2020-03-18,Gelderland-Midden,Wageningen,0.0,0,0,0.0,1,0,0.0,2.52,0.0,0.0,39673,2.52,0.0,2.52,0.0
GM0289,2020-03-17,Gelderland-Midden,Wageningen,2.52,1,0,0.0,1,0,0.0,2.52,0.0,0.0,39673,2.52,2.52,2.52,2.52
GM0289,2020-03-16,Gelderland-Midden,Wageningen,0.0,0,0,0.0,0,0,0.0,0.0,0.0,0.0,39673,0.0,0.0,0.0,0.0
GM0289,2020-03-15,Gelderland-Midden,Wageningen,0.0,0,0,0.0,0,0,0.0,0.0,0.0,0.0,39673,0.0,0.0,0.0,0.0
GM0289,2020-03-14,Gelderland-Midden,Wageningen,0.0,0,0,0.0,0,0,0.0,0.0,0.0,0.0,39673,0.0,0.0,0.0,0.0
GM0289,2020-03-13,Gelderland-Midden,Wageningen,0.0,0,0,0.0,0,0,0.0,0.0,0.0,0.0,39673,0.0,0.0,0.0,0.0
GM0289,2020-03-12,Gelderland-Midden,Wageningen,0.0,0,0,0.0,0,0,0.0,0.0,0.0,0.0,39673,0.0,0.0,0.0,0.0
GM0289,2020-03-11,Gelderland-Midden,Wageningen,0.0,0,0,0.0,0,0,0.0,0.0,0.0,0.0,39673,0.0,0.0,0.0,0.0
GM0289,2020-03-10,Gelderland-Midden,Wageningen,0.0,0,0,0.0,0,0,0.0,0.0,0.0,0.0,39673,0.0,0.0,0.0,0.0
GM0289,2020-03-09,Gelderland-Midden,Wageningen,0.0,0,0,0.0,0,0,0.0,0.0,0.0,0.0,39673,0.0,0.0,0.0,0.0
GM0289,2020-03-08,Gelderland-Midden,Wageningen,0.0,0,0,0.0,0,0,0.0,0.0,0.0,0.0,39673,0.0,0.0,0.0,0.0
GM0289,2020-03-07,Gelderland-Midden,Wageningen,0.0,0,0,0.0,0,0,0.0,0.0,0.0,0.0,39673,0.0,0.0,0.0,0.0
GM0289,2020-03-06,Gelderland-Midden,Wageningen,0.0,0,0,0.0,0,0,0.0,0.0,0.0,0.0,39673,0.0,0.0,0.0,0.0
GM0289,2020-03-05,Gelderland-Midden,Wageningen,0.0,0,0,0.0,0,0,0.0,0.0,0.0,0.0,39673,0.0,0.0,0.0,0.0
GM0289,2020-03-04,Gelderland-Midden,Wageningen,0.0,0,0,0.0,0,0,0.0,0.0,0.0,0.0,39673,0.0,0.0,0.0,0.0
GM0289,2020-03-03,Gelderland-Midden,Wageningen,0.0,0,0,0.0,0,0,0.0,0.0,0.0,0.0,39673,0.0,0.0,0.0,0.0
GM0289,2020-03-02,Gelderland-Midden,Wageningen,0.0,0,0,0.0,0,0,0.0,0.0,0.0,0.0,39673,0.0,0.0,0.0,0.0
