date,code,departement,1day_cases_100k,new_cases,new_deaths,new_deaths_100k,total_cases,total_deaths,cfr%,total_cases_100k,total_deaths_100k,%infected,population,7day_cases_100k,7day_cases_change,28day_cases_100k,28day_cases_change
2021-12-22,61,Orne,62.11,176,0,0.0,26229,357,1.36,9256.03,125.98,9.26,283372,318.32,8.47,1141.61,11.29
2021-12-21,61,Orne,57.17,162,0,0.0,26053,357,1.37,9193.92,125.98,9.19,283372,309.85,12.71,1130.32,27.53
2021-12-20,61,Orne,59.64,169,0,0.0,25891,357,1.38,9136.75,125.98,9.14,283372,297.14,-5.29,1102.79,24.7
2021-12-19,61,Orne,7.41,21,0,0.0,25722,357,1.39,9077.11,125.98,9.08,283372,302.43,5.65,1078.09,2.47
2021-12-18,61,Orne,34.94,99,0,0.0,25701,357,1.39,9069.7,125.98,9.07,283372,296.78,9.53,1075.62,10.94
2021-12-17,61,Orne,47.64,135,0,0.0,25602,357,1.39,9034.77,125.98,9.03,283372,287.25,2.12,1064.68,11.64
2021-12-16,61,Orne,49.41,140,0,0.0,25467,357,1.4,8987.13,125.98,8.99,283372,285.13,0.71,1053.04,14.83
2021-12-15,61,Orne,53.64,152,0,0.0,25327,357,1.41,8937.72,125.98,8.94,283372,284.42,7.41,1038.21,29.29
2021-12-14,61,Orne,44.46,126,0,0.0,25175,357,1.42,8884.08,125.98,8.88,283372,277.01,3.88,1008.92,22.58
2021-12-13,61,Orne,64.93,184,0,0.0,25049,357,1.43,8839.62,125.98,8.84,283372,273.13,15.17,986.34,26.11
2021-12-12,61,Orne,1.76,5,0,0.0,24865,357,1.44,8774.68,125.98,8.77,283372,257.96,-4.94,960.23,-3.18
2021-12-11,61,Orne,25.41,72,0,0.0,24860,357,1.44,8772.92,125.98,8.77,283372,262.9,-1.41,963.41,8.82
2021-12-10,61,Orne,45.52,129,0,0.0,24788,357,1.44,8747.51,125.98,8.75,283372,264.31,-6.36,954.59,17.99
2021-12-09,61,Orne,48.7,138,0,0.0,24659,357,1.45,8701.99,125.98,8.7,283372,270.67,-10.94,936.6,46.94
2021-12-08,61,Orne,46.23,131,0,0.0,24521,357,1.46,8653.29,125.98,8.65,283372,281.61,-3.88,889.66,29.29
2021-12-07,61,Orne,40.58,115,0,0.0,24390,357,1.46,8607.06,125.98,8.61,283372,285.49,0.7,860.37,31.4
2021-12-06,61,Orne,49.76,141,0,0.0,24275,357,1.47,8566.48,125.98,8.57,283372,284.79,0.0,828.97,35.29
2021-12-05,61,Orne,6.7,19,0,0.0,24134,357,1.48,8516.72,125.98,8.52,283372,284.79,3.88,793.68,6.35
2021-12-04,61,Orne,26.82,76,0,0.0,24115,357,1.48,8510.02,125.98,8.51,283372,280.91,5.65,787.33,15.17
2021-12-03,61,Orne,51.88,147,0,0.0,24039,357,1.49,8483.2,125.98,8.48,283372,275.26,-0.35,772.16,43.41
2021-12-02,61,Orne,59.64,169,0,0.0,23892,357,1.49,8431.32,125.98,8.43,283372,275.61,18.35,728.75,50.11
2021-12-01,61,Orne,50.11,142,0,0.0,23723,357,1.5,8371.68,125.98,8.37,283372,257.26,-0.71,678.64,42.35
2021-11-30,61,Orne,39.88,113,0,0.0,23581,357,1.51,8321.57,125.98,8.32,283372,257.97,10.24,636.29,31.76
2021-11-29,61,Orne,49.76,141,0,0.0,23468,357,1.52,8281.69,125.98,8.28,283372,247.73,14.82,604.53,47.29
2021-11-28,61,Orne,2.82,8,0,0.0,23327,357,1.53,8231.94,125.98,8.23,283372,232.91,-2.12,557.24,2.11
2021-11-27,61,Orne,21.17,60,0,0.0,23319,357,1.53,8229.11,125.98,8.23,283372,235.03,-2.83,555.13,19.05
2021-11-26,61,Orne,52.23,148,0,0.0,23259,357,1.53,8207.94,125.98,8.21,283372,237.86,16.23,536.08,42.7
2021-11-25,61,Orne,41.29,117,0,0.0,23111,357,1.54,8155.71,125.98,8.16,283372,221.63,6.71,493.38,35.29
2021-11-24,61,Orne,50.82,144,0,0.0,22994,357,1.55,8114.42,125.98,8.11,283372,214.92,26.47,458.09,45.53
2021-11-23,61,Orne,29.64,84,0,0.0,22850,357,1.56,8063.61,125.98,8.06,283372,188.45,7.76,412.56,23.99
2021-11-22,61,Orne,34.94,99,0,0.0,22766,357,1.57,8033.96,125.98,8.03,283372,180.69,-3.88,388.57,30.0
2021-11-21,61,Orne,4.94,14,0,0.0,22667,357,1.57,7999.03,125.98,8.0,283372,184.57,0.0,358.57,4.59
2021-11-20,61,Orne,24.0,68,0,0.0,22653,357,1.58,7994.09,125.98,7.99,283372,184.57,7.41,353.98,19.77
2021-11-19,61,Orne,36.0,102,0,0.0,22585,357,1.58,7970.09,125.98,7.97,283372,177.16,8.47,334.21,32.47
2021-11-18,61,Orne,34.58,98,0,0.0,22483,357,1.59,7934.09,125.98,7.93,283372,168.69,32.82,301.74,31.05
2021-11-17,61,Orne,24.35,69,0,0.0,22385,357,1.59,7899.51,125.98,7.9,283372,135.87,7.41,270.69,21.88
2021-11-16,61,Orne,21.88,62,0,0.0,22316,357,1.6,7875.16,125.98,7.88,283372,128.46,12.7,248.81,19.76
2021-11-15,61,Orne,38.82,110,0,0.0,22254,357,1.6,7853.28,125.98,7.85,283372,115.76,24.35,229.05,34.59
2021-11-14,61,Orne,4.94,14,0,0.0,22144,357,1.61,7814.46,125.98,7.81,283372,91.41,4.59,194.46,4.23
2021-11-13,61,Orne,16.59,47,0,0.0,22130,357,1.61,7809.52,125.98,7.81,283372,86.82,4.94,190.23,13.06
2021-11-12,61,Orne,27.53,78,0,0.0,22083,357,1.62,7792.94,125.98,7.79,283372,81.88,19.06,177.17,24.35
2021-11-11,61,Orne,1.76,5,0,0.0,22005,357,1.62,7765.41,125.98,7.77,283372,62.82,-7.77,152.82,-1.06
2021-11-10,61,Orne,16.94,48,0,0.0,22000,357,1.62,7763.65,125.98,7.76,283372,70.59,9.18,153.88,15.53
2021-11-09,61,Orne,9.18,26,0,0.0,21952,357,1.63,7746.71,125.98,7.75,283372,61.41,1.06,138.35,3.89
2021-11-08,61,Orne,14.47,41,0,0.0,21926,357,1.63,7737.53,125.98,7.74,283372,60.35,12.0,134.46,4.24
2021-11-07,61,Orne,0.35,1,0,0.0,21885,357,1.63,7723.06,125.98,7.72,283372,48.35,-0.36,130.22,-0.36
2021-11-06,61,Orne,11.65,33,0,0.0,21884,357,1.63,7722.71,125.98,7.72,283372,48.71,9.53,130.58,7.77
2021-11-05,61,Orne,8.47,24,0,0.0,21851,357,1.63,7711.07,125.98,7.71,283372,39.18,-1.06,122.81,4.24
2021-11-04,61,Orne,9.53,27,0,0.0,21827,357,1.64,7702.6,125.98,7.7,283372,40.24,3.53,118.57,4.59
2021-11-03,61,Orne,7.76,22,0,0.0,21800,357,1.64,7693.07,125.98,7.69,283372,36.71,2.47,113.98,3.53
2021-11-02,61,Orne,8.12,23,0,0.0,21778,357,1.64,7685.3,125.98,7.69,283372,34.24,2.47,110.45,1.77
2021-11-01,61,Orne,2.47,7,0,0.0,21755,357,1.64,7677.19,125.98,7.68,283372,31.77,-2.47,108.68,-3.18
2021-10-31,61,Orne,0.71,2,0,0.0,21748,357,1.64,7674.72,125.98,7.67,283372,34.24,0.36,111.86,0.36
2021-10-30,61,Orne,2.12,6,0,0.0,21746,357,1.64,7674.01,125.98,7.67,283372,33.88,-2.11,111.5,1.06
2021-10-29,61,Orne,9.53,27,0,0.0,21740,357,1.64,7671.89,125.98,7.67,283372,35.99,6.0,110.44,6.35
2021-10-28,61,Orne,6.0,17,0,0.0,21713,357,1.64,7662.37,125.98,7.66,283372,29.99,2.47,104.09,2.82
2021-10-27,61,Orne,5.29,15,0,0.0,21696,357,1.65,7656.37,125.98,7.66,283372,27.52,2.82,101.27,0.7
2021-10-26,61,Orne,5.65,16,0,0.0,21681,357,1.65,7651.07,125.98,7.65,283372,24.7,3.53,100.57,2.83
2021-10-25,61,Orne,4.94,14,0,0.0,21665,357,1.65,7645.43,125.98,7.65,283372,21.17,0.71,97.74,0.35
2021-10-24,61,Orne,0.35,1,0,0.0,21651,357,1.65,7640.49,125.98,7.64,283372,20.46,-0.36,97.39,0.0
2021-10-23,61,Orne,4.23,12,0,0.0,21650,357,1.65,7640.13,125.98,7.64,283372,20.82,0.7,97.39,1.41
2021-10-22,61,Orne,3.53,10,0,0.0,21638,357,1.65,7635.9,125.98,7.64,283372,20.12,0.35,95.98,1.41
2021-10-21,61,Orne,3.53,10,0,0.0,21628,357,1.65,7632.37,125.98,7.63,283372,19.77,0.71,94.57,3.18
2021-10-20,61,Orne,2.47,7,0,0.0,21618,357,1.65,7628.84,125.98,7.63,283372,19.06,1.06,91.39,-0.35
2021-10-19,61,Orne,2.12,6,0,0.0,21611,357,1.65,7626.37,125.98,7.63,283372,18.0,-3.17,91.74,-0.7
2021-10-18,61,Orne,4.23,12,0,0.0,21605,357,1.65,7624.25,125.98,7.62,283372,21.17,-6.0,92.44,-1.42
2021-10-17,61,Orne,0.71,2,0,0.0,21593,357,1.65,7620.02,125.98,7.62,283372,27.17,0.0,93.86,-0.7
2021-10-16,61,Orne,3.53,10,0,0.0,21591,357,1.65,7619.31,125.98,7.62,283372,27.17,-0.35,94.56,0.35
2021-10-15,61,Orne,3.18,9,0,0.0,21581,357,1.65,7615.78,125.98,7.62,283372,27.52,-1.05,94.21,-0.7
2021-10-14,61,Orne,2.82,8,0,0.0,21572,357,1.65,7612.61,125.98,7.61,283372,28.57,-2.12,94.91,-0.71
2021-10-13,61,Orne,1.41,4,0,0.0,21564,357,1.66,7609.79,125.98,7.61,283372,30.69,-2.82,95.62,-1.41
2021-10-12,61,Orne,5.29,15,0,0.0,21560,357,1.66,7608.37,125.98,7.61,283372,33.51,-1.06,97.03,0.0
2021-10-11,61,Orne,10.23,29,0,0.0,21545,357,1.66,7603.08,125.98,7.6,283372,34.57,4.58,97.03,7.05
2021-10-10,61,Orne,0.71,2,0,0.0,21516,357,1.66,7592.85,125.98,7.59,283372,29.99,0.36,89.98,0.71
2021-10-09,61,Orne,3.88,11,0,0.0,21514,357,1.66,7592.14,125.98,7.59,283372,29.63,2.82,89.27,1.76
2021-10-08,61,Orne,4.23,12,0,0.0,21503,357,1.66,7588.26,125.98,7.59,283372,26.81,1.05,87.51,-1.42
2021-10-07,61,Orne,4.94,14,0,0.0,21491,357,1.66,7584.02,125.98,7.58,283372,25.76,1.76,88.93,1.76
2021-10-06,61,Orne,4.23,12,0,0.0,21477,357,1.66,7579.08,125.98,7.58,283372,24.0,-0.36,87.17,-0.71
2021-10-05,61,Orne,6.35,18,0,0.0,21465,357,1.66,7574.85,125.98,7.57,283372,24.36,3.53,87.88,0.35
2021-10-04,61,Orne,5.65,16,0,0.0,21447,357,1.66,7568.5,125.98,7.57,283372,20.83,1.06,87.53,-4.58
2021-10-03,61,Orne,0.35,1,0,0.0,21431,357,1.67,7562.85,125.98,7.56,283372,19.77,0.0,92.11,-0.71
2021-10-02,61,Orne,1.06,3,0,0.0,21430,357,1.67,7562.5,125.98,7.56,283372,19.77,-1.76,92.82,-3.53
2021-10-01,61,Orne,3.18,9,0,0.0,21427,357,1.67,7561.44,125.98,7.56,283372,21.53,1.06,96.35,-4.58
2021-09-30,61,Orne,3.18,9,0,0.0,21418,357,1.67,7558.26,125.98,7.56,283372,20.47,2.83,100.93,-2.82
2021-09-29,61,Orne,4.59,13,0,0.0,21409,357,1.67,7555.09,125.98,7.56,283372,17.64,1.77,103.75,-2.11
2021-09-28,61,Orne,2.82,8,0,0.0,21396,357,1.67,7550.5,125.98,7.55,283372,15.87,0.0,105.86,-4.24
2021-09-27,61,Orne,4.59,13,0,0.0,21388,357,1.67,7547.68,125.98,7.55,283372,15.87,-1.06,110.1,-10.58
2021-09-26,61,Orne,0.35,1,0,0.0,21375,357,1.67,7543.09,125.98,7.54,283372,16.93,-1.06,120.68,-1.77
2021-09-25,61,Orne,2.82,8,0,0.0,21374,357,1.67,7542.74,125.98,7.54,283372,17.99,-0.36,122.45,-6.71
2021-09-24,61,Orne,2.12,6,0,0.0,21366,357,1.67,7539.91,125.98,7.54,283372,18.35,-1.76,129.16,-8.11
2021-09-23,61,Orne,0.35,1,0,0.0,21360,357,1.67,7537.79,125.98,7.54,283372,20.11,-3.18,137.27,-10.94
2021-09-22,61,Orne,2.82,8,0,0.0,21359,357,1.67,7537.44,125.98,7.54,283372,23.29,0.0,148.21,-6.71
2021-09-21,61,Orne,2.82,8,0,0.0,21351,357,1.67,7534.62,125.98,7.53,283372,23.29,-2.47,154.92,-10.24
2021-09-20,61,Orne,5.65,16,0,0.0,21343,357,1.67,7531.8,125.98,7.53,283372,25.76,2.47,165.16,-8.82
2021-09-19,61,Orne,1.41,4,0,0.0,21327,357,1.67,7526.15,125.98,7.53,283372,23.29,1.41,173.98,0.35
2021-09-18,61,Orne,3.18,9,0,0.0,21323,357,1.67,7524.74,125.98,7.52,283372,21.88,1.06,173.63,-7.41
2021-09-17,61,Orne,3.88,11,0,0.0,21314,357,1.67,7521.56,125.98,7.52,283372,20.82,-1.77,181.04,-3.88
2021-09-16,61,Orne,3.53,10,0,0.0,21303,357,1.68,7517.68,125.98,7.52,283372,22.59,0.35,184.92,-8.82
2021-09-15,61,Orne,2.82,8,0,0.0,21293,357,1.68,7514.15,125.98,7.51,283372,22.24,-2.12,193.74,-9.18
2021-09-14,61,Orne,5.29,15,0,0.0,21285,357,1.68,7511.33,125.98,7.51,283372,24.36,-0.71,202.92,-6.71
2021-09-13,61,Orne,3.18,9,0,0.0,21270,357,1.68,7506.03,125.98,7.51,283372,25.07,-7.05,209.63,-11.64
2021-09-12,61,Orne,0.0,0,0,0.0,21261,357,1.68,7502.86,125.98,7.5,283372,32.12,-1.06,221.27,-2.82
2021-09-11,61,Orne,2.12,6,0,0.0,21261,357,1.68,7502.86,125.98,7.5,283372,33.18,-2.47,224.09,-6.0
2021-09-10,61,Orne,5.65,16,0,0.0,21255,357,1.68,7500.74,125.98,7.5,283372,35.65,-2.11,230.09,-8.11
2021-09-09,61,Orne,3.18,9,0,0.0,21239,357,1.68,7495.09,125.98,7.5,283372,37.76,-2.82,238.2,-15.88
2021-09-08,61,Orne,4.94,14,0,0.0,21230,357,1.68,7491.92,125.98,7.49,283372,40.58,-1.76,254.08,-8.82
2021-09-07,61,Orne,6.0,17,0,0.0,21216,357,1.68,7486.98,125.98,7.49,283372,42.34,-1.06,262.9,-10.23
2021-09-06,61,Orne,10.23,29,0,0.0,21199,357,1.68,7480.98,125.98,7.48,283372,43.4,-4.94,273.13,-8.47
2021-09-05,61,Orne,1.06,3,0,0.0,21170,357,1.69,7470.75,125.98,7.47,283372,48.34,-1.06,281.6,0.0
2021-09-04,61,Orne,4.59,13,0,0.0,21167,357,1.69,7469.69,125.98,7.47,283372,49.4,-4.94,281.6,-12.7
2021-09-03,61,Orne,7.76,22,0,0.0,21154,357,1.69,7465.1,125.98,7.47,283372,54.34,-2.47,294.3,-4.24
2021-09-02,61,Orne,6.0,17,0,0.0,21132,357,1.69,7457.34,125.98,7.46,283372,56.81,-5.29,298.54,-8.47
2021-09-01,61,Orne,6.7,19,0,0.0,21115,357,1.69,7451.34,125.98,7.45,283372,62.1,-2.83,307.01,0.35
2021-08-31,61,Orne,7.06,20,0,0.0,21096,357,1.69,7444.63,125.98,7.44,283372,64.93,-6.0,306.66,-8.47
2021-08-30,61,Orne,15.17,43,0,0.0,21076,357,1.69,7437.57,125.98,7.44,283372,70.93,0.7,315.13,-1.42
2021-08-29,61,Orne,2.12,6,0,0.0,21033,357,1.7,7422.4,125.98,7.42,283372,70.23,1.06,316.55,1.06
2021-08-28,61,Orne,9.53,27,0,0.0,21027,357,1.7,7420.28,125.98,7.42,283372,69.17,-1.06,315.49,3.53
2021-08-27,61,Orne,10.23,29,0,0.0,21000,357,1.7,7410.75,125.98,7.41,283372,70.23,2.47,311.96,0.35
2021-08-26,61,Orne,11.29,32,0,0.0,20971,357,1.7,7400.52,125.98,7.4,283372,67.76,-1.06,311.61,4.23
2021-08-25,61,Orne,9.53,27,0,0.0,20939,357,1.7,7389.23,125.98,7.39,283372,68.82,-2.47,307.38,1.06
2021-08-24,61,Orne,13.06,37,0,0.0,20912,357,1.71,7379.7,125.98,7.38,283372,71.29,1.06,306.32,-0.35
2021-08-23,61,Orne,14.47,41,0,0.0,20875,357,1.71,7366.64,125.98,7.37,283372,70.23,-0.35,306.67,-0.7
2021-08-22,61,Orne,1.06,3,0,0.0,20834,357,1.71,7352.17,125.98,7.35,283372,70.58,-1.76,307.37,-2.82
2021-08-21,61,Orne,10.59,30,0,0.0,20831,357,1.71,7351.11,125.98,7.35,283372,72.34,2.47,310.19,3.53
2021-08-20,61,Orne,7.76,22,0,0.0,20801,357,1.72,7340.53,125.98,7.34,283372,69.87,-6.0,306.66,0.0
2021-08-19,61,Orne,12.35,35,0,0.0,20779,357,1.72,7332.76,125.98,7.33,283372,75.87,-6.71,306.66,6.35
2021-08-18,61,Orne,12.0,34,0,0.0,20744,357,1.72,7320.41,125.98,7.32,283372,82.58,-1.76,300.31,3.18
2021-08-17,61,Orne,12.0,34,0,0.0,20710,357,1.72,7308.41,125.98,7.31,283372,84.34,-4.23,297.13,-0.7
2021-08-16,61,Orne,14.82,42,0,0.0,20676,357,1.73,7296.42,125.98,7.3,283372,88.57,-3.88,297.83,4.59
2021-08-15,61,Orne,2.82,8,0,0.0,20634,357,1.73,7281.59,125.98,7.28,283372,92.45,1.76,293.24,1.41
2021-08-14,61,Orne,8.12,23,0,0.0,20626,357,1.73,7278.77,125.98,7.28,283372,90.69,-9.17,291.83,-0.7
2021-08-13,61,Orne,13.76,39,0,0.0,20603,357,1.73,7270.65,125.98,7.27,283372,99.86,1.76,292.53,3.17
2021-08-12,61,Orne,19.06,54,0,0.0,20564,357,1.74,7256.89,125.98,7.26,283372,98.1,4.59,289.36,10.24
2021-08-11,61,Orne,13.76,39,0,0.0,20510,357,1.74,7237.84,125.98,7.24,283372,93.51,7.41,279.12,12.35
2021-08-10,61,Orne,16.23,46,0,0.0,20471,357,1.74,7224.07,125.98,7.22,283372,86.1,0.7,266.77,9.88
2021-08-09,61,Orne,18.7,53,0,0.0,20425,357,1.75,7207.84,125.98,7.21,283372,85.4,2.11,256.89,14.47
2021-08-08,61,Orne,1.06,3,0,0.0,20372,357,1.75,7189.14,125.98,7.19,283372,83.29,0.0,242.42,1.06
2021-08-07,61,Orne,17.29,49,0,0.0,20369,357,1.75,7188.08,125.98,7.19,283372,83.29,11.29,241.36,16.58
2021-08-06,61,Orne,12.0,34,0,0.0,20320,357,1.76,7170.79,125.98,7.17,283372,72.0,2.12,224.78,9.88
2021-08-05,61,Orne,14.47,41,0,0.0,20286,357,1.76,7158.79,125.98,7.16,283372,69.88,7.41,214.9,12.0
2021-08-04,61,Orne,6.35,18,0,0.0,20245,357,1.76,7144.32,125.98,7.14,283372,62.47,-2.12,202.9,5.64
2021-08-03,61,Orne,15.53,44,0,0.0,20227,357,1.76,7137.97,125.98,7.14,283372,64.59,2.12,197.26,14.47
2021-08-02,61,Orne,16.59,47,0,0.0,20183,357,1.77,7122.44,125.98,7.12,283372,62.47,1.42,182.79,15.18
2021-08-01,61,Orne,1.06,3,0,0.0,20136,357,1.77,7105.85,125.98,7.11,283372,61.05,-2.82,167.61,0.71
2021-07-31,61,Orne,6.0,17,0,0.0,20133,357,1.77,7104.8,125.98,7.1,283372,63.87,-1.06,166.9,4.24
2021-07-30,61,Orne,9.88,28,0,0.0,20116,357,1.77,7098.8,125.98,7.1,283372,64.93,2.12,162.66,8.12
2021-07-29,61,Orne,7.06,20,0,0.0,20088,357,1.78,7088.91,125.98,7.09,283372,62.81,1.06,154.54,5.3
2021-07-28,61,Orne,8.47,24,0,0.0,20068,357,1.78,7081.86,125.98,7.08,283372,61.75,-0.35,149.24,7.06
2021-07-27,61,Orne,13.41,38,0,0.0,20044,357,1.78,7073.39,125.98,7.07,283372,62.1,0.71,142.18,11.29
2021-07-26,61,Orne,15.17,43,0,0.0,20006,357,1.78,7059.98,125.98,7.06,283372,61.39,4.94,130.89,12.7
2021-07-25,61,Orne,3.88,11,0,0.0,19963,357,1.79,7044.8,125.98,7.04,283372,56.45,2.47,118.19,3.53
2021-07-24,61,Orne,7.06,20,0,0.0,19952,357,1.79,7040.92,125.98,7.04,283372,53.98,-1.76,114.66,4.94
2021-07-23,61,Orne,7.76,22,0,0.0,19932,357,1.79,7033.86,125.98,7.03,283372,55.74,-2.83,109.72,3.88
2021-07-22,61,Orne,6.0,17,0,0.0,19910,357,1.79,7026.1,125.98,7.03,283372,58.57,-2.82,105.84,4.24
2021-07-21,61,Orne,8.82,25,0,0.0,19893,357,1.79,7020.1,125.98,7.02,283372,61.39,7.41,101.6,8.47
2021-07-20,61,Orne,12.7,36,0,0.0,19868,357,1.8,7011.28,125.98,7.01,283372,53.98,6.35,93.13,9.17
2021-07-19,61,Orne,10.23,29,1,0.35,19832,357,1.8,6998.57,125.98,7.0,283372,47.63,6.0,83.96,7.76
2021-07-18,61,Orne,1.41,4,0,0.0,19803,356,1.8,6988.34,125.63,6.99,283372,41.63,1.41,76.2,0.7
2021-07-17,61,Orne,8.82,25,0,0.0,19799,356,1.8,6986.93,125.63,6.99,283372,40.22,8.11,75.5,7.76
2021-07-16,61,Orne,10.59,30,0,0.0,19774,356,1.8,6978.11,125.63,6.98,283372,32.11,8.47,67.74,8.12
2021-07-15,61,Orne,8.82,25,0,0.0,19744,356,1.8,6967.52,125.63,6.97,283372,23.64,6.35,59.62,6.35
2021-07-14,61,Orne,1.41,4,0,0.0,19719,356,1.81,6958.7,125.63,6.96,283372,17.29,0.7,53.27,-2.82
2021-07-13,61,Orne,6.35,18,0,0.0,19715,356,1.81,6957.29,125.63,6.96,283372,16.59,5.29,56.09,-2.12
2021-07-12,61,Orne,4.23,12,0,0.0,19697,356,1.81,6950.93,125.63,6.95,283372,11.3,2.82,58.21,-2.12
2021-07-11,61,Orne,0.0,0,0,0.0,19685,356,1.81,6946.7,125.63,6.95,283372,8.48,-0.35,60.33,-1.06
2021-07-10,61,Orne,0.71,2,0,0.0,19685,356,1.81,6946.7,125.63,6.95,283372,8.83,-1.05,61.39,-2.82
2021-07-09,61,Orne,2.12,6,0,0.0,19683,356,1.81,6945.99,125.63,6.95,283372,9.88,0.36,64.21,-3.17
2021-07-08,61,Orne,2.47,7,0,0.0,19677,356,1.81,6943.88,125.63,6.94,283372,9.52,0.71,67.38,-1.41
2021-07-07,61,Orne,0.71,2,0,0.0,19670,356,1.81,6941.41,125.63,6.94,283372,8.81,-0.7,68.79,-5.99
2021-07-06,61,Orne,1.06,3,0,0.0,19668,356,1.81,6940.7,125.63,6.94,283372,9.51,-1.06,74.78,-6.0
2021-07-05,61,Orne,1.41,4,0,0.0,19665,356,1.81,6939.64,125.63,6.94,283372,10.57,-1.06,80.78,-9.88
2021-07-04,61,Orne,0.35,1,0,0.0,19661,356,1.81,6938.23,125.63,6.94,283372,11.63,0.0,90.66,-1.41
2021-07-03,61,Orne,1.76,5,0,0.0,19660,356,1.81,6937.88,125.63,6.94,283372,11.63,-0.36,92.07,-3.18
2021-07-02,61,Orne,1.76,5,0,0.0,19655,356,1.81,6936.11,125.63,6.94,283372,11.99,-2.12,95.25,-12.36
2021-07-01,61,Orne,1.76,5,1,0.35,19650,356,1.81,6934.35,125.63,6.93,283372,14.11,0.0,107.61,-10.94
2021-06-30,61,Orne,1.41,4,0,0.0,19645,355,1.81,6932.58,125.28,6.93,283372,14.11,1.06,118.55,-9.53
2021-06-29,61,Orne,2.12,6,0,0.0,19641,355,1.81,6931.17,125.28,6.93,283372,13.05,-1.41,128.08,-8.47
2021-06-28,61,Orne,2.47,7,0,0.0,19635,355,1.81,6929.05,125.28,6.93,283372,14.46,0.0,136.55,-19.76
2021-06-27,61,Orne,0.35,1,0,0.0,19628,355,1.81,6926.58,125.28,6.93,283372,14.46,-0.36,156.31,-2.47
2021-06-26,61,Orne,2.12,6,0,0.0,19627,355,1.81,6926.23,125.28,6.93,283372,14.82,1.06,158.78,-6.7
2021-06-25,61,Orne,3.88,11,0,0.0,19621,355,1.81,6924.11,125.28,6.92,283372,13.76,1.41,165.48,-16.94
2021-06-24,61,Orne,1.76,5,0,0.0,19610,355,1.81,6920.23,125.28,6.92,283372,12.35,-0.71,182.42,-20.47
2021-06-23,61,Orne,0.35,1,0,0.0,19605,355,1.81,6918.47,125.28,6.92,283372,13.06,-3.88,202.89,-25.06
2021-06-22,61,Orne,3.53,10,1,0.35,19604,355,1.81,6918.11,125.28,6.92,283372,16.94,-4.94,227.95,-39.52
2021-06-21,61,Orne,2.47,7,0,0.0,19594,354,1.81,6914.59,124.92,6.91,283372,21.88,-3.88,267.47,-3.18
2021-06-20,61,Orne,0.71,2,0,0.0,19587,354,1.81,6912.12,124.92,6.91,283372,25.76,-0.35,270.65,-3.17
2021-06-19,61,Orne,1.06,3,0,0.0,19585,354,1.81,6911.41,124.92,6.91,283372,26.11,-2.47,273.82,-14.47
2021-06-18,61,Orne,2.47,7,1,0.35,19582,354,1.81,6910.35,124.92,6.91,283372,28.58,-2.82,288.29,-22.59
2021-06-17,61,Orne,2.47,7,0,0.0,19575,353,1.8,6907.88,124.57,6.91,283372,31.4,-1.41,310.88,-21.53
2021-06-16,61,Orne,4.23,12,0,0.0,19568,353,1.8,6905.41,124.57,6.91,283372,32.81,-2.47,332.41,-22.59
2021-06-15,61,Orne,8.47,24,0,0.0,19556,353,1.81,6901.18,124.57,6.9,283372,35.28,1.41,355.0,-28.23
2021-06-14,61,Orne,6.35,18,0,0.0,19532,353,1.81,6892.71,124.57,6.89,283372,33.87,-4.94,383.23,-31.76
2021-06-13,61,Orne,1.06,3,0,0.0,19514,353,1.81,6886.35,124.57,6.89,283372,38.81,-0.7,414.99,-2.12
2021-06-12,61,Orne,3.53,10,0,0.0,19511,353,1.81,6885.3,124.57,6.89,283372,39.51,-1.41,417.11,-14.11
2021-06-11,61,Orne,5.29,15,0,0.0,19501,353,1.81,6881.77,124.57,6.88,283372,40.92,-8.83,431.22,-27.88
2021-06-10,61,Orne,3.88,11,1,0.35,19486,353,1.81,6876.47,124.57,6.88,283372,49.75,-8.82,459.1,-3.53
2021-06-09,61,Orne,6.7,19,0,0.0,19475,352,1.81,6872.59,124.22,6.87,283372,58.57,-4.24,462.63,-29.65
2021-06-08,61,Orne,7.06,20,0,0.0,19456,352,1.81,6865.89,124.22,6.87,283372,62.81,-3.53,492.28,-26.46
2021-06-07,61,Orne,11.29,32,0,0.0,19436,352,1.81,6858.83,124.22,6.86,283372,66.34,-10.94,518.74,-34.23
2021-06-06,61,Orne,1.76,5,0,0.0,19404,352,1.81,6847.54,124.22,6.85,283372,77.28,-1.06,552.97,-4.24
2021-06-05,61,Orne,4.94,14,0,0.0,19399,352,1.81,6845.77,124.22,6.85,283372,78.34,-3.88,557.21,1.41
2021-06-04,61,Orne,14.12,40,0,0.0,19385,352,1.82,6840.83,124.22,6.84,283372,82.22,-6.7,555.8,-21.52
2021-06-03,61,Orne,12.7,36,0,0.0,19345,352,1.82,6826.72,124.22,6.83,283372,88.92,-9.53,577.32,-19.77
2021-06-02,61,Orne,10.94,31,0,0.0,19309,352,1.82,6814.01,124.22,6.81,283372,98.45,-14.47,597.09,-11.65
2021-06-01,61,Orne,10.59,30,0,0.0,19278,352,1.83,6803.07,124.22,6.8,283372,112.92,-32.46,608.74,-16.94
2021-05-31,61,Orne,22.23,63,1,0.35,19248,352,1.83,6792.48,124.22,6.79,283372,145.38,16.58,625.68,-14.82
2021-05-30,61,Orne,2.82,8,0,0.0,19185,351,1.83,6770.25,123.87,6.77,283372,128.8,-1.06,640.5,-1.41
2021-05-29,61,Orne,8.82,25,0,0.0,19177,351,1.83,6767.43,123.87,6.77,283372,129.86,-6.71,641.91,3.17
2021-05-28,61,Orne,20.82,59,0,0.0,19152,351,1.83,6758.61,123.87,6.76,283372,136.57,-4.24,638.74,-10.23
2021-05-27,61,Orne,22.23,63,0,0.0,19093,351,1.84,6737.79,123.87,6.74,283372,140.81,-1.77,648.97,-5.65
2021-05-26,61,Orne,25.41,72,1,0.35,19030,351,1.84,6715.55,123.87,6.72,283372,142.58,-1.41,654.62,-1.06
2021-05-25,61,Orne,43.05,122,0,0.0,18958,350,1.85,6690.15,123.51,6.69,283372,143.99,6.35,655.68,16.58
2021-05-24,61,Orne,5.65,16,1,0.35,18836,350,1.86,6647.09,123.51,6.65,283372,137.64,-32.46,639.1,-42.7
2021-05-23,61,Orne,3.88,11,0,0.0,18820,349,1.85,6641.45,123.16,6.64,283372,170.1,0.7,681.8,-1.41
2021-05-22,61,Orne,15.53,44,0,0.0,18809,349,1.86,6637.56,123.16,6.64,283372,169.4,-2.11,683.21,-14.11
2021-05-21,61,Orne,25.06,71,0,0.0,18765,349,1.86,6622.04,123.16,6.62,283372,171.51,-8.11,697.32,-14.46
2021-05-20,61,Orne,24.0,68,1,0.35,18694,349,1.87,6596.98,123.16,6.6,283372,179.62,16.59,711.78,-16.23
2021-05-19,61,Orne,26.82,76,0,0.0,18626,348,1.87,6572.99,122.81,6.57,283372,163.03,-9.53,728.01,-7.41
2021-05-18,61,Orne,36.7,104,2,0.71,18550,348,1.88,6546.17,122.81,6.55,283372,172.56,3.18,735.42,-10.23
2021-05-17,61,Orne,38.11,108,0,0.0,18446,346,1.88,6509.46,122.1,6.51,283372,169.38,-7.41,745.65,-14.82
2021-05-16,61,Orne,3.18,9,0,0.0,18338,346,1.89,6471.35,122.1,6.47,283372,176.79,-2.82,760.47,-5.64
2021-05-15,61,Orne,17.64,50,0,0.0,18329,346,1.89,6468.18,122.1,6.47,283372,179.61,14.11,766.11,-12.36
2021-05-14,61,Orne,33.17,94,1,0.35,18279,346,1.89,6450.53,122.1,6.45,283372,165.5,-2.47,778.47,-14.12
2021-05-13,61,Orne,7.41,21,0,0.0,18185,345,1.9,6417.36,121.75,6.42,283372,167.97,-25.06,792.59,-42.7
2021-05-12,61,Orne,36.35,103,0,0.0,18164,345,1.9,6409.95,121.75,6.41,283372,193.03,13.76,835.29,-23.29
2021-05-11,61,Orne,33.52,95,1,0.35,18061,345,1.91,6373.6,121.75,6.37,283372,179.27,5.99,858.58,-19.41
2021-05-10,61,Orne,45.52,129,3,1.06,17966,344,1.91,6340.08,121.4,6.34,283372,173.28,8.47,877.99,-26.12
2021-05-09,61,Orne,6.0,17,0,0.0,17837,341,1.91,6294.55,120.34,6.29,283372,164.81,1.77,904.11,-3.53
2021-05-08,61,Orne,3.53,10,0,0.0,17820,341,1.91,6288.55,120.34,6.29,283372,163.04,-2.12,907.64,-25.76
2021-05-07,61,Orne,35.64,101,2,0.71,17810,341,1.91,6285.02,120.34,6.29,283372,165.16,4.59,933.4,-27.17
2021-05-06,61,Orne,32.47,92,1,0.35,17709,339,1.91,6249.38,119.63,6.25,283372,160.57,4.59,960.57,-19.76
2021-05-05,61,Orne,22.59,64,1,0.35,17617,338,1.92,6216.92,119.28,6.22,283372,155.98,-3.88,980.33,-32.81
2021-05-04,61,Orne,27.53,78,0,0.0,17553,337,1.92,6194.33,118.92,6.19,283372,159.86,1.06,1013.14,-65.28
2021-05-03,61,Orne,37.05,105,1,0.35,17475,337,1.93,6166.81,118.92,6.17,283372,158.8,-11.3,1078.42,30.35
2021-05-02,61,Orne,4.23,12,0,0.0,17370,336,1.93,6129.75,118.57,6.13,283372,170.1,-1.06,1048.07,-5.65
2021-05-01,61,Orne,5.65,16,0,0.0,17358,336,1.94,6125.52,118.57,6.13,283372,171.16,-23.99,1053.72,-18.7
2021-04-30,61,Orne,31.05,88,1,0.35,17342,336,1.94,6119.87,118.57,6.12,283372,195.15,-8.47,1072.42,-9.18
2021-04-29,61,Orne,27.88,79,1,0.35,17254,335,1.94,6088.82,118.22,6.09,283372,203.62,-12.35,1081.6,-11.64
2021-04-28,61,Orne,26.47,75,2,0.71,17175,334,1.94,6060.94,117.87,6.06,283372,215.97,-7.76,1093.24,-20.11
2021-04-27,61,Orne,26.47,75,0,0.0,17100,332,1.94,6034.47,117.16,6.03,283372,223.73,-20.46,1113.35,-34.23
2021-04-26,61,Orne,48.35,137,3,1.06,17025,332,1.95,6008.0,117.16,6.01,283372,244.19,-4.58,1147.58,-18.35
2021-04-25,61,Orne,5.29,15,1,0.35,16888,329,1.95,5959.66,116.1,5.96,283372,248.77,-3.53,1165.93,-1.41
2021-04-24,61,Orne,29.64,84,0,0.0,16873,328,1.94,5954.36,115.75,5.95,283372,252.3,-0.36,1167.34,-1.06
2021-04-23,61,Orne,39.52,112,2,0.71,16789,328,1.95,5924.72,115.75,5.92,283372,252.66,-7.77,1168.4,-10.59
2021-04-22,61,Orne,40.23,114,0,0.0,16677,326,1.95,5885.2,115.04,5.89,283372,260.43,-9.88,1178.99,-13.76
2021-04-21,61,Orne,34.23,97,2,0.71,16563,326,1.97,5844.97,115.04,5.84,283372,270.31,-25.41,1192.75,-8.12
2021-04-20,61,Orne,46.93,133,3,1.06,16466,324,1.97,5810.74,114.34,5.81,283372,295.72,-6.0,1200.87,-17.3
2021-04-19,61,Orne,52.93,150,7,2.47,16333,321,1.97,5763.8,113.28,5.76,283372,301.72,-18.71,1218.17,-6.36
2021-04-18,61,Orne,8.82,25,0,0.0,16183,314,1.94,5710.87,110.81,5.71,283372,320.43,-0.71,1224.53,1.41
2021-04-17,61,Orne,30.0,85,1,0.35,16158,314,1.94,5702.05,110.81,5.7,283372,321.14,0.71,1223.12,8.12
2021-04-16,61,Orne,47.29,134,1,0.35,16073,313,1.95,5672.05,110.46,5.67,283372,320.43,-15.52,1215.0,7.77
2021-04-15,61,Orne,50.11,142,2,0.71,15939,312,1.96,5624.76,110.1,5.62,283372,335.95,-2.12,1207.23,2.12
2021-04-14,61,Orne,59.64,169,1,0.35,15797,310,1.96,5574.65,109.4,5.57,283372,338.07,4.24,1205.11,20.82
2021-04-13,61,Orne,52.93,150,1,0.35,15628,309,1.98,5515.01,109.04,5.52,283372,333.83,-39.88,1184.29,10.94
2021-04-12,61,Orne,71.64,203,0,0.0,15478,308,1.99,5462.08,108.69,5.46,283372,373.71,64.94,1173.35,27.18
2021-04-11,61,Orne,9.53,27,0,0.0,15275,308,2.02,5390.44,108.69,5.39,283372,308.77,-0.35,1146.17,6.71
2021-04-10,61,Orne,29.29,83,0,0.0,15248,308,2.02,5380.91,108.69,5.38,283372,309.12,4.94,1139.46,9.53
2021-04-09,61,Orne,62.81,178,1,0.35,15165,308,2.03,5351.62,108.69,5.35,283372,304.18,22.58,1129.93,30.34
2021-04-08,61,Orne,52.23,148,2,0.71,14987,307,2.05,5288.81,108.34,5.29,283372,281.6,12.71,1099.59,22.94
2021-04-07,61,Orne,55.4,157,0,0.0,14839,305,2.06,5236.58,107.63,5.24,283372,268.89,8.82,1076.65,30.34
2021-04-06,61,Orne,92.81,263,4,1.41,14682,305,2.08,5181.18,107.63,5.18,283372,260.07,32.11,1046.31,65.64
2021-04-05,61,Orne,6.7,19,0,0.0,14419,301,2.09,5088.36,106.22,5.09,283372,227.96,-60.0,980.67,-22.59
2021-04-04,61,Orne,9.88,28,0,0.0,14400,301,2.09,5081.66,106.22,5.08,283372,287.96,3.18,1003.26,6.35
2021-04-03,61,Orne,24.35,69,1,0.35,14372,301,2.09,5071.78,106.22,5.07,283372,284.78,-6.35,996.91,15.17
2021-04-02,61,Orne,40.23,114,0,0.0,14303,300,2.1,5047.43,105.87,5.05,283372,291.13,-9.88,981.74,5.65
2021-04-01,61,Orne,39.52,112,1,0.35,14189,300,2.11,5007.2,105.87,5.01,283372,301.01,-14.47,976.09,20.82
2021-03-31,61,Orne,46.58,132,1,0.35,14077,299,2.12,4967.67,105.52,4.97,283372,315.48,4.23,955.27,26.82
2021-03-30,61,Orne,60.7,172,0,0.0,13945,298,2.14,4921.09,105.16,4.92,283372,311.25,-3.53,928.45,27.88
2021-03-29,61,Orne,66.7,189,5,1.76,13773,298,2.16,4860.4,105.16,4.86,283372,314.78,7.41,900.57,31.06
2021-03-28,61,Orne,6.7,19,0,0.0,13584,293,2.16,4793.7,103.4,4.79,283372,307.37,-0.71,869.51,5.29
2021-03-27,61,Orne,30.7,87,1,0.35,13565,293,2.16,4786.99,103.4,4.79,283372,308.08,8.82,864.22,18.0
2021-03-26,61,Orne,50.11,142,2,0.71,13478,292,2.17,4756.29,103.04,4.76,283372,299.26,10.59,846.22,26.82
2021-03-25,61,Orne,53.99,153,1,0.35,13336,290,2.17,4706.18,102.34,4.71,283372,288.67,6.0,819.4,31.4
2021-03-24,61,Orne,42.35,120,1,0.35,13183,289,2.19,4652.19,101.99,4.65,283372,282.67,3.53,788.0,25.06
2021-03-23,61,Orne,64.23,182,2,0.71,13063,288,2.2,4609.84,101.63,4.61,283372,279.14,22.24,762.94,47.64
2021-03-22,61,Orne,59.29,168,3,1.06,12881,286,2.22,4545.61,100.93,4.55,283372,256.9,14.83,715.3,34.94
2021-03-21,61,Orne,7.41,21,0,0.0,12713,283,2.23,4486.33,99.87,4.49,283372,242.07,4.59,680.36,5.65
2021-03-20,61,Orne,21.88,62,0,0.0,12692,283,2.23,4478.92,99.87,4.48,283372,237.48,2.12,674.71,8.82
2021-03-19,61,Orne,39.52,112,1,0.35,12630,283,2.24,4457.04,99.87,4.46,283372,235.36,7.05,665.89,17.99
2021-03-18,61,Orne,47.99,136,1,0.35,12518,282,2.25,4417.51,99.52,4.42,283372,228.31,18.7,647.9,32.46
2021-03-17,61,Orne,38.82,110,4,1.41,12382,281,2.27,4369.52,99.16,4.37,283372,209.61,13.76,615.44,28.23
2021-03-16,61,Orne,41.99,119,1,0.35,12272,277,2.26,4330.7,97.75,4.33,283372,195.85,14.82,587.21,25.05
2021-03-15,61,Orne,44.46,126,4,1.41,12153,276,2.27,4288.71,97.4,4.29,283372,181.03,15.17,562.16,32.46
2021-03-14,61,Orne,2.82,8,1,0.35,12027,272,2.26,4244.24,95.99,4.24,283372,165.86,-0.71,529.7,1.06
2021-03-13,61,Orne,19.76,56,0,0.0,12019,271,2.25,4241.42,95.63,4.24,283372,166.57,10.58,528.64,10.58
2021-03-12,61,Orne,32.47,92,0,0.0,11963,271,2.27,4221.66,95.63,4.22,283372,155.99,-2.11,518.06,13.06
2021-03-11,61,Orne,29.29,83,3,1.06,11871,271,2.28,4189.19,95.63,4.19,283372,158.1,10.59,505.0,18.35
2021-03-10,61,Orne,25.06,71,3,1.06,11788,268,2.27,4159.9,94.58,4.16,283372,147.51,5.3,486.65,9.18
2021-03-09,61,Orne,27.17,77,3,1.06,11717,265,2.26,4134.85,93.52,4.13,283372,142.21,-5.65,477.47,10.23
2021-03-08,61,Orne,29.29,83,3,1.06,11640,262,2.25,4107.67,92.46,4.11,283372,147.86,-6.35,467.24,-0.35
2021-03-07,61,Orne,3.53,10,0,0.0,11557,259,2.24,4078.38,91.4,4.08,283372,154.21,2.12,467.59,1.41
2021-03-06,61,Orne,9.18,26,0,0.0,11547,259,2.24,4074.86,91.4,4.07,283372,152.09,-3.52,466.18,-2.47
2021-03-05,61,Orne,34.58,98,1,0.35,11521,259,2.25,4065.68,91.4,4.07,283372,155.61,11.29,468.65,15.17
2021-03-04,61,Orne,18.7,53,4,1.41,11423,258,2.26,4031.1,91.05,4.03,283372,144.32,-3.89,453.48,-2.83
2021-03-03,61,Orne,19.76,56,0,0.0,11370,254,2.23,4012.39,89.63,4.01,283372,148.21,2.47,456.31,-1.77
2021-03-02,61,Orne,32.82,93,2,0.71,11314,254,2.25,3992.63,89.63,3.99,283372,145.74,16.23,458.08,1.41
2021-03-01,61,Orne,35.64,101,0,0.0,11221,252,2.25,3959.81,88.93,3.96,283372,129.51,11.29,456.67,-7.77
2021-02-28,61,Orne,1.41,4,0,0.0,11120,252,2.27,3924.17,88.93,3.92,283372,118.22,-0.35,464.44,-2.12
2021-02-27,61,Orne,12.7,36,0,0.0,11116,252,2.27,3922.76,88.93,3.92,283372,118.57,-0.36,466.56,-2.12
2021-02-26,61,Orne,23.29,66,0,0.0,11080,252,2.27,3910.05,88.93,3.91,283372,118.93,1.76,468.68,1.76
2021-02-25,61,Orne,22.59,64,2,0.71,11014,252,2.29,3886.76,88.93,3.89,283372,117.17,7.06,466.92,-7.41
2021-02-24,61,Orne,17.29,49,2,0.71,10950,250,2.28,3864.18,88.22,3.86,283372,110.11,6.7,474.33,-14.47
2021-02-23,61,Orne,16.59,47,1,0.35,10901,248,2.28,3846.89,87.52,3.85,283372,103.41,-0.35,488.8,-16.23
2021-02-22,61,Orne,24.35,69,0,0.0,10854,247,2.28,3830.3,87.16,3.83,283372,103.76,12.35,505.03,-10.23
2021-02-21,61,Orne,1.76,5,0,0.0,10785,247,2.29,3805.95,87.16,3.81,283372,91.41,0.0,515.26,-3.89
2021-02-20,61,Orne,13.06,37,1,0.35,10780,247,2.29,3804.19,87.16,3.8,283372,91.41,3.88,519.15,-0.35
2021-02-19,61,Orne,21.53,61,0,0.0,10743,246,2.29,3791.13,86.81,3.79,283372,87.53,2.12,519.5,-10.23
2021-02-18,61,Orne,15.53,44,0,0.0,10682,246,2.3,3769.6,86.81,3.77,283372,85.41,4.59,529.73,-5.64
2021-02-17,61,Orne,10.59,30,0,0.0,10638,246,2.31,3754.08,86.81,3.75,283372,80.82,-5.29,535.37,-17.64
2021-02-16,61,Orne,16.94,48,2,0.71,10608,246,2.32,3743.49,86.81,3.74,283372,86.11,0.0,553.01,-14.47
2021-02-15,61,Orne,12.0,34,0,0.0,10560,244,2.31,3726.55,86.11,3.73,283372,86.11,-17.64,567.48,-31.05
2021-02-14,61,Orne,1.76,5,0,0.0,10526,244,2.32,3714.55,86.11,3.71,283372,103.75,-0.36,598.53,-3.53
2021-02-13,61,Orne,9.18,26,0,0.0,10521,244,2.32,3712.79,86.11,3.71,283372,104.11,-2.47,602.06,-9.88
2021-02-12,61,Orne,19.41,55,2,0.71,10495,244,2.32,3703.61,86.11,3.7,283372,106.58,0.0,611.94,-6.35
2021-02-11,61,Orne,10.94,31,0,0.0,10440,242,2.32,3684.2,85.4,3.68,283372,106.58,-10.59,618.29,-27.53
2021-02-10,61,Orne,15.88,45,2,0.71,10409,242,2.32,3673.26,85.4,3.67,283372,117.17,-5.65,645.82,-18.35
2021-02-09,61,Orne,16.94,48,2,0.71,10364,240,2.32,3657.38,84.69,3.66,283372,122.82,-14.47,664.17,-21.17
2021-02-08,61,Orne,29.64,84,3,1.06,10316,238,2.31,3640.44,83.99,3.64,283372,137.29,-13.77,685.34,-8.12
2021-02-07,61,Orne,2.12,6,1,0.35,10232,235,2.3,3610.8,82.93,3.61,283372,151.06,-1.41,693.46,-4.23
2021-02-06,61,Orne,11.65,33,1,0.35,10226,234,2.29,3608.68,82.58,3.61,283372,152.47,-3.17,697.69,-1.05
2021-02-05,61,Orne,19.41,55,2,0.71,10193,233,2.29,3597.04,82.22,3.6,283372,155.64,-2.12,698.74,-6.7
2021-02-04,61,Orne,21.53,61,2,0.71,10138,231,2.28,3577.63,81.52,3.58,283372,157.76,-8.47,705.44,-3.88
2021-02-03,61,Orne,21.53,61,1,0.35,10077,229,2.27,3556.1,80.81,3.56,283372,166.23,-10.23,709.32,-11.64
2021-02-02,61,Orne,31.41,89,2,0.71,10016,228,2.28,3534.58,80.46,3.53,283372,176.46,-1.41,720.96,-14.47
2021-02-01,61,Orne,43.41,123,4,1.41,9927,226,2.28,3503.17,79.75,3.5,283372,177.87,8.83,735.43,4.24
2021-01-31,61,Orne,3.53,10,1,0.35,9804,222,2.26,3459.76,78.34,3.46,283372,169.04,-2.12,731.19,-2.47
2021-01-30,61,Orne,14.82,42,1,0.35,9794,221,2.26,3456.23,77.99,3.46,283372,171.16,1.41,733.66,-6.0
2021-01-29,61,Orne,21.53,61,1,0.35,9752,220,2.26,3441.41,77.64,3.44,283372,169.75,-10.23,739.66,20.12
2021-01-28,61,Orne,30.0,85,2,0.71,9691,219,2.26,3419.89,77.28,3.42,283372,179.98,8.83,719.54,-4.94
2021-01-27,61,Orne,31.76,90,2,0.71,9606,217,2.26,3389.89,76.58,3.39,283372,171.15,3.53,724.48,-7.41
2021-01-26,61,Orne,32.82,93,2,0.71,9516,215,2.26,3358.13,75.87,3.36,283372,167.62,1.41,731.89,-5.65
2021-01-25,61,Orne,34.58,98,3,1.06,9423,213,2.26,3325.31,75.17,3.33,283372,166.21,-8.47,737.54,-8.12
2021-01-24,61,Orne,5.65,16,1,0.35,9325,210,2.25,3290.73,74.11,3.29,283372,174.68,0.36,745.66,2.47
2021-01-23,61,Orne,13.41,38,0,0.0,9309,209,2.25,3285.08,73.75,3.29,283372,174.32,-5.65,743.19,-13.06
2021-01-22,61,Orne,31.76,90,0,0.0,9271,209,2.25,3271.67,73.75,3.27,283372,179.97,6.0,756.25,28.94
2021-01-21,61,Orne,21.17,60,0,0.0,9181,209,2.28,3239.91,73.75,3.24,283372,173.97,-17.3,727.31,-9.88
2021-01-20,61,Orne,28.23,80,2,0.71,9121,209,2.29,3218.74,73.75,3.22,283372,191.27,-6.0,737.19,-0.35
2021-01-19,61,Orne,31.41,89,2,0.71,9041,207,2.29,3190.51,73.05,3.19,283372,197.27,-6.7,737.54,1.41
2021-01-18,61,Orne,43.05,122,4,1.41,8952,205,2.29,3159.1,72.34,3.16,283372,203.97,5.29,736.13,2.47
2021-01-17,61,Orne,5.29,15,0,0.0,8830,201,2.28,3116.05,70.93,3.12,283372,198.68,-1.06,733.66,1.06
2021-01-16,61,Orne,19.06,54,0,0.0,8815,201,2.28,3110.75,70.93,3.11,283372,199.74,6.36,732.6,3.18
2021-01-15,61,Orne,25.76,73,0,0.0,8761,201,2.29,3091.7,70.93,3.09,283372,193.38,-0.35,729.42,-13.06
2021-01-14,61,Orne,38.47,109,0,0.0,8688,201,2.31,3065.93,70.93,3.07,283372,193.73,13.06,742.48,1.77
2021-01-13,61,Orne,34.23,97,1,0.35,8579,201,2.34,3027.47,70.93,3.03,283372,180.67,1.06,740.71,10.94
2021-01-12,61,Orne,38.11,108,2,0.71,8482,200,2.36,2993.24,70.58,2.99,283372,179.61,-7.77,729.77,11.29
2021-01-11,61,Orne,37.76,107,6,2.12,8374,198,2.36,2955.13,69.87,2.96,283372,187.38,-1.41,718.48,-6.35
2021-01-10,61,Orne,6.35,18,0,0.0,8267,192,2.32,2917.37,67.76,2.92,283372,188.79,0.35,724.83,0.0
2021-01-09,61,Orne,12.7,36,0,0.0,8249,192,2.33,2911.01,67.76,2.91,283372,188.44,-8.12,724.83,0.35
2021-01-08,61,Orne,26.11,74,1,0.35,8213,192,2.34,2898.31,67.76,2.9,283372,196.56,24.7,724.48,-1.06
2021-01-07,61,Orne,25.41,72,0,0.0,8139,191,2.35,2872.2,67.4,2.87,283372,171.86,-9.53,725.54,-13.06
2021-01-06,61,Orne,33.17,94,1,0.35,8067,191,2.37,2846.79,67.4,2.85,283372,181.39,-6.0,738.6,-0.71
2021-01-05,61,Orne,45.88,130,5,1.76,7973,190,2.38,2813.62,67.05,2.81,283372,187.39,7.41,739.31,15.18
2021-01-04,61,Orne,39.17,111,1,0.35,7843,185,2.36,2767.74,65.29,2.77,283372,179.98,-3.53,724.13,0.0
2021-01-03,61,Orne,6.0,17,0,0.0,7732,184,2.38,2728.57,64.93,2.73,283372,183.51,2.82,724.13,1.06
2021-01-02,61,Orne,20.82,59,1,0.35,7715,184,2.38,2722.57,64.93,2.72,283372,180.69,-5.65,723.07,10.94
2021-01-01,61,Orne,1.41,4,0,0.0,7656,183,2.39,2701.75,64.58,2.7,283372,186.34,-1.41,712.13,-19.76
2020-12-31,61,Orne,34.94,99,3,1.06,7652,183,2.39,2700.34,64.58,2.7,283372,187.75,3.89,731.89,12.35
2020-12-30,61,Orne,39.17,111,2,0.71,7553,180,2.38,2665.4,63.52,2.67,283372,183.86,10.59,719.54,16.23
2020-12-29,61,Orne,38.47,109,2,0.71,7442,178,2.39,2626.23,62.81,2.63,283372,173.27,8.47,703.31,18.0
2020-12-28,61,Orne,42.7,121,8,2.82,7333,176,2.4,2587.76,62.11,2.59,283372,164.8,2.12,685.31,20.11
2020-12-27,61,Orne,3.18,9,1,0.35,7212,168,2.33,2545.06,59.29,2.55,283372,162.68,-1.05,665.2,0.71
2020-12-26,61,Orne,26.47,75,1,0.35,7203,167,2.32,2541.89,58.93,2.54,283372,163.73,10.59,664.49,15.88
2020-12-25,61,Orne,2.82,8,1,0.35,7128,166,2.33,2515.42,58.58,2.52,283372,153.14,-36.0,648.61,-18.71
2020-12-24,61,Orne,31.05,88,2,0.71,7120,165,2.32,2512.6,58.23,2.51,283372,189.14,-5.65,667.32,0.35
2020-12-23,61,Orne,28.58,81,2,0.71,7032,163,2.32,2481.54,57.52,2.48,283372,194.79,5.29,666.97,4.58
2020-12-22,61,Orne,30.0,85,2,0.71,6951,161,2.32,2452.96,56.82,2.45,283372,189.5,3.18,662.39,9.89
2020-12-21,61,Orne,40.58,115,3,1.06,6866,159,2.32,2422.96,56.11,2.42,283372,186.32,-3.53,652.5,3.17
2020-12-20,61,Orne,4.23,12,5,1.76,6751,156,2.31,2382.38,55.05,2.38,283372,189.85,-2.12,649.33,-3.53
2020-12-19,61,Orne,15.88,45,1,0.35,6739,151,2.24,2378.15,53.29,2.38,283372,191.97,3.53,652.86,1.76
2020-12-18,61,Orne,38.82,110,1,0.35,6694,150,2.24,2362.27,52.93,2.36,283372,188.44,11.65,651.1,7.06
2020-12-17,61,Orne,36.7,104,2,0.71,6584,149,2.26,2323.45,52.58,2.32,283372,176.79,-1.77,644.04,8.12
2020-12-16,61,Orne,23.29,66,1,0.35,6480,147,2.27,2286.75,51.88,2.29,283372,178.56,-10.59,635.92,-10.94
2020-12-15,61,Orne,26.82,76,8,2.82,6414,146,2.28,2263.46,51.52,2.26,283372,189.15,-3.88,646.86,-6.0
2020-12-14,61,Orne,44.11,125,8,2.82,6338,138,2.18,2236.64,48.7,2.24,283372,193.03,4.94,652.86,-0.71
2020-12-13,61,Orne,6.35,18,1,0.35,6213,130,2.09,2192.52,45.88,2.19,283372,188.09,1.41,653.57,-0.71
2020-12-12,61,Orne,12.35,35,1,0.35,6195,129,2.08,2186.17,45.52,2.19,283372,186.68,2.47,654.28,-20.12
2020-12-11,61,Orne,27.17,77,4,1.41,6160,128,2.08,2173.82,45.17,2.17,283372,184.21,6.0,674.4,-7.06
2020-12-10,61,Orne,38.47,109,3,1.06,6083,124,2.04,2146.65,43.76,2.15,283372,178.21,15.88,681.46,-14.11
2020-12-09,61,Orne,33.88,96,1,0.35,5974,121,2.03,2108.18,42.7,2.11,283372,162.33,10.94,695.57,25.41
2020-12-08,61,Orne,30.7,87,2,0.71,5878,120,2.04,2074.31,42.35,2.07,283372,151.39,10.23,670.16,-20.12
2020-12-07,61,Orne,39.17,111,0,0.0,5791,118,2.04,2043.6,41.64,2.04,283372,141.16,16.58,690.28,-13.76
2020-12-06,61,Orne,4.94,14,0,0.0,5680,118,2.08,2004.43,41.64,2.0,283372,124.58,2.47,704.04,-2.82
2020-12-05,61,Orne,9.88,28,5,1.76,5666,118,2.08,1999.49,41.64,2.0,283372,122.11,-0.71,706.86,-18.35
2020-12-04,61,Orne,21.17,60,1,0.35,5638,113,2.0,1989.61,39.88,1.99,283372,122.82,-0.36,725.21,-31.06
2020-12-03,61,Orne,22.59,64,1,0.35,5578,112,2.01,1968.44,39.52,1.97,283372,123.18,-8.11,756.27,-22.93
2020-12-02,61,Orne,22.94,65,2,0.71,5514,111,2.01,1945.85,39.17,1.95,283372,131.29,-1.06,779.2,-22.58
2020-12-01,61,Orne,20.47,58,0,0.0,5449,109,2.0,1922.91,38.47,1.92,283372,132.35,0.36,801.78,-40.58
2020-11-30,61,Orne,22.59,64,1,0.35,5391,109,2.02,1902.45,38.47,1.9,283372,131.99,-14.82,842.36,-39.52
2020-11-29,61,Orne,2.47,7,2,0.71,5327,108,2.03,1879.86,38.11,1.88,283372,146.81,-5.29,881.88,-9.53
2020-11-28,61,Orne,10.59,30,1,0.35,5320,106,1.99,1877.39,37.41,1.88,283372,152.1,-3.53,891.41,-16.23
2020-11-27,61,Orne,21.53,61,2,0.71,5290,105,1.98,1866.8,37.05,1.87,283372,155.63,-10.23,907.64,-37.4
2020-11-26,61,Orne,30.7,87,2,0.71,5229,103,1.97,1845.28,36.35,1.85,283372,165.86,2.12,945.04,-16.59
2020-11-25,61,Orne,24.0,68,2,0.71,5142,101,1.96,1814.58,35.64,1.81,283372,163.74,-10.23,961.63,-38.46
2020-11-24,61,Orne,20.11,57,5,1.76,5074,99,1.95,1790.58,34.94,1.79,283372,173.97,-12.71,1000.09,-33.18
2020-11-23,61,Orne,37.41,106,2,0.71,5017,94,1.87,1770.46,33.17,1.77,283372,186.68,-7.41,1033.27,-22.58
2020-11-22,61,Orne,7.76,22,1,0.35,4911,92,1.87,1733.06,32.47,1.73,283372,194.09,0.7,1055.85,-1.42
2020-11-21,61,Orne,14.12,40,2,0.71,4889,91,1.86,1725.29,32.11,1.73,283372,193.39,-18.35,1057.27,-8.11
2020-11-20,61,Orne,31.76,90,0,0.0,4849,89,1.84,1711.18,31.41,1.71,283372,211.74,-2.47,1065.38,-12.7
2020-11-19,61,Orne,28.58,81,9,3.18,4759,89,1.87,1679.42,31.41,1.68,283372,214.21,-24.0,1078.08,3.17
2020-11-18,61,Orne,34.23,97,4,1.41,4678,80,1.71,1650.83,28.23,1.65,283372,238.21,25.76,1074.91,8.47
2020-11-17,61,Orne,32.82,93,1,0.35,4581,76,1.66,1616.6,26.82,1.62,283372,212.45,-18.0,1066.44,9.88
2020-11-16,61,Orne,44.82,127,3,1.06,4488,75,1.67,1583.78,26.47,1.58,283372,230.45,-8.11,1056.56,21.18
2020-11-15,61,Orne,7.06,20,3,1.06,4361,72,1.65,1538.97,25.41,1.54,283372,238.56,-0.7,1035.38,4.24
2020-11-14,61,Orne,32.47,92,1,0.35,4341,69,1.59,1531.91,24.35,1.53,283372,239.26,4.24,1031.14,24.0
2020-11-13,61,Orne,34.23,97,1,0.35,4249,68,1.6,1499.44,24.0,1.5,283372,235.02,-18.0,1007.14,17.64
2020-11-12,61,Orne,52.58,149,4,1.41,4152,67,1.61,1465.21,23.64,1.47,283372,253.02,7.06,989.5,30.7
2020-11-11,61,Orne,8.47,24,0,0.0,4003,63,1.57,1412.63,22.23,1.41,283372,245.96,-37.05,958.8,-4.23
2020-11-10,61,Orne,50.82,144,0,0.0,3979,63,1.58,1404.16,22.23,1.4,283372,283.01,-10.23,963.03,39.17
2020-11-09,61,Orne,52.93,150,2,0.71,3835,63,1.64,1353.34,22.23,1.35,283372,293.24,-9.18,923.86,36.34
2020-11-08,61,Orne,7.76,22,0,0.0,3685,61,1.66,1300.41,21.53,1.3,283372,302.42,-4.24,887.52,6.7
2020-11-07,61,Orne,28.23,80,2,0.71,3663,61,1.67,1292.65,21.53,1.29,283372,306.66,1.41,880.82,24.7
2020-11-06,61,Orne,52.23,148,1,0.35,3583,59,1.65,1264.42,20.82,1.26,283372,305.25,-6.7,856.12,34.59
2020-11-05,61,Orne,45.52,129,0,0.0,3435,58,1.69,1212.19,20.47,1.21,283372,311.95,-1.77,821.53,30.7
2020-11-04,61,Orne,45.52,129,2,0.71,3306,58,1.75,1166.66,20.47,1.17,283372,313.72,-16.94,790.83,31.05
2020-11-03,61,Orne,61.05,173,0,0.0,3177,56,1.76,1121.14,19.76,1.12,283372,330.66,7.76,759.78,34.23
2020-11-02,61,Orne,62.11,176,0,0.0,3004,56,1.86,1060.09,19.76,1.06,283372,322.9,2.12,725.55,44.11
2020-11-01,61,Orne,12.0,34,1,0.35,2828,56,1.98,997.98,19.76,1.0,283372,320.78,2.82,681.44,8.82
2020-10-31,61,Orne,26.82,76,1,0.35,2794,55,1.97,985.98,19.41,0.99,283372,317.96,4.59,672.62,22.94
2020-10-30,61,Orne,58.93,167,0,0.0,2718,54,1.99,959.16,19.06,0.96,283372,313.37,14.47,649.68,52.23
2020-10-29,61,Orne,47.29,134,0,0.0,2551,54,2.12,900.23,19.06,0.9,283372,298.9,21.88,597.45,36.7
2020-10-28,61,Orne,62.46,177,0,0.0,2417,54,2.23,852.94,19.06,0.85,283372,277.02,36.7,560.75,42.35
2020-10-27,61,Orne,53.29,151,1,0.35,2240,54,2.41,790.48,19.06,0.79,283372,240.32,30.35,518.4,40.94
2020-10-26,61,Orne,59.99,170,2,0.71,2089,53,2.54,737.19,18.7,0.74,283372,209.97,36.35,477.46,51.52
2020-10-25,61,Orne,9.18,26,0,0.0,1919,51,2.66,677.2,18.0,0.68,283372,173.62,6.36,425.94,7.06
2020-10-24,61,Orne,22.23,63,0,0.0,1893,51,2.69,668.03,18.0,0.67,283372,167.26,13.76,418.88,16.58
2020-10-23,61,Orne,44.46,126,0,0.0,1830,51,2.79,645.79,18.0,0.65,283372,153.5,27.87,402.3,37.05
2020-10-22,61,Orne,25.41,72,0,0.0,1704,51,2.99,601.33,18.0,0.6,283372,125.63,3.53,365.25,19.76
2020-10-21,61,Orne,25.76,73,0,0.0,1632,51,3.12,575.92,18.0,0.58,283372,122.1,13.06,345.49,20.47
2020-10-20,61,Orne,22.94,65,0,0.0,1559,51,3.27,550.16,18.0,0.55,283372,109.04,11.29,325.02,14.82
2020-10-19,61,Orne,23.64,67,1,0.35,1494,51,3.41,527.22,18.0,0.53,283372,97.75,7.05,310.2,16.94
2020-10-18,61,Orne,2.82,8,0,0.0,1427,50,3.5,503.58,17.64,0.5,283372,90.7,1.76,293.26,2.11
2020-10-17,61,Orne,8.47,24,0,0.0,1419,50,3.52,500.76,17.64,0.5,283372,88.94,4.94,291.15,6.71
2020-10-16,61,Orne,16.59,47,0,0.0,1395,50,3.58,492.29,17.64,0.49,283372,84.0,-1.05,284.44,3.89
2020-10-15,61,Orne,21.88,62,1,0.35,1348,50,3.71,475.7,17.64,0.48,283372,85.05,7.06,280.55,16.59
2020-10-14,61,Orne,12.7,36,0,0.0,1286,49,3.81,453.82,17.29,0.45,283372,77.99,-1.77,263.96,3.17
2020-10-13,61,Orne,11.65,33,0,0.0,1250,49,3.92,441.12,17.29,0.44,283372,79.76,-15.17,260.79,6.71
2020-10-12,61,Orne,16.59,47,0,0.0,1217,49,4.03,429.47,17.29,0.43,283372,94.93,-1.41,254.08,4.24
2020-10-11,61,Orne,1.06,3,0,0.0,1170,49,4.19,412.88,17.29,0.41,283372,96.34,-2.12,249.84,-1.41
2020-10-10,61,Orne,3.53,10,1,0.35,1167,49,4.2,411.83,17.29,0.41,283372,98.46,-0.35,251.25,2.82
2020-10-09,61,Orne,17.64,50,0,0.0,1157,48,4.15,408.3,16.94,0.41,283372,98.81,10.94,248.43,8.11
2020-10-08,61,Orne,14.82,42,0,0.0,1107,48,4.34,390.65,16.94,0.39,283372,87.87,4.23,240.32,7.76
2020-10-07,61,Orne,14.47,41,0,0.0,1065,48,4.51,375.83,16.94,0.38,283372,83.64,-5.64,232.56,10.94
2020-10-06,61,Orne,26.82,76,1,0.35,1024,48,4.69,361.36,16.94,0.36,283372,89.28,14.47,221.62,23.29
2020-10-05,61,Orne,18.0,51,0,0.0,948,47,4.96,334.54,16.59,0.33,283372,74.81,9.53,198.33,16.59
2020-10-04,61,Orne,3.18,9,1,0.35,897,47,5.24,316.55,16.59,0.32,283372,65.28,1.06,181.74,2.47
2020-10-03,61,Orne,3.88,11,0,0.0,888,46,5.18,313.37,16.23,0.31,283372,64.22,-1.77,179.27,1.76
2020-10-02,61,Orne,6.7,19,0,0.0,877,46,5.25,309.49,16.23,0.31,283372,65.99,-0.71,177.51,3.52
2020-10-01,61,Orne,10.59,30,1,0.35,858,46,5.36,302.78,16.23,0.3,283372,66.7,4.94,173.99,10.24
2020-09-30,61,Orne,20.11,57,0,0.0,828,45,5.43,292.2,15.88,0.29,283372,61.76,14.82,163.75,16.58
2020-09-29,61,Orne,12.35,35,0,0.0,771,45,5.84,272.08,15.88,0.27,283372,46.94,4.23,147.17,11.64
2020-09-28,61,Orne,8.47,24,0,0.0,736,45,6.11,259.73,15.88,0.26,283372,42.71,1.77,135.53,6.71
2020-09-27,61,Orne,2.12,6,0,0.0,712,45,6.32,251.26,15.88,0.25,283372,40.94,1.41,128.82,2.12
2020-09-26,61,Orne,5.65,16,1,0.35,706,45,6.37,249.14,15.88,0.25,283372,39.53,3.89,126.7,5.3
2020-09-25,61,Orne,7.41,21,0,0.0,690,44,6.38,243.5,15.53,0.24,283372,35.64,-5.29,121.4,6.0
2020-09-24,61,Orne,5.65,16,0,0.0,669,44,6.58,236.09,15.53,0.24,283372,40.93,0.36,115.4,2.47
2020-09-23,61,Orne,5.29,15,0,0.0,653,44,6.74,230.44,15.53,0.23,283372,40.57,-4.24,112.93,2.11
2020-09-22,61,Orne,8.12,23,0,0.0,638,44,6.9,225.15,15.53,0.23,283372,44.81,3.18,110.82,5.65
2020-09-21,61,Orne,6.7,19,0,0.0,615,44,7.15,217.03,15.53,0.22,283372,41.63,-5.65,105.17,5.99
2020-09-20,61,Orne,0.71,2,0,0.0,596,44,7.38,210.32,15.53,0.21,283372,47.28,-1.76,99.18,0.36
2020-09-19,61,Orne,1.76,5,0,0.0,594,44,7.41,209.62,15.53,0.21,283372,49.04,1.05,98.82,0.7
2020-09-18,61,Orne,12.7,36,0,0.0,589,44,7.47,207.85,15.53,0.21,283372,47.99,3.17,98.12,11.64
2020-09-17,61,Orne,5.29,15,0,0.0,553,44,7.96,195.15,15.53,0.2,283372,44.82,-1.77,86.48,3.53
2020-09-16,61,Orne,9.53,27,0,0.0,538,44,8.18,189.86,15.53,0.19,283372,46.59,6.0,82.95,8.47
2020-09-15,61,Orne,4.94,14,0,0.0,511,44,8.61,180.33,15.53,0.18,283372,40.59,1.41,74.48,4.23
2020-09-14,61,Orne,12.35,35,0,0.0,497,44,8.85,175.39,15.53,0.18,283372,39.18,10.94,70.25,10.23
2020-09-13,61,Orne,2.47,7,0,0.0,462,44,9.52,163.04,15.53,0.16,283372,28.24,1.76,60.02,2.12
2020-09-12,61,Orne,0.71,2,0,0.0,455,44,9.67,160.57,15.53,0.16,283372,26.48,-1.41,57.9,0.71
2020-09-11,61,Orne,9.53,27,0,0.0,453,44,9.71,159.86,15.53,0.16,283372,27.89,6.35,57.19,7.77
2020-09-10,61,Orne,7.06,20,0,0.0,426,44,10.33,150.33,15.53,0.15,283372,21.54,6.71,49.42,5.3
2020-09-09,61,Orne,3.53,10,0,0.0,406,44,10.84,143.27,15.53,0.14,283372,14.83,0.0,44.12,0.71
2020-09-08,61,Orne,3.53,10,0,0.0,396,44,11.11,139.75,15.53,0.14,283372,14.83,2.82,43.41,1.41
2020-09-07,61,Orne,1.41,4,0,0.0,386,44,11.4,136.22,15.53,0.14,283372,12.01,-0.35,42.0,0.0
2020-09-06,61,Orne,0.71,2,0,0.0,382,44,11.52,134.81,15.53,0.13,283372,12.36,0.71,42.0,0.71
2020-09-05,61,Orne,2.12,6,0,0.0,380,44,11.58,134.1,15.53,0.13,283372,11.65,1.77,41.29,1.06
2020-09-04,61,Orne,3.18,9,0,0.0,374,44,11.76,131.98,15.53,0.13,283372,9.88,1.77,40.23,1.77
2020-09-03,61,Orne,0.35,1,0,0.0,365,44,12.05,128.81,15.53,0.13,283372,8.11,-2.83,38.46,-0.36
2020-09-02,61,Orne,3.53,10,0,0.0,364,44,12.09,128.45,15.53,0.13,283372,10.94,0.35,38.82,2.47
2020-09-01,61,Orne,0.71,2,1,0.35,354,44,12.43,124.92,15.53,0.12,283372,10.59,-1.76,36.35,0.71
2020-08-31,61,Orne,1.76,5,0,0.0,352,43,12.22,124.22,15.17,0.12,283372,12.35,1.05,35.64,1.41
2020-08-30,61,Orne,0.0,0,0,0.0,347,43,12.39,122.45,15.17,0.12,283372,11.3,-0.35,34.23,0.0
2020-08-29,61,Orne,0.35,1,0,0.0,347,43,12.39,122.45,15.17,0.12,283372,11.65,-0.71,34.23,0.35
2020-08-28,61,Orne,1.41,4,0,0.0,346,43,12.43,122.1,15.17,0.12,283372,12.36,0.35,33.88,0.7
2020-08-27,61,Orne,3.18,9,0,0.0,342,43,12.57,120.69,15.17,0.12,283372,12.01,1.42,33.18,3.18
2020-08-26,61,Orne,3.18,9,0,0.0,333,43,12.91,117.51,15.17,0.12,283372,10.59,2.12,30.0,2.47
2020-08-25,61,Orne,2.47,7,0,0.0,324,43,13.27,114.34,15.17,0.11,283372,8.47,1.76,27.53,2.12
2020-08-24,61,Orne,0.71,2,0,0.0,317,43,13.56,111.87,15.17,0.11,283372,6.71,-1.41,25.41,0.36
2020-08-23,61,Orne,0.35,1,0,0.0,315,43,13.65,111.16,15.17,0.11,283372,8.12,0.0,25.05,0.35
2020-08-22,61,Orne,1.06,3,0,0.0,314,43,13.69,110.81,15.17,0.11,283372,8.12,1.06,24.7,1.06
2020-08-21,61,Orne,1.06,3,0,0.0,311,43,13.83,109.75,15.17,0.11,283372,7.06,-0.7,23.64,1.06
2020-08-20,61,Orne,1.76,5,0,0.0,308,43,13.96,108.69,15.17,0.11,283372,7.76,0.0,22.58,1.76
2020-08-19,61,Orne,1.06,3,0,0.0,303,43,14.19,106.93,15.17,0.11,283372,7.76,-1.76,20.82,0.71
2020-08-18,61,Orne,0.71,2,2,0.71,300,43,14.33,105.87,15.17,0.11,283372,9.52,-1.41,20.11,0.0
2020-08-17,61,Orne,2.12,6,0,0.0,298,41,13.76,105.16,14.47,0.11,283372,10.93,0.71,20.11,1.77
2020-08-16,61,Orne,0.35,1,0,0.0,292,41,14.04,103.04,14.47,0.1,283372,10.22,0.35,18.34,0.35
2020-08-15,61,Orne,0.0,0,0,0.0,291,41,14.09,102.69,14.47,0.1,283372,9.87,-1.06,17.99,0.0
2020-08-14,61,Orne,1.76,5,1,0.35,291,41,14.09,102.69,14.47,0.1,283372,10.93,0.35,17.99,0.7
2020-08-13,61,Orne,1.76,5,0,0.0,286,40,13.99,100.93,14.12,0.1,283372,10.58,1.05,17.29,0.7
2020-08-12,61,Orne,2.82,8,0,0.0,281,40,14.23,99.16,14.12,0.1,283372,9.53,1.76,16.59,2.11
2020-08-11,61,Orne,2.12,6,0,0.0,273,40,14.65,96.34,14.12,0.1,283372,7.77,2.12,14.48,2.12
2020-08-10,61,Orne,1.41,4,0,0.0,267,40,14.98,94.22,14.12,0.09,283372,5.65,1.06,12.36,1.41
2020-08-09,61,Orne,0.0,0,0,0.0,263,40,15.21,92.81,14.12,0.09,283372,4.59,0.0,10.95,0.0
2020-08-08,61,Orne,1.06,3,0,0.0,263,40,15.21,92.81,14.12,0.09,283372,4.59,1.06,10.95,0.71
2020-08-07,61,Orne,1.41,4,0,0.0,260,40,15.38,91.75,14.12,0.09,283372,3.53,0.7,10.24,1.41
2020-08-06,61,Orne,0.71,2,0,0.0,256,40,15.62,90.34,14.12,0.09,283372,2.83,0.71,8.83,0.0
2020-08-05,61,Orne,1.06,3,0,0.0,254,40,15.75,89.63,14.12,0.09,283372,2.12,0.35,8.83,0.0
2020-08-04,61,Orne,0.0,0,0,0.0,251,40,15.94,88.58,14.12,0.09,283372,1.77,-0.35,8.83,-1.06
2020-08-03,61,Orne,0.35,1,0,0.0,251,40,15.94,88.58,14.12,0.09,283372,2.12,0.0,9.89,0.35
2020-08-02,61,Orne,0.0,0,0,0.0,250,40,16.0,88.22,14.12,0.09,283372,2.12,0.0,9.54,0.0
2020-08-01,61,Orne,0.0,0,0,0.0,250,40,16.0,88.22,14.12,0.09,283372,2.12,0.0,9.54,-0.35
2020-07-31,61,Orne,0.71,2,0,0.0,250,40,16.0,88.22,14.12,0.09,283372,2.12,0.71,9.89,-0.7
2020-07-30,61,Orne,0.0,0,0,0.0,248,40,16.13,87.52,14.12,0.09,283372,1.41,0.0,10.59,0.0
2020-07-29,61,Orne,0.71,2,0,0.0,248,40,16.13,87.52,14.12,0.09,283372,1.41,0.36,10.59,0.36
2020-07-28,61,Orne,0.35,1,0,0.0,246,40,16.26,86.81,14.12,0.09,283372,1.05,-0.36,10.23,-0.36
2020-07-27,61,Orne,0.35,1,0,0.0,245,40,16.33,86.46,14.12,0.09,283372,1.41,0.0,10.59,0.0
2020-07-26,61,Orne,0.0,0,0,0.0,244,40,16.39,86.11,14.12,0.09,283372,1.41,0.0,10.59,0.0
2020-07-25,61,Orne,0.0,0,0,0.0,244,40,16.39,86.11,14.12,0.09,283372,1.41,0.0,10.59,0.0
2020-07-24,61,Orne,0.0,0,0,0.0,244,40,16.39,86.11,14.12,0.09,283372,1.41,-1.06,10.59,-1.06
2020-07-23,61,Orne,0.0,0,-2,-0.71,244,40,16.39,86.11,14.12,0.09,283372,2.47,-1.06,11.65,-0.71
2020-07-22,61,Orne,0.35,1,0,0.0,244,42,17.21,86.11,14.82,0.09,283372,3.53,-0.36,12.36,0.35
2020-07-21,61,Orne,0.71,2,0,0.0,243,42,17.28,85.75,14.82,0.09,283372,3.89,0.71,12.01,0.0
2020-07-20,61,Orne,0.35,1,0,0.0,241,42,17.43,85.05,14.82,0.09,283372,3.18,0.35,12.01,0.35
2020-07-19,61,Orne,0.0,0,0,0.0,240,42,17.5,84.69,14.82,0.08,283372,2.83,0.0,11.66,0.0
2020-07-18,61,Orne,0.0,0,1,0.35,240,42,17.5,84.69,14.82,0.08,283372,2.83,-0.35,11.66,-0.71
2020-07-17,61,Orne,1.06,3,0,0.0,240,41,17.08,84.69,14.47,0.08,283372,3.18,1.06,12.37,-0.35
2020-07-16,61,Orne,1.06,3,2,0.71,237,41,17.3,83.64,14.47,0.08,283372,2.12,0.35,12.72,-0.7
2020-07-15,61,Orne,0.71,2,0,0.0,234,39,16.67,82.58,13.76,0.08,283372,1.77,-0.35,13.42,-0.35
2020-07-14,61,Orne,0.0,0,0,0.0,232,39,16.81,81.87,13.76,0.08,283372,2.12,-1.06,13.77,-1.41
2020-07-13,61,Orne,0.0,0,0,0.0,232,39,16.81,81.87,13.76,0.08,283372,3.18,0.0,15.18,0.0
2020-07-12,61,Orne,0.0,0,0,0.0,232,39,16.81,81.87,13.76,0.08,283372,3.18,0.0,15.18,-0.35
2020-07-11,61,Orne,0.35,1,0,0.0,232,39,16.81,81.87,13.76,0.08,283372,3.18,0.0,15.53,0.35
2020-07-10,61,Orne,0.0,0,0,0.0,231,39,16.88,81.52,13.76,0.08,283372,3.18,-1.41,15.18,-0.35
2020-07-09,61,Orne,0.71,2,0,0.0,231,39,16.88,81.52,13.76,0.08,283372,4.59,0.71,15.53,0.36
2020-07-08,61,Orne,1.06,3,0,0.0,229,39,17.03,80.81,13.76,0.08,283372,3.88,0.71,15.17,1.06
2020-07-07,61,Orne,1.06,3,0,0.0,226,39,17.26,79.75,13.76,0.08,283372,3.17,0.35,14.11,0.35
2020-07-06,61,Orne,0.0,0,0,0.0,223,39,17.49,78.7,13.76,0.08,283372,2.82,-0.35,13.76,-0.71
2020-07-05,61,Orne,0.0,0,0,0.0,223,39,17.49,78.7,13.76,0.08,283372,3.17,0.0,14.47,0.0
2020-07-04,61,Orne,0.35,1,0,0.0,223,39,17.49,78.7,13.76,0.08,283372,3.17,0.35,14.47,-0.36
2020-07-03,61,Orne,1.41,4,0,0.0,222,39,17.57,78.34,13.76,0.08,283372,2.82,0.35,14.83,1.41
2020-07-02,61,Orne,0.0,0,0,0.0,218,39,17.89,76.93,13.76,0.08,283372,2.47,-0.71,13.42,-0.71
2020-07-01,61,Orne,0.35,1,0,0.0,218,39,17.89,76.93,13.76,0.08,283372,3.18,0.35,14.13,0.35
2020-06-30,61,Orne,0.71,2,0,0.0,217,39,17.97,76.58,13.76,0.08,283372,2.83,0.0,13.78,0.0
2020-06-29,61,Orne,0.35,1,0,0.0,215,39,18.14,75.87,13.76,0.08,283372,2.83,0.35,13.78,-0.71
2020-06-28,61,Orne,0.0,0,0,0.0,214,39,18.22,75.52,13.76,0.08,283372,2.48,0.0,14.49,-0.35
2020-06-27,61,Orne,0.0,0,0,0.0,214,39,18.22,75.52,13.76,0.08,283372,2.48,-0.71,14.84,0.0
2020-06-26,61,Orne,1.06,3,0,0.0,214,39,18.22,75.52,13.76,0.08,283372,3.19,-0.35,14.84,0.35
2020-06-25,61,Orne,0.71,2,0,0.0,211,39,18.48,74.46,13.76,0.07,283372,3.54,-1.05,14.49,0.36
2020-06-24,61,Orne,0.0,0,0,0.0,209,39,18.66,73.75,13.76,0.07,283372,4.59,-1.06,14.13,-0.71
2020-06-23,61,Orne,0.71,2,0,0.0,209,39,18.66,73.75,13.76,0.07,283372,5.65,-0.7,14.84,-1.05
2020-06-22,61,Orne,0.0,0,1,0.35,207,39,18.84,73.05,13.76,0.07,283372,6.35,0.0,15.89,-0.35
2020-06-21,61,Orne,0.0,0,0,0.0,207,38,18.36,73.05,13.41,0.07,283372,6.35,-0.35,16.24,0.0
2020-06-20,61,Orne,0.71,2,0,0.0,207,38,18.36,73.05,13.41,0.07,283372,6.7,0.71,16.24,0.36
2020-06-19,61,Orne,1.41,4,0,0.0,205,38,18.54,72.34,13.41,0.07,283372,5.99,1.06,15.88,-0.35
2020-06-18,61,Orne,1.76,5,0,0.0,201,38,18.91,70.93,13.41,0.07,283372,4.93,1.41,16.23,0.7
2020-06-17,61,Orne,1.06,3,0,0.0,196,38,19.39,69.17,13.41,0.07,283372,3.52,1.06,15.53,-1.06
2020-06-16,61,Orne,1.41,4,1,0.35,193,38,19.69,68.11,13.41,0.07,283372,2.46,0.7,16.59,-0.71
2020-06-15,61,Orne,0.0,0,0,0.0,189,37,19.58,66.7,13.06,0.07,283372,1.76,-0.71,17.3,-1.41
2020-06-14,61,Orne,0.35,1,0,0.0,189,37,19.58,66.7,13.06,0.07,283372,2.47,0.35,18.71,0.35
2020-06-13,61,Orne,0.0,0,0,0.0,188,37,19.68,66.34,13.06,0.07,283372,2.12,-0.71,18.36,0.0
2020-06-12,61,Orne,0.35,1,0,0.0,188,37,19.68,66.34,13.06,0.07,283372,2.83,0.35,18.36,-2.12
2020-06-11,61,Orne,0.35,1,0,0.0,187,37,19.79,65.99,13.06,0.07,283372,2.48,-0.36,20.48,-1.41
2020-06-10,61,Orne,0.0,0,0,0.0,186,37,19.89,65.64,13.06,0.07,283372,2.84,0.0,21.89,-2.12
2020-06-09,61,Orne,0.71,2,0,0.0,186,37,19.89,65.64,13.06,0.07,283372,2.84,0.0,24.01,0.71
2020-06-08,61,Orne,0.71,2,0,0.0,184,37,20.11,64.93,13.06,0.06,283372,2.84,-0.35,23.3,0.71
2020-06-07,61,Orne,0.0,0,0,0.0,182,37,20.33,64.23,13.06,0.06,283372,3.19,-0.35,22.59,0.0
2020-06-06,61,Orne,0.71,2,0,0.0,182,37,20.33,64.23,13.06,0.06,283372,3.54,0.71,22.59,0.71
2020-06-05,61,Orne,0.0,0,0,0.0,180,37,20.56,63.52,13.06,0.06,283372,2.83,-0.71,21.88,0.0
2020-06-04,61,Orne,0.71,2,0,0.0,180,37,20.56,63.52,13.06,0.06,283372,3.54,0.36,21.88,0.36
2020-06-03,61,Orne,0.0,0,0,0.0,178,37,20.79,62.81,13.06,0.06,283372,3.18,-0.71,21.52,-0.35
2020-06-02,61,Orne,0.71,2,0,0.0,178,37,20.79,62.81,13.06,0.06,283372,3.89,-1.05,21.87,0.36
2020-06-01,61,Orne,1.06,3,0,0.0,176,37,21.02,62.11,13.06,0.06,283372,4.94,0.71,21.51,0.0
2020-05-31,61,Orne,0.35,1,0,0.0,173,37,21.39,61.05,13.06,0.06,283372,4.23,0.35,21.51,0.35
2020-05-30,61,Orne,0.0,0,0,0.0,172,37,21.51,60.7,13.06,0.06,283372,3.88,-0.35,21.16,-0.35
2020-05-29,61,Orne,0.71,2,0,0.0,172,37,21.51,60.7,13.06,0.06,283372,4.23,-1.05,21.51,0.71
2020-05-28,61,Orne,0.35,1,0,0.0,170,37,21.76,59.99,13.06,0.06,283372,5.28,-0.71,20.8,-1.41
2020-05-27,61,Orne,0.71,2,0,0.0,169,37,21.89,59.64,13.06,0.06,283372,5.99,-1.41,22.21,0.36
2020-05-26,61,Orne,1.76,5,1,0.35,167,37,22.16,58.93,13.06,0.06,283372,7.4,-0.36,21.85,1.76
2020-05-25,61,Orne,0.35,1,0,0.0,162,36,22.22,57.17,12.7,0.06,283372,7.76,-1.06,20.09,0.0
2020-05-24,61,Orne,0.0,0,0,0.0,161,36,22.36,56.82,12.7,0.06,283372,8.82,0.0,20.09,0.0
2020-05-23,61,Orne,0.35,1,0,0.0,161,36,22.36,56.82,12.7,0.06,283372,8.82,0.35,20.09,0.35
2020-05-22,61,Orne,1.76,5,0,0.0,160,36,22.5,56.46,12.7,0.06,283372,8.47,-0.71,19.74,-0.71
2020-05-21,61,Orne,1.06,3,0,0.0,155,36,23.23,54.7,12.7,0.05,283372,9.18,-0.7,20.45,-0.7
2020-05-20,61,Orne,2.12,6,0,0.0,152,36,23.68,53.64,12.7,0.05,283372,9.88,0.0,21.15,-0.7
2020-05-19,61,Orne,2.12,6,1,0.35,146,36,24.66,51.52,12.7,0.05,283372,9.88,2.12,21.85,1.77
2020-05-18,61,Orne,1.41,4,0,0.0,140,35,25.0,49.41,12.35,0.05,283372,7.76,1.41,20.08,1.06
2020-05-17,61,Orne,0.0,0,0,0.0,136,35,25.74,47.99,12.35,0.05,283372,6.35,0.0,19.02,0.0
2020-05-16,61,Orne,0.0,0,0,0.0,136,35,25.74,47.99,12.35,0.05,283372,6.35,0.0,19.02,0.0
2020-05-15,61,Orne,2.47,7,0,0.0,136,35,25.74,47.99,12.35,0.05,283372,6.35,2.47,19.02,1.76
2020-05-14,61,Orne,1.76,5,1,0.35,129,35,27.13,45.52,12.35,0.05,283372,3.88,1.41,17.26,1.41
2020-05-13,61,Orne,2.12,6,0,0.0,124,34,27.42,43.76,12.0,0.04,283372,2.47,1.77,15.85,1.06
2020-05-12,61,Orne,0.0,0,-1,-0.35,118,34,28.81,41.64,12.0,0.04,283372,0.7,-0.35,14.79,-1.76
2020-05-11,61,Orne,0.0,0,2,0.71,118,35,29.66,41.64,12.35,0.04,283372,1.05,-1.06,16.55,0.0
2020-05-10,61,Orne,0.0,0,1,0.35,118,33,27.97,41.64,11.65,0.04,283372,2.11,0.0,16.55,0.0
2020-05-09,61,Orne,0.0,0,0,0.0,118,32,27.12,41.64,11.29,0.04,283372,2.11,-0.35,16.55,0.0
2020-05-08,61,Orne,0.0,0,0,0.0,118,32,27.12,41.64,11.29,0.04,283372,2.46,0.0,16.55,-1.06
2020-05-07,61,Orne,0.35,1,0,0.0,118,32,27.12,41.64,11.29,0.04,283372,2.46,-1.41,17.61,0.0
2020-05-06,61,Orne,0.35,1,2,0.71,117,32,27.35,41.29,11.29,0.04,283372,3.87,0.0,17.61,-1.06
2020-05-05,61,Orne,0.35,1,1,0.35,116,30,25.86,40.94,10.59,0.04,283372,3.87,0.35,18.67,0.35
2020-05-04,61,Orne,1.06,3,1,0.35,115,29,25.22,40.58,10.23,0.04,283372,3.52,0.71,18.32,-0.35
2020-05-03,61,Orne,0.0,0,0,0.0,112,28,25.0,39.52,9.88,0.04,283372,2.81,0.0,18.67,0.0
2020-05-02,61,Orne,0.35,1,0,0.0,112,28,25.0,39.52,9.88,0.04,283372,2.81,0.35,18.67,0.35
2020-05-01,61,Orne,0.0,0,0,0.0,111,28,25.23,39.17,9.88,0.04,283372,2.46,-2.47,18.32,-0.71
2020-04-30,61,Orne,1.76,5,0,0.0,111,28,25.23,39.17,9.88,0.04,283372,4.93,0.0,19.03,1.41
2020-04-29,61,Orne,0.35,1,0,0.0,106,28,26.42,37.41,9.88,0.04,283372,4.93,-2.47,17.62,0.35
2020-04-28,61,Orne,0.0,0,0,0.0,105,28,26.67,37.05,9.88,0.04,283372,7.4,-0.35,17.27,-0.71
2020-04-27,61,Orne,0.35,1,1,0.35,105,28,26.67,37.05,9.88,0.04,283372,7.75,0.0,17.98,-0.71
2020-04-26,61,Orne,0.0,0,0,0.0,104,27,25.96,36.7,9.53,0.04,283372,7.75,0.0,18.69,0.0
2020-04-25,61,Orne,0.0,0,0,0.0,104,27,25.96,36.7,9.53,0.04,283372,7.75,0.0,18.69,-1.41
2020-04-24,61,Orne,2.47,7,0,0.0,104,27,25.96,36.7,9.53,0.04,283372,7.75,1.76,20.1,2.47
2020-04-23,61,Orne,1.76,5,0,0.0,97,27,27.84,34.23,9.53,0.03,283372,5.99,1.41,17.63,-1.77
2020-04-22,61,Orne,2.82,8,2,0.71,92,27,29.35,32.47,9.53,0.03,283372,4.58,1.76,19.4,-0.71
2020-04-21,61,Orne,0.35,1,0,0.0,84,25,29.76,29.64,8.82,0.03,283372,2.82,-1.41,20.11,-2.47
2020-04-20,61,Orne,0.35,1,1,0.35,83,25,30.12,29.29,8.82,0.03,283372,4.23,0.35,22.58,-1.06
2020-04-19,61,Orne,0.0,0,1,0.35,82,24,29.27,28.94,8.47,0.03,283372,3.88,0.0,23.64,0.0
2020-04-18,61,Orne,0.0,0,0,0.0,82,23,28.05,28.94,8.12,0.03,283372,3.88,0.0,23.64,-0.71
2020-04-17,61,Orne,0.71,2,3,1.06,82,23,28.05,28.94,8.12,0.03,283372,3.88,-0.35,24.35,-1.41
2020-04-16,61,Orne,0.35,1,0,0.0,80,20,25.0,28.23,7.06,0.03,283372,4.23,0.0,25.76,-1.06
2020-04-15,61,Orne,1.06,3,1,0.35,79,20,25.32,27.88,7.06,0.03,283372,4.23,-0.35,26.82,0.35
2020-04-14,61,Orne,1.76,5,0,0.0,76,19,25.0,26.82,6.7,0.03,283372,4.58,1.76,26.47,1.76
2020-04-13,61,Orne,0.0,0,2,0.71,71,19,26.76,25.06,6.7,0.03,283372,2.82,-1.41,24.71,0.0
2020-04-12,61,Orne,0.0,0,1,0.35,71,17,23.94,25.06,6.0,0.03,283372,4.23,0.0,24.71,0.0
2020-04-11,61,Orne,0.0,0,2,0.71,71,16,22.54,25.06,5.65,0.03,283372,4.23,0.0,24.71,0.0
2020-04-10,61,Orne,1.06,3,0,0.0,71,14,19.72,25.06,4.94,0.03,283372,4.23,0.35,24.71,0.71
2020-04-09,61,Orne,0.35,1,2,0.71,68,14,20.59,24.0,4.94,0.02,283372,3.88,0.0,24.0,0.35
2020-04-08,61,Orne,1.41,4,1,0.35,67,12,17.91,23.64,4.23,0.02,283372,3.88,1.41,23.65,1.41
2020-04-07,61,Orne,0.0,0,2,0.71,63,11,17.46,22.23,3.88,0.02,283372,2.47,-0.71,22.24,0.0
2020-04-06,61,Orne,1.41,4,0,0.0,63,9,14.29,22.23,3.18,0.02,283372,3.18,0.35,22.24,1.41
2020-04-05,61,Orne,0.0,0,1,0.35,59,9,15.25,20.82,3.18,0.02,283372,2.83,0.0,20.83,0.0
2020-04-04,61,Orne,0.0,0,0,0.0,59,8,13.56,20.82,2.82,0.02,283372,2.83,-1.41,20.83,0.0
2020-04-03,61,Orne,0.71,2,1,0.35,59,8,13.56,20.82,2.82,0.02,283372,4.24,0.71,20.83,0.71
2020-04-02,61,Orne,0.35,1,2,0.71,57,7,12.28,20.11,2.47,0.02,283372,3.53,-3.18,20.12,0.35
2020-04-01,61,Orne,0.0,0,2,0.71,56,5,8.93,19.76,1.76,0.02,283372,6.71,-3.53,19.77,0.0
2020-03-31,61,Orne,0.71,2,2,0.71,56,3,5.36,19.76,1.06,0.02,283372,10.24,-2.11,19.77,0.71
2020-03-30,61,Orne,1.06,3,0,0.0,54,1,1.85,19.06,0.35,0.02,283372,12.35,-0.35,19.06,1.06
2020-03-29,61,Orne,0.0,0,0,0.0,51,1,1.96,18.0,0.35,0.02,283372,12.7,0.0,18.0,0.0
2020-03-28,61,Orne,1.41,4,0,0.0,51,1,1.96,18.0,0.35,0.02,283372,12.7,0.7,18.0,1.41
2020-03-27,61,Orne,0.0,0,0,0.0,47,2,4.26,16.59,0.71,0.02,283372,12.0,-2.12,16.59,0.0
2020-03-26,61,Orne,3.53,10,0,0.0,47,2,4.26,16.59,0.71,0.02,283372,14.12,2.12,16.59,3.53
2020-03-25,61,Orne,3.53,10,1,0.35,37,2,5.41,13.06,0.71,0.01,283372,12.0,2.82,13.06,3.53
2020-03-24,61,Orne,2.82,8,0,0.0,27,0,0.0,9.53,0.0,0.01,283372,9.18,2.82,9.53,2.82
2020-03-23,61,Orne,1.41,4,0,0.0,19,0,0.0,6.7,0.0,0.01,283372,6.36,1.41,6.71,1.41
2020-03-22,61,Orne,0.0,0,0,0.0,15,0,0.0,5.29,0.0,0.01,283372,4.95,0.0,5.3,0.0
2020-03-21,61,Orne,0.71,2,0,0.0,15,0,0.0,5.29,0.0,0.01,283372,4.95,0.71,5.3,0.71
2020-03-20,61,Orne,2.12,6,0,0.0,13,0,0.0,4.59,0.0,0.0,283372,4.24,1.77,4.59,2.12
2020-03-19,61,Orne,1.41,4,0,0.0,7,0,0.0,2.47,0.0,0.0,283372,2.47,1.41,2.47,1.41
2020-03-18,61,Orne,0.71,2,0,0.0,3,0,0.0,1.06,0.0,0.0,283372,1.06,0.71,1.06,0.71
2020-03-17,61,Orne,0.0,0,0,0.0,1,0,0.0,0.35,0.0,0.0,283372,0.35,0.0,0.35,0.0
2020-03-16,61,Orne,0.0,0,0,0.0,1,0,0.0,0.35,0.0,0.0,283372,0.35,0.0,0.35,0.0
2020-03-15,61,Orne,0.0,0,0,0.0,1,0,0.0,0.35,0.0,0.0,283372,0.35,0.0,0.35,0.0
2020-03-14,61,Orne,0.0,0,0,0.0,1,0,0.0,0.35,0.0,0.0,283372,0.35,0.0,0.35,0.0
2020-03-13,61,Orne,0.35,1,0,0.0,1,0,0.0,0.35,0.0,0.0,283372,0.35,0.35,0.35,0.35
2020-03-12,61,Orne,0.0,0,0,0.0,0,0,0.0,0.0,0.0,0.0,283372,0.0,0.0,0.0,0.0
2020-03-11,61,Orne,0.0,0,0,0.0,0,0,0.0,0.0,0.0,0.0,283372,0.0,0.0,0.0,0.0
2020-03-10,61,Orne,0.0,0,0,0.0,0,0,0.0,0.0,0.0,0.0,283372,0.0,0.0,0.0,0.0
