date,ine_code,community,1day_cases_100k,new_cases,new_deaths,new_deaths_100k,total_cases,total_deaths,cfr%,total_cases_100k,total_deaths_100k,%infected,population,7day_cases_100k,7day_cases_change,28day_cases_100k,28day_cases_change
2021-03-29,6,Cantabria,0.0,0,0,0.0,25952,542,2.09,4456.37,93.07,4.46,582357,38.46,-9.1,183.21,-9.79
2021-03-28,6,Cantabria,6.87,40,0,0.0,25952,542,2.09,4456.37,93.07,4.46,582357,47.56,1.89,193.0,0.0
2021-03-27,6,Cantabria,3.43,20,0,0.0,25912,542,2.09,4449.5,93.07,4.45,582357,45.67,-4.47,193.0,-1.21
2021-03-26,6,Cantabria,4.12,24,1,0.17,25892,542,2.09,4446.07,93.07,4.45,582357,50.14,-3.61,194.21,-3.44
2021-03-25,6,Cantabria,8.07,47,1,0.17,25868,541,2.09,4441.95,92.9,4.44,582357,53.75,1.03,197.65,0.69
2021-03-24,6,Cantabria,8.24,48,1,0.17,25821,540,2.09,4433.88,92.73,4.43,582357,52.72,-1.2,196.96,-1.89
2021-03-23,6,Cantabria,7.73,45,0,0.0,25773,539,2.09,4425.64,92.55,4.43,582357,53.92,1.2,198.85,0.0
2021-03-22,6,Cantabria,9.1,53,0,0.0,25728,539,2.09,4417.91,92.55,4.42,582357,52.72,1.89,198.85,-0.52
2021-03-21,6,Cantabria,4.98,29,0,0.0,25675,539,2.1,4408.81,92.55,4.41,582357,50.83,-1.37,199.37,-1.89
2021-03-20,6,Cantabria,7.9,46,0,0.0,25646,539,2.1,4403.83,92.55,4.4,582357,52.2,1.55,201.26,-1.2
2021-03-19,6,Cantabria,7.73,45,1,0.17,25600,539,2.11,4395.93,92.55,4.4,582357,50.65,-0.86,202.46,-1.03
2021-03-18,6,Cantabria,7.04,41,0,0.0,25555,538,2.11,4388.2,92.38,4.39,582357,51.51,0.86,203.49,-6.53
2021-03-17,6,Cantabria,9.44,55,1,0.17,25514,538,2.11,4381.16,92.38,4.38,582357,50.65,2.4,210.02,0.85
2021-03-16,6,Cantabria,6.53,38,0,0.0,25459,537,2.11,4371.72,92.21,4.37,582357,48.25,-0.17,209.17,-3.26
2021-03-15,6,Cantabria,7.21,42,0,0.0,25421,537,2.11,4365.19,92.21,4.37,582357,48.42,1.54,212.43,-10.13
2021-03-14,6,Cantabria,6.35,37,0,0.0,25379,537,2.12,4357.98,92.21,4.36,582357,46.88,-2.06,222.56,-4.3
2021-03-13,6,Cantabria,6.35,37,1,0.17,25342,537,2.12,4351.63,92.21,4.35,582357,48.94,1.03,226.86,-1.03
2021-03-12,6,Cantabria,8.59,50,0,0.0,25305,536,2.12,4345.27,92.04,4.35,582357,47.91,2.92,227.89,-5.66
2021-03-11,6,Cantabria,6.18,36,1,0.17,25255,536,2.12,4336.69,92.04,4.34,582357,44.99,0.69,233.55,-7.56
2021-03-10,6,Cantabria,7.04,41,1,0.17,25219,535,2.12,4330.51,91.87,4.33,582357,44.3,0.69,241.11,-6.01
2021-03-09,6,Cantabria,6.7,39,1,0.17,25178,534,2.12,4323.46,91.7,4.32,582357,43.61,0.0,247.12,-6.87
2021-03-08,6,Cantabria,5.67,33,2,0.34,25139,533,2.12,4316.77,91.52,4.32,582357,43.61,-4.12,253.99,-13.91
2021-03-07,6,Cantabria,8.41,49,2,0.34,25106,531,2.12,4311.1,91.18,4.31,582357,47.73,1.54,267.9,-1.55
2021-03-06,6,Cantabria,5.32,31,0,0.0,25057,529,2.11,4302.69,90.84,4.3,582357,46.19,0.68,269.45,-8.59
2021-03-05,6,Cantabria,5.67,33,5,0.86,25026,529,2.11,4297.36,90.84,4.3,582357,45.51,-1.89,278.04,-8.58
2021-03-04,6,Cantabria,5.49,32,0,0.0,24993,524,2.1,4291.7,89.98,4.29,582357,47.4,-1.89,286.62,-15.46
2021-03-03,6,Cantabria,6.35,37,3,0.52,24961,524,2.1,4286.2,89.98,4.29,582357,49.29,-3.78,302.08,-7.9
2021-03-02,6,Cantabria,6.7,39,2,0.34,24924,521,2.09,4279.85,89.46,4.28,582357,53.07,-1.03,309.98,-14.42
2021-03-01,6,Cantabria,9.79,57,1,0.17,24885,519,2.09,4273.15,89.12,4.27,582357,54.1,0.17,324.4,-8.76
2021-02-28,6,Cantabria,6.87,40,0,0.0,24828,518,2.09,4263.36,88.95,4.26,582357,53.93,0.0,333.16,-7.55
2021-02-27,6,Cantabria,4.64,27,1,0.17,24788,518,2.09,4256.5,88.95,4.26,582357,53.93,-4.46,340.71,-13.56
2021-02-26,6,Cantabria,7.56,44,0,0.0,24761,517,2.09,4251.86,88.78,4.25,582357,58.39,-1.2,354.27,-17.51
2021-02-25,6,Cantabria,7.38,43,1,0.17,24717,517,2.09,4244.3,88.78,4.24,582357,59.59,-6.19,371.78,-16.49
2021-02-24,6,Cantabria,10.13,59,3,0.52,24674,516,2.09,4236.92,88.61,4.24,582357,65.78,1.54,388.27,-16.49
2021-02-23,6,Cantabria,7.73,45,1,0.17,24615,513,2.08,4226.79,88.09,4.23,582357,64.24,-2.06,404.76,-15.28
2021-02-22,6,Cantabria,9.62,56,0,0.0,24570,512,2.08,4219.06,87.92,4.22,582357,66.3,-7.72,420.04,-18.2
2021-02-21,6,Cantabria,6.87,40,2,0.34,24514,512,2.09,4209.45,87.92,4.21,582357,74.02,-3.78,438.24,-12.36
2021-02-20,6,Cantabria,9.1,53,0,0.0,24474,510,2.08,4202.58,87.58,4.2,582357,77.8,1.72,450.6,-20.44
2021-02-19,6,Cantabria,8.76,51,0,0.0,24421,510,2.09,4193.48,87.58,4.19,582357,76.08,-5.49,471.04,-27.99
2021-02-18,6,Cantabria,13.57,79,1,0.17,24370,510,2.09,4184.72,87.58,4.18,582357,81.57,-0.17,499.03,-15.28
2021-02-17,6,Cantabria,8.59,50,0,0.0,24291,509,2.1,4171.15,87.4,4.17,582357,81.74,-4.46,514.31,-22.32
2021-02-16,6,Cantabria,9.79,57,2,0.34,24241,509,2.1,4162.57,87.4,4.16,582357,86.2,-3.78,536.63,-19.06
2021-02-15,6,Cantabria,17.34,101,2,0.34,24184,507,2.1,4152.78,87.06,4.15,582357,89.98,-2.24,555.69,-13.23
2021-02-14,6,Cantabria,10.65,62,3,0.52,24083,505,2.1,4135.44,86.72,4.14,582357,92.22,0.69,568.92,-15.79
2021-02-13,6,Cantabria,7.38,43,1,0.17,24021,502,2.09,4124.79,86.2,4.12,582357,91.53,-6.53,584.71,-19.92
2021-02-12,6,Cantabria,14.25,83,0,0.0,23978,501,2.09,4117.41,86.03,4.12,582357,98.06,0.0,604.63,-14.77
2021-02-11,6,Cantabria,13.74,80,0,0.0,23895,501,2.1,4103.15,86.03,4.1,582357,98.06,-7.21,619.4,-9.61
2021-02-10,6,Cantabria,13.05,76,4,0.69,23815,501,2.1,4089.42,86.03,4.09,582357,105.27,-1.2,629.01,-14.42
2021-02-09,6,Cantabria,13.57,79,0,0.0,23739,497,2.09,4076.37,85.34,4.08,582357,106.47,-7.55,643.43,-12.36
2021-02-08,6,Cantabria,19.58,114,0,0.0,23660,497,2.1,4062.8,85.34,4.06,582357,114.02,1.03,655.79,-14.76
2021-02-07,6,Cantabria,9.96,58,1,0.17,23546,497,2.11,4043.22,85.34,4.04,582357,112.99,-4.46,670.55,-13.39
2021-02-06,6,Cantabria,13.91,81,3,0.52,23488,496,2.11,4033.26,85.17,4.03,582357,117.45,-4.29,683.94,-11.16
2021-02-05,6,Cantabria,14.25,83,4,0.69,23407,493,2.11,4019.36,84.66,4.02,582357,121.74,-10.82,695.1,-12.02
2021-02-04,6,Cantabria,20.95,122,1,0.17,23324,489,2.1,4005.1,83.97,4.01,582357,132.56,-2.92,707.12,-6.35
2021-02-03,6,Cantabria,14.25,83,1,0.17,23202,488,2.1,3984.15,83.8,3.98,582357,135.48,-12.37,713.47,-10.82
2021-02-02,6,Cantabria,21.12,123,3,0.52,23119,487,2.11,3969.9,83.63,3.97,582357,147.85,-1.89,724.29,-3.44
2021-02-01,6,Cantabria,18.55,108,2,0.34,22996,484,2.1,3948.78,83.11,3.95,582357,149.74,-9.27,727.73,-3.26
2021-01-31,6,Cantabria,14.42,84,3,0.52,22888,482,2.11,3930.24,82.77,3.93,582357,159.01,-4.81,730.99,-6.87
2021-01-30,6,Cantabria,18.2,106,2,0.34,22804,479,2.1,3915.81,82.25,3.92,582357,163.82,-11.34,737.86,1.37
2021-01-29,6,Cantabria,25.07,146,3,0.52,22698,477,2.1,3897.61,81.91,3.9,582357,175.16,-11.68,736.49,-3.61
2021-01-28,6,Cantabria,23.87,139,3,0.52,22552,474,2.1,3872.54,81.39,3.87,582357,186.84,-4.98,740.1,10.13
2021-01-27,6,Cantabria,26.62,155,5,0.86,22413,471,2.1,3848.67,80.88,3.85,582357,191.82,-4.29,729.97,9.28
2021-01-26,6,Cantabria,23.01,134,4,0.69,22258,466,2.09,3822.05,80.02,3.82,582357,196.11,-5.84,720.69,5.67
2021-01-25,6,Cantabria,27.82,162,7,1.2,22124,462,2.09,3799.04,79.33,3.8,582357,201.95,-2.75,715.02,7.9
2021-01-24,6,Cantabria,19.23,112,5,0.86,21962,455,2.07,3771.23,78.13,3.77,582357,204.7,-7.21,707.12,3.26
2021-01-23,6,Cantabria,29.54,172,3,0.52,21850,450,2.06,3751.99,77.27,3.75,582357,211.91,2.24,703.86,17.0
2021-01-22,6,Cantabria,36.75,214,3,0.52,21678,447,2.06,3722.46,76.76,3.72,582357,209.67,7.73,686.86,25.42
2021-01-21,6,Cantabria,28.85,168,2,0.34,21464,444,2.07,3685.71,76.24,3.69,582357,201.94,5.5,661.44,18.2
2021-01-20,6,Cantabria,30.91,180,2,0.34,21296,442,2.08,3656.86,75.9,3.66,582357,196.44,3.44,643.24,17.0
2021-01-19,6,Cantabria,28.85,168,4,0.69,21116,440,2.08,3625.95,75.56,3.63,582357,193.0,2.92,626.24,16.83
2021-01-18,6,Cantabria,30.57,178,5,0.86,20948,436,2.08,3597.11,74.87,3.6,582357,190.08,-3.77,609.41,19.41
2021-01-17,6,Cantabria,26.44,154,3,0.52,20770,431,2.08,3566.54,74.01,3.57,582357,193.85,3.09,590.0,17.0
2021-01-16,6,Cantabria,27.3,159,0,0.0,20616,428,2.08,3540.1,73.49,3.54,582357,190.76,2.23,573.0,20.6
2021-01-15,6,Cantabria,29.02,169,0,0.0,20457,428,2.09,3512.79,73.49,3.51,582357,188.53,2.75,552.4,18.2
2021-01-14,6,Cantabria,23.35,136,2,0.34,20288,428,2.11,3483.77,73.49,3.48,582357,185.78,-3.95,534.2,11.16
2021-01-13,6,Cantabria,27.47,160,2,0.34,20152,426,2.11,3460.42,73.15,3.46,582357,189.73,2.4,523.04,14.59
2021-01-12,6,Cantabria,25.93,151,2,0.34,19992,424,2.12,3432.95,72.81,3.43,582357,187.33,1.37,508.45,12.54
2021-01-11,6,Cantabria,34.34,200,2,0.34,19841,422,2.13,3407.02,72.46,3.41,582357,185.96,12.53,495.91,22.49
2021-01-10,6,Cantabria,23.35,136,1,0.17,19641,420,2.14,3372.67,72.12,3.37,582357,173.43,2.06,473.42,10.81
2021-01-09,6,Cantabria,25.07,146,2,0.34,19505,419,2.15,3349.32,71.95,3.35,582357,171.37,8.24,462.61,11.33
2021-01-08,6,Cantabria,26.27,153,0,0.0,19359,417,2.15,3324.25,71.61,3.32,582357,163.13,-2.41,451.28,15.8
2021-01-07,6,Cantabria,27.3,159,0,0.0,19206,417,2.17,3297.98,71.61,3.3,582357,165.54,13.56,435.48,13.39
2021-01-06,6,Cantabria,25.07,146,1,0.17,19047,417,2.19,3270.67,71.61,3.27,582357,151.98,7.73,422.09,13.57
2021-01-05,6,Cantabria,24.56,143,0,0.0,18901,416,2.2,3245.6,71.43,3.25,582357,144.25,7.22,408.52,9.45
2021-01-04,6,Cantabria,21.81,127,2,0.34,18758,416,2.22,3221.05,71.43,3.22,582357,137.03,1.89,399.07,8.24
2021-01-03,6,Cantabria,21.29,124,0,0.0,18631,414,2.22,3199.24,71.09,3.2,582357,135.14,5.32,390.83,9.61
2021-01-02,6,Cantabria,16.83,98,2,0.34,18507,414,2.24,3177.95,71.09,3.18,582357,129.82,4.29,381.22,-0.17
2021-01-01,6,Cantabria,28.68,167,5,0.86,18409,412,2.24,3161.12,70.75,3.16,582357,125.53,17.35,381.39,12.02
2020-12-31,6,Cantabria,13.74,80,2,0.34,18242,407,2.23,3132.44,69.89,3.13,582357,108.18,3.09,369.37,-7.72
2020-12-30,6,Cantabria,17.34,101,5,0.86,18162,405,2.23,3118.71,69.54,3.12,582357,105.09,3.43,377.09,-4.12
2020-12-29,6,Cantabria,17.34,101,1,0.17,18061,400,2.21,3101.36,68.69,3.1,582357,101.66,5.32,381.21,-17.35
2020-12-28,6,Cantabria,19.92,116,2,0.34,17960,399,2.22,3084.02,68.51,3.08,582357,96.34,8.76,398.56,9.45
2020-12-27,6,Cantabria,15.97,93,1,0.17,17844,397,2.22,3064.1,68.17,3.06,582357,87.58,6.53,389.11,7.04
2020-12-26,6,Cantabria,12.54,73,1,0.17,17751,396,2.23,3048.13,68.0,3.05,582357,81.05,5.84,382.07,2.24
2020-12-25,6,Cantabria,11.33,66,1,0.17,17678,395,2.23,3035.6,67.83,3.04,582357,75.21,0.51,379.83,-9.1
2020-12-24,6,Cantabria,10.65,62,2,0.34,17612,394,2.24,3024.26,67.66,3.02,582357,74.7,-1.54,388.93,-6.87
2020-12-23,6,Cantabria,13.91,81,1,0.17,17550,392,2.23,3013.62,67.31,3.01,582357,76.24,1.03,395.8,-3.95
2020-12-22,6,Cantabria,12.02,70,2,0.34,17469,391,2.24,2999.71,67.14,3.0,582357,75.21,-1.37,399.75,-2.92
2020-12-21,6,Cantabria,11.16,65,1,0.17,17399,389,2.24,2987.69,66.8,2.99,582357,76.58,-0.69,402.67,-6.87
2020-12-20,6,Cantabria,9.44,55,2,0.34,17334,388,2.24,2976.52,66.63,2.98,582357,77.27,-3.1,409.54,-6.36
2020-12-19,6,Cantabria,6.7,39,3,0.52,17279,386,2.23,2967.08,66.28,2.97,582357,80.37,-7.04,415.9,-14.76
2020-12-18,6,Cantabria,10.82,63,2,0.34,17240,383,2.22,2960.38,65.77,2.96,582357,87.41,0.35,430.66,-13.39
2020-12-17,6,Cantabria,12.19,71,3,0.52,17177,381,2.22,2949.57,65.42,2.95,582357,87.06,-1.72,444.05,-5.15
2020-12-16,6,Cantabria,12.88,75,4,0.69,17106,378,2.21,2937.37,64.91,2.94,582357,88.78,1.38,449.2,-13.56
2020-12-15,6,Cantabria,13.39,78,4,0.69,17031,374,2.2,2924.49,64.22,2.92,582357,87.4,-1.72,462.76,-13.05
2020-12-14,6,Cantabria,11.85,69,6,1.03,16953,370,2.18,2911.1,63.53,2.91,582357,89.12,-1.72,475.81,-19.23
2020-12-13,6,Cantabria,12.54,73,2,0.34,16884,364,2.16,2899.25,62.5,2.9,582357,90.84,0.86,495.04,-15.45
2020-12-12,6,Cantabria,13.74,80,2,0.34,16811,362,2.15,2886.72,62.16,2.89,582357,89.98,-3.26,510.49,-29.53
2020-12-11,6,Cantabria,10.47,61,3,0.52,16731,360,2.15,2872.98,61.82,2.87,582357,93.24,-6.19,540.02,-26.79
2020-12-10,6,Cantabria,13.91,81,1,0.17,16670,357,2.14,2862.51,61.3,2.86,582357,99.43,-7.55,566.81,-17.0
2020-12-09,6,Cantabria,11.5,67,4,0.69,16589,356,2.15,2848.6,61.13,2.85,582357,106.98,-9.96,583.81,-27.14
2020-12-08,6,Cantabria,15.11,88,3,0.52,16522,352,2.13,2837.09,60.44,2.84,582357,116.94,-19.58,610.95,-23.18
2020-12-07,6,Cantabria,13.57,79,4,0.69,16434,349,2.12,2821.98,59.93,2.82,582357,136.52,3.1,634.13,-26.1
2020-12-06,6,Cantabria,11.68,68,4,0.69,16355,345,2.11,2808.41,59.24,2.81,582357,133.42,2.75,660.23,-22.66
2020-12-05,6,Cantabria,17.0,99,5,0.86,16287,341,2.09,2796.74,58.56,2.8,582357,130.67,6.7,682.89,-24.38
2020-12-04,6,Cantabria,16.66,97,2,0.34,16188,336,2.08,2779.74,57.7,2.78,582357,123.97,-3.77,707.27,-18.03
2020-12-03,6,Cantabria,21.46,125,3,0.52,16091,334,2.08,2763.08,57.35,2.76,582357,127.74,3.94,725.3,-18.38
2020-12-02,6,Cantabria,21.46,125,1,0.17,15966,331,2.07,2741.62,56.84,2.74,582357,123.8,3.6,743.68,-16.83
2020-12-01,6,Cantabria,34.69,202,3,0.52,15841,330,2.08,2720.15,56.67,2.72,582357,120.2,19.75,760.51,-6.01
2020-11-30,6,Cantabria,10.47,61,5,0.86,15639,327,2.09,2685.47,56.15,2.69,582357,100.45,-7.56,766.52,-34.69
2020-11-29,6,Cantabria,8.93,52,2,0.34,15578,322,2.07,2674.99,55.29,2.67,582357,108.01,-6.87,801.21,-23.7
2020-11-28,6,Cantabria,10.3,60,6,1.03,15526,320,2.06,2666.06,54.95,2.67,582357,114.88,-11.16,824.91,-26.28
2020-11-27,6,Cantabria,20.43,119,2,0.34,15466,314,2.03,2655.76,53.92,2.66,582357,126.04,-3.78,851.19,-15.8
2020-11-26,6,Cantabria,17.52,102,4,0.69,15347,312,2.03,2635.33,53.58,2.64,582357,129.82,0.18,866.99,-13.73
2020-11-25,6,Cantabria,17.86,104,2,0.34,15245,308,2.02,2617.81,52.89,2.62,582357,129.64,-8.58,880.72,-17.0
2020-11-24,6,Cantabria,14.94,87,1,0.17,15141,306,2.02,2599.95,52.55,2.6,582357,138.22,-11.5,897.72,-14.77
2020-11-23,6,Cantabria,18.03,105,0,0.0,15054,305,2.03,2585.01,52.37,2.59,582357,149.72,-13.05,912.49,-12.88
2020-11-22,6,Cantabria,15.8,92,1,0.17,14949,305,2.04,2566.98,52.37,2.57,582357,162.77,-12.19,925.37,-11.85
2020-11-21,6,Cantabria,21.46,125,3,0.52,14857,304,2.05,2551.18,52.2,2.55,582357,174.96,-21.81,937.22,-7.39
2020-11-20,6,Cantabria,24.21,141,3,0.52,14732,301,2.04,2529.72,51.69,2.53,582357,196.77,-13.05,944.61,-1.72
2020-11-19,6,Cantabria,17.34,101,1,0.17,14591,298,2.04,2505.51,51.17,2.51,582357,209.82,-13.57,946.33,-8.76
2020-11-18,6,Cantabria,26.44,154,3,0.52,14490,297,2.05,2488.16,51.0,2.49,582357,223.39,-12.2,955.09,-3.95
2020-11-17,6,Cantabria,26.44,154,0,0.0,14336,294,2.05,2461.72,50.48,2.46,582357,235.59,-11.85,959.04,-4.13
2020-11-16,6,Cantabria,31.08,181,2,0.34,14182,294,2.07,2435.28,50.48,2.44,582357,247.44,-8.59,963.17,-0.86
2020-11-15,6,Cantabria,27.99,163,3,0.52,14001,292,2.09,2404.2,50.14,2.4,582357,256.03,-6.35,964.03,-0.69
2020-11-14,6,Cantabria,43.27,252,1,0.17,13838,289,2.09,2376.21,49.63,2.38,582357,262.38,1.89,964.72,21.46
2020-11-13,6,Cantabria,37.26,217,6,1.03,13586,288,2.12,2332.93,49.45,2.33,582357,260.49,2.57,943.26,17.86
2020-11-12,6,Cantabria,30.91,180,4,0.69,13369,282,2.11,2295.67,48.42,2.3,582357,257.92,-8.93,925.4,16.31
2020-11-11,6,Cantabria,38.64,225,3,0.52,13189,278,2.11,2264.76,47.74,2.26,582357,266.85,0.35,909.09,15.11
2020-11-10,6,Cantabria,38.29,223,3,0.52,12964,275,2.12,2226.13,47.22,2.23,582357,266.5,-2.41,893.98,21.81
2020-11-09,6,Cantabria,39.67,231,3,0.52,12741,272,2.13,2187.83,46.71,2.19,582357,268.91,-5.49,872.17,26.28
2020-11-08,6,Cantabria,34.34,200,2,0.34,12510,269,2.15,2148.17,46.19,2.15,582357,274.4,1.71,845.89,21.8
2020-11-07,6,Cantabria,41.38,241,2,0.34,12310,267,2.17,2113.82,45.85,2.11,582357,272.69,4.8,824.09,28.5
2020-11-06,6,Cantabria,34.69,202,2,0.34,12069,265,2.2,2072.44,45.5,2.07,582357,267.89,-1.54,795.59,24.22
2020-11-05,6,Cantabria,39.84,232,1,0.17,11867,263,2.22,2037.75,45.16,2.04,582357,269.43,8.59,771.37,31.77
2020-11-04,6,Cantabria,38.29,223,3,0.52,11635,262,2.25,1997.92,44.99,2.0,582357,260.84,3.43,739.6,28.33
2020-11-03,6,Cantabria,40.7,237,5,0.86,11412,259,2.27,1959.62,44.47,1.96,582357,257.41,10.99,711.27,30.4
2020-11-02,6,Cantabria,45.16,263,1,0.17,11175,254,2.27,1918.93,43.62,1.92,582357,246.42,14.25,680.87,38.81
2020-11-01,6,Cantabria,32.63,190,1,0.17,10912,253,2.32,1873.76,43.44,1.87,582357,232.17,4.98,642.06,26.79
2020-10-31,6,Cantabria,36.58,213,1,0.17,10722,252,2.35,1841.14,43.27,1.84,582357,227.19,7.73,615.27,29.02
2020-10-30,6,Cantabria,36.23,211,2,0.34,10509,251,2.39,1804.56,43.1,1.8,582357,219.46,10.3,586.25,30.05
2020-10-29,6,Cantabria,31.25,182,1,0.17,10298,249,2.42,1768.33,42.76,1.77,582357,209.16,5.15,556.2,19.92
2020-10-28,6,Cantabria,34.86,203,1,0.17,10116,248,2.45,1737.08,42.59,1.74,582357,204.01,4.47,536.28,27.82
2020-10-27,6,Cantabria,29.71,173,2,0.34,9913,247,2.49,1702.22,42.41,1.7,582357,199.54,-0.86,508.46,20.27
2020-10-26,6,Cantabria,30.91,180,2,0.34,9740,245,2.52,1672.51,42.07,1.67,582357,200.4,-1.03,488.19,21.81
2020-10-25,6,Cantabria,27.65,161,0,0.0,9560,243,2.54,1641.6,41.73,1.64,582357,201.43,-1.03,466.38,20.27
2020-10-24,6,Cantabria,28.85,168,0,0.0,9399,243,2.59,1613.96,41.73,1.61,582357,202.46,7.04,446.11,24.21
2020-10-23,6,Cantabria,25.93,151,0,0.0,9231,243,2.63,1585.11,41.73,1.59,582357,195.42,6.53,421.9,15.28
2020-10-22,6,Cantabria,26.1,152,0,0.0,9080,243,2.68,1559.18,41.73,1.56,582357,188.89,11.5,406.62,20.43
2020-10-21,6,Cantabria,30.39,177,1,0.17,8928,243,2.72,1533.08,41.73,1.53,582357,177.39,6.86,386.19,21.98
2020-10-20,6,Cantabria,30.57,178,0,0.0,8751,242,2.77,1502.69,41.56,1.5,582357,170.53,14.09,364.21,18.89
2020-10-19,6,Cantabria,31.94,186,0,0.0,8573,242,2.82,1472.12,41.56,1.47,582357,156.44,18.55,345.32,20.61
2020-10-18,6,Cantabria,28.68,167,0,0.0,8387,242,2.89,1440.18,41.56,1.44,582357,137.89,16.14,324.71,17.0
2020-10-17,6,Cantabria,21.81,127,2,0.34,8220,242,2.94,1411.51,41.56,1.41,582357,121.75,8.93,307.71,10.31
2020-10-16,6,Cantabria,19.4,113,1,0.17,8093,240,2.97,1389.7,41.21,1.39,582357,112.82,8.93,297.4,8.41
2020-10-15,6,Cantabria,14.6,85,2,0.34,7980,239,2.99,1370.29,41.04,1.37,582357,103.89,6.53,288.99,2.06
2020-10-14,6,Cantabria,23.53,137,0,0.0,7895,237,3.0,1355.7,40.7,1.36,582357,97.36,13.57,286.93,12.03
2020-10-13,6,Cantabria,16.48,96,1,0.17,7758,237,3.05,1332.17,40.7,1.33,582357,83.79,6.18,274.9,-3.78
2020-10-12,6,Cantabria,13.39,78,0,0.0,7662,236,3.08,1315.69,40.52,1.32,582357,77.61,7.04,278.68,1.03
2020-10-11,6,Cantabria,12.54,73,0,0.0,7584,236,3.11,1302.29,40.52,1.3,582357,70.57,6.7,277.65,-8.07
2020-10-10,6,Cantabria,12.88,75,0,0.0,7511,236,3.14,1289.76,40.52,1.29,582357,63.87,5.32,285.72,1.38
2020-10-09,6,Cantabria,10.47,61,2,0.34,7436,236,3.17,1276.88,40.52,1.28,582357,58.55,4.29,284.34,-2.58
2020-10-08,6,Cantabria,8.07,47,0,0.0,7375,234,3.17,1266.41,40.18,1.27,582357,54.26,-3.26,286.92,-6.53
2020-10-07,6,Cantabria,9.96,58,0,0.0,7328,234,3.19,1258.33,40.18,1.26,582357,57.52,2.92,293.45,-4.98
2020-10-06,6,Cantabria,10.3,60,0,0.0,7270,234,3.22,1248.38,40.18,1.25,582357,54.6,0.86,298.43,-17.35
2020-10-05,6,Cantabria,6.35,37,0,0.0,7210,234,3.25,1238.07,40.18,1.24,582357,53.74,-2.75,315.78,-22.5
2020-10-04,6,Cantabria,5.84,34,1,0.17,7173,234,3.26,1231.72,40.18,1.23,582357,56.49,-1.54,338.28,-21.63
2020-10-03,6,Cantabria,7.56,44,0,0.0,7139,233,3.26,1225.88,40.01,1.23,582357,58.03,2.92,359.91,1.21
2020-10-02,6,Cantabria,6.18,36,1,0.17,7095,233,3.28,1218.32,40.01,1.22,582357,55.11,-4.47,358.7,-8.76
2020-10-01,6,Cantabria,11.33,66,0,0.0,7059,232,3.29,1212.14,39.84,1.21,582357,59.58,5.66,367.46,-1.38
2020-09-30,6,Cantabria,7.04,41,0,0.0,6993,232,3.32,1200.81,39.84,1.2,582357,53.92,-1.37,368.84,-12.19
2020-09-29,6,Cantabria,9.44,55,0,0.0,6952,232,3.34,1193.77,39.84,1.19,582357,55.29,-2.24,381.03,-17.86
2020-09-28,6,Cantabria,9.1,53,1,0.17,6897,232,3.36,1184.33,39.84,1.18,582357,57.53,-2.23,398.89,-16.66
2020-09-27,6,Cantabria,7.38,43,0,0.0,6844,231,3.38,1175.22,39.67,1.18,582357,59.76,-4.3,415.55,-13.57
2020-09-26,6,Cantabria,4.64,27,1,0.17,6801,231,3.4,1167.84,39.67,1.17,582357,64.06,-6.86,429.12,-9.44
2020-09-25,6,Cantabria,10.65,62,0,0.0,6774,230,3.4,1163.2,39.49,1.16,582357,70.92,-0.34,438.56,-13.91
2020-09-24,6,Cantabria,5.67,33,0,0.0,6712,230,3.43,1152.56,39.49,1.15,582357,71.26,-6.87,452.47,-6.69
2020-09-23,6,Cantabria,8.41,49,0,0.0,6679,230,3.44,1146.89,39.49,1.15,582357,78.13,-3.09,459.16,-6.01
2020-09-22,6,Cantabria,11.68,68,0,0.0,6630,230,3.47,1138.48,39.49,1.14,582357,81.22,-8.58,465.17,-2.92
2020-09-21,6,Cantabria,11.33,66,2,0.34,6562,230,3.51,1126.8,39.49,1.13,582357,89.8,-1.03,468.09,-1.55
2020-09-20,6,Cantabria,11.68,68,0,0.0,6496,228,3.51,1115.47,39.15,1.12,582357,90.83,-8.93,469.64,0.69
2020-09-19,6,Cantabria,11.5,67,0,0.0,6428,228,3.55,1103.79,39.15,1.1,582357,99.76,0.0,468.95,-3.27
2020-09-18,6,Cantabria,10.99,64,1,0.17,6361,228,3.58,1092.29,39.15,1.09,582357,99.76,-2.06,472.22,-2.92
2020-09-17,6,Cantabria,12.54,73,3,0.52,6297,227,3.6,1081.3,38.98,1.08,582357,101.82,-2.06,475.14,0.86
2020-09-16,6,Cantabria,11.5,67,0,0.0,6224,224,3.6,1068.76,38.46,1.07,582357,103.88,-3.44,474.28,1.54
2020-09-15,6,Cantabria,20.26,118,1,0.17,6157,224,3.64,1057.26,38.46,1.06,582357,107.32,-7.39,472.74,6.35
2020-09-14,6,Cantabria,12.36,72,0,0.0,6039,223,3.69,1036.99,38.29,1.04,582357,114.71,-16.49,466.39,2.23
2020-09-13,6,Cantabria,20.61,120,0,0.0,5967,223,3.74,1024.63,38.29,1.02,582357,131.2,-6.86,464.16,9.62
2020-09-12,6,Cantabria,11.5,67,0,0.0,5847,223,3.81,1004.02,38.29,1.0,582357,138.06,5.15,454.54,1.88
2020-09-11,6,Cantabria,13.05,76,0,0.0,5780,223,3.86,992.52,38.29,0.99,582357,132.91,-1.89,452.66,3.26
2020-09-10,6,Cantabria,14.6,85,0,0.0,5704,223,3.91,979.47,38.29,0.98,582357,134.8,1.89,449.4,7.22
2020-09-09,6,Cantabria,14.94,87,1,0.17,5619,223,3.97,964.87,38.29,0.96,582357,132.91,-4.29,442.18,6.01
2020-09-08,6,Cantabria,27.65,161,0,0.0,5532,222,4.01,949.93,38.12,0.95,582357,137.2,0.35,436.17,14.6
2020-09-07,6,Cantabria,28.85,168,1,0.17,5371,222,4.13,922.29,38.12,0.92,582357,136.85,3.09,421.57,21.12
2020-09-06,6,Cantabria,27.47,160,0,0.0,5203,221,4.25,893.44,37.95,0.89,582357,133.76,6.52,400.45,22.83
2020-09-05,6,Cantabria,6.35,37,0,0.0,5043,221,4.38,865.96,37.95,0.87,582357,127.24,-7.73,377.62,-1.03
2020-09-04,6,Cantabria,14.94,87,1,0.17,5006,221,4.41,859.61,37.95,0.86,582357,134.97,-9.62,378.65,7.21
2020-09-03,6,Cantabria,12.71,74,0,0.0,4919,220,4.47,844.67,37.78,0.84,582357,144.59,0.35,371.44,4.98
2020-09-02,6,Cantabria,19.23,112,1,0.17,4845,220,4.54,831.96,37.78,0.83,582357,144.24,4.81,366.46,13.74
2020-09-01,6,Cantabria,27.3,159,0,0.0,4733,219,4.63,812.73,37.61,0.81,582357,139.43,12.7,352.72,18.89
2020-08-31,6,Cantabria,25.76,150,1,0.17,4574,219,4.79,785.43,37.61,0.79,582357,126.73,12.88,333.83,18.89
2020-08-30,6,Cantabria,20.95,122,0,0.0,4424,218,4.93,759.67,37.43,0.76,582357,113.85,9.96,314.94,17.0
2020-08-29,6,Cantabria,14.08,82,2,0.34,4302,218,5.07,738.72,37.43,0.74,582357,103.89,-0.69,297.94,7.38
2020-08-28,6,Cantabria,24.56,143,0,0.0,4220,216,5.12,724.64,37.09,0.72,582357,104.58,10.65,290.56,21.81
2020-08-27,6,Cantabria,12.36,72,0,0.0,4077,216,5.3,700.09,37.09,0.7,582357,93.93,0.68,268.75,8.07
2020-08-26,6,Cantabria,14.42,84,0,0.0,4005,216,5.39,687.72,37.09,0.69,582357,93.25,4.46,260.68,12.53
2020-08-25,6,Cantabria,14.6,85,0,0.0,3921,216,5.51,673.3,37.09,0.67,582357,88.79,0.69,248.15,13.4
2020-08-24,6,Cantabria,12.88,75,0,0.0,3836,216,5.63,658.7,37.09,0.66,582357,88.1,2.75,234.75,11.85
2020-08-23,6,Cantabria,10.99,64,0,0.0,3761,216,5.74,645.82,37.09,0.65,582357,85.35,0.0,222.9,9.79
2020-08-22,6,Cantabria,14.77,86,0,0.0,3697,216,5.84,634.83,37.09,0.63,582357,85.35,5.15,213.11,13.22
2020-08-21,6,Cantabria,13.91,81,0,0.0,3611,216,5.98,620.07,37.09,0.62,582357,80.2,4.12,199.89,12.88
2020-08-20,6,Cantabria,11.68,68,0,0.0,3530,216,6.12,606.16,37.09,0.61,582357,76.08,4.3,187.01,10.31
2020-08-19,6,Cantabria,9.96,58,1,0.17,3462,216,6.24,594.48,37.09,0.59,582357,71.78,1.03,176.7,8.93
2020-08-18,6,Cantabria,13.91,81,0,0.0,3404,215,6.32,584.52,36.92,0.58,582357,70.75,0.86,167.77,13.05
2020-08-17,6,Cantabria,10.13,59,0,0.0,3323,215,6.47,570.61,36.92,0.57,582357,69.89,2.4,154.72,8.58
2020-08-16,6,Cantabria,10.99,64,0,0.0,3264,215,6.59,560.48,36.92,0.56,582357,67.49,6.35,146.14,10.13
2020-08-15,6,Cantabria,9.62,56,0,0.0,3200,215,6.72,549.49,36.92,0.55,582357,61.14,2.24,136.01,7.56
2020-08-14,6,Cantabria,9.79,57,0,0.0,3144,215,6.84,539.88,36.92,0.54,582357,58.9,2.06,128.45,9.27
2020-08-13,6,Cantabria,7.38,43,0,0.0,3087,215,6.96,530.09,36.92,0.53,582357,56.84,-0.35,119.18,6.52
2020-08-12,6,Cantabria,8.93,52,0,0.0,3044,215,7.06,522.7,36.92,0.52,582357,57.19,3.44,112.66,8.24
2020-08-11,6,Cantabria,13.05,76,1,0.17,2992,215,7.19,513.77,36.92,0.51,582357,53.75,4.64,104.42,12.71
2020-08-10,6,Cantabria,7.73,45,1,0.17,2916,214,7.34,500.72,36.75,0.5,582357,49.11,0.86,91.71,7.56
2020-08-09,6,Cantabria,4.64,27,0,0.0,2871,213,7.42,493.0,36.58,0.49,582357,48.25,0.69,84.15,4.12
2020-08-08,6,Cantabria,7.38,43,0,0.0,2844,213,7.49,488.36,36.58,0.49,582357,47.56,0.68,80.03,7.21
2020-08-07,6,Cantabria,7.73,45,0,0.0,2801,213,7.6,480.98,36.58,0.48,582357,46.88,4.98,72.82,7.56
2020-08-06,6,Cantabria,7.73,45,1,0.17,2756,213,7.73,473.25,36.58,0.47,582357,41.9,3.44,65.26,7.56
2020-08-05,6,Cantabria,5.49,32,0,0.0,2711,212,7.82,465.52,36.4,0.47,582357,38.46,3.6,57.7,5.32
2020-08-04,6,Cantabria,8.41,49,0,0.0,2679,212,7.91,460.03,36.4,0.46,582357,34.86,7.21,52.38,8.24
2020-08-03,6,Cantabria,6.87,40,0,0.0,2630,212,8.06,451.61,36.4,0.45,582357,27.65,5.84,44.14,6.87
2020-08-02,6,Cantabria,3.95,23,0,0.0,2590,212,8.19,444.74,36.4,0.44,582357,21.81,2.75,37.27,3.61
2020-08-01,6,Cantabria,6.7,39,0,0.0,2567,212,8.26,440.79,36.4,0.44,582357,19.06,5.15,33.66,6.7
2020-07-31,6,Cantabria,2.75,16,0,0.0,2528,212,8.39,434.1,36.4,0.43,582357,13.91,1.72,26.96,2.23
2020-07-30,6,Cantabria,4.29,25,0,0.0,2512,212,8.44,431.35,36.4,0.43,582357,12.19,2.92,24.73,4.29
2020-07-29,6,Cantabria,1.89,11,0,0.0,2487,212,8.52,427.06,36.4,0.43,582357,9.27,0.86,20.44,1.72
2020-07-28,6,Cantabria,1.2,7,0,0.0,2476,212,8.56,425.17,36.4,0.43,582357,8.41,0.34,18.72,1.03
2020-07-27,6,Cantabria,1.03,6,0,0.0,2469,212,8.59,423.97,36.4,0.42,582357,8.07,-0.52,17.69,1.03
2020-07-26,6,Cantabria,1.2,7,0,0.0,2463,212,8.61,422.94,36.4,0.42,582357,8.59,0.34,16.66,1.2
2020-07-25,6,Cantabria,1.55,9,0,0.0,2456,212,8.63,421.73,36.4,0.42,582357,8.25,-0.51,15.46,1.21
2020-07-24,6,Cantabria,1.03,6,0,0.0,2447,212,8.66,420.19,36.4,0.42,582357,8.76,0.51,14.25,0.51
2020-07-23,6,Cantabria,1.37,8,0,0.0,2441,212,8.68,419.16,36.4,0.42,582357,8.25,0.51,13.74,1.37
2020-07-22,6,Cantabria,1.03,6,0,0.0,2433,212,8.71,417.78,36.4,0.42,582357,7.74,0.34,12.37,0.69
2020-07-21,6,Cantabria,0.86,5,0,0.0,2427,212,8.74,416.75,36.4,0.42,582357,7.4,0.52,11.68,0.52
2020-07-20,6,Cantabria,1.55,9,0,0.0,2422,212,8.75,415.9,36.4,0.42,582357,6.88,1.38,11.16,1.38
2020-07-19,6,Cantabria,0.86,5,0,0.0,2413,212,8.79,414.35,36.4,0.41,582357,5.5,0.34,9.78,0.52
2020-07-18,6,Cantabria,2.06,12,0,0.0,2408,212,8.8,413.49,36.4,0.41,582357,5.16,1.89,9.26,1.54
2020-07-17,6,Cantabria,0.52,3,0,0.0,2396,212,8.85,411.43,36.4,0.41,582357,3.27,0.35,7.72,0.52
2020-07-16,6,Cantabria,0.86,5,0,0.0,2393,212,8.86,410.92,36.4,0.41,582357,2.92,0.69,7.2,0.0
2020-07-15,6,Cantabria,0.69,4,0,0.0,2388,212,8.88,410.06,36.4,0.41,582357,2.23,0.52,7.2,0.17
2020-07-14,6,Cantabria,0.34,2,0,0.0,2384,212,8.89,409.37,36.4,0.41,582357,1.71,0.17,7.03,0.17
2020-07-13,6,Cantabria,0.17,1,0,0.0,2382,212,8.9,409.03,36.4,0.41,582357,1.54,0.17,6.86,0.0
2020-07-12,6,Cantabria,0.52,3,0,0.0,2381,212,8.9,408.86,36.4,0.41,582357,1.37,0.18,6.86,0.18
2020-07-11,6,Cantabria,0.17,1,0,0.0,2378,212,8.92,408.34,36.4,0.41,582357,1.19,0.17,6.68,-0.17
2020-07-10,6,Cantabria,0.17,1,0,0.0,2377,212,8.92,408.17,36.4,0.41,582357,1.02,-0.35,6.85,-0.17
2020-07-09,6,Cantabria,0.17,1,0,0.0,2376,212,8.92,408.0,36.4,0.41,582357,1.37,0.17,7.02,-0.35
2020-07-08,6,Cantabria,0.17,1,0,0.0,2375,212,8.93,407.83,36.4,0.41,582357,1.2,0.0,7.37,0.0
2020-07-07,6,Cantabria,0.17,1,0,0.0,2374,212,8.93,407.65,36.4,0.41,582357,1.2,0.0,7.37,0.17
2020-07-06,6,Cantabria,0.0,0,0,0.0,2373,212,8.93,407.48,36.4,0.41,582357,1.2,0.0,7.2,-0.17
2020-07-05,6,Cantabria,0.34,2,0,0.0,2373,212,8.93,407.48,36.4,0.41,582357,1.2,0.34,7.37,-0.18
2020-07-04,6,Cantabria,0.0,0,0,0.0,2371,212,8.94,407.14,36.4,0.41,582357,0.86,-0.34,7.55,0.0
2020-07-03,6,Cantabria,0.52,3,0,0.0,2371,212,8.94,407.14,36.4,0.41,582357,1.2,0.0,7.55,0.18
2020-07-02,6,Cantabria,0.0,0,0,0.0,2368,212,8.95,406.62,36.4,0.41,582357,1.2,0.0,7.37,-0.17
2020-07-01,6,Cantabria,0.17,1,0,0.0,2368,212,8.95,406.62,36.4,0.41,582357,1.2,-0.17,7.54,0.17
2020-06-30,6,Cantabria,0.17,1,0,0.0,2367,212,8.96,406.45,36.4,0.41,582357,1.37,-0.17,7.37,-0.17
2020-06-29,6,Cantabria,0.0,0,0,0.0,2366,212,8.96,406.28,36.4,0.41,582357,1.54,-0.17,7.54,-0.52
2020-06-28,6,Cantabria,0.0,0,0,0.0,2366,212,8.96,406.28,36.4,0.41,582357,1.71,-0.34,8.06,-0.17
2020-06-27,6,Cantabria,0.34,2,0,0.0,2366,212,8.96,406.28,36.4,0.41,582357,2.05,-0.18,8.23,0.0
2020-06-26,6,Cantabria,0.52,3,0,0.0,2364,212,8.97,405.94,36.4,0.41,582357,2.23,0.52,8.23,0.0
2020-06-25,6,Cantabria,0.0,0,0,0.0,2361,212,8.98,405.42,36.4,0.41,582357,1.71,-0.86,8.23,-0.34
2020-06-24,6,Cantabria,0.34,2,0,0.0,2361,212,8.98,405.42,36.4,0.41,582357,2.57,-0.18,8.57,0.0
2020-06-23,6,Cantabria,0.34,2,0,0.0,2359,212,8.99,405.08,36.4,0.41,582357,2.75,0.17,8.57,-0.35
2020-06-22,6,Cantabria,0.17,1,0,0.0,2357,212,8.99,404.73,36.4,0.4,582357,2.58,0.0,8.92,0.0
2020-06-21,6,Cantabria,0.34,2,0,0.0,2356,212,9.0,404.56,36.4,0.4,582357,2.58,0.0,8.92,0.0
2020-06-20,6,Cantabria,0.52,3,0,0.0,2354,212,9.01,404.22,36.4,0.4,582357,2.58,0.18,8.92,0.18
2020-06-19,6,Cantabria,0.0,0,0,0.0,2351,212,9.02,403.7,36.4,0.4,582357,2.4,-0.34,8.74,-0.17
2020-06-18,6,Cantabria,0.86,5,1,0.17,2351,212,9.02,403.7,36.4,0.4,582357,2.74,0.34,8.91,0.34
2020-06-17,6,Cantabria,0.52,3,0,0.0,2346,211,8.99,402.85,36.23,0.4,582357,2.4,0.35,8.57,0.52
2020-06-16,6,Cantabria,0.17,1,0,0.0,2343,211,9.01,402.33,36.23,0.4,582357,2.05,0.17,8.05,-0.17
2020-06-15,6,Cantabria,0.17,1,0,0.0,2342,211,9.01,402.16,36.23,0.4,582357,1.88,0.0,8.22,-0.35
2020-06-14,6,Cantabria,0.34,2,0,0.0,2341,211,9.01,401.99,36.23,0.4,582357,1.88,-0.18,8.57,0.34
2020-06-13,6,Cantabria,0.34,2,0,0.0,2339,211,9.02,401.64,36.23,0.4,582357,2.06,0.34,8.23,-0.35
2020-06-12,6,Cantabria,0.34,2,0,0.0,2337,211,9.03,401.3,36.23,0.4,582357,1.72,0.0,8.58,0.0
2020-06-11,6,Cantabria,0.52,3,0,0.0,2335,211,9.04,400.96,36.23,0.4,582357,1.72,0.35,8.58,0.18
2020-06-10,6,Cantabria,0.17,1,0,0.0,2332,211,9.05,400.44,36.23,0.4,582357,1.37,0.17,8.4,-0.17
2020-06-09,6,Cantabria,0.0,0,0,0.0,2331,211,9.05,400.27,36.23,0.4,582357,1.2,-0.34,8.57,-1.37
2020-06-08,6,Cantabria,0.17,1,0,0.0,2331,211,9.05,400.27,36.23,0.4,582357,1.54,-0.35,9.94,-1.55
2020-06-07,6,Cantabria,0.52,3,0,0.0,2330,211,9.06,400.1,36.23,0.4,582357,1.89,0.35,11.49,0.18
2020-06-06,6,Cantabria,0.0,0,0,0.0,2327,211,9.07,399.58,36.23,0.4,582357,1.54,-0.34,11.31,-0.52
2020-06-05,6,Cantabria,0.34,2,0,0.0,2327,211,9.07,399.58,36.23,0.4,582357,1.88,-0.18,11.83,0.0
2020-06-04,6,Cantabria,0.17,1,0,0.0,2325,211,9.08,399.24,36.23,0.4,582357,2.06,-0.17,11.83,0.17
2020-06-03,6,Cantabria,0.0,0,0,0.0,2324,211,9.08,399.07,36.23,0.4,582357,2.23,-0.34,11.66,-0.17
2020-06-02,6,Cantabria,0.34,2,0,0.0,2324,211,9.08,399.07,36.23,0.4,582357,2.57,-0.35,11.83,0.34
2020-06-01,6,Cantabria,0.52,3,0,0.0,2322,211,9.09,398.72,36.23,0.4,582357,2.92,0.35,11.49,0.18
2020-05-31,6,Cantabria,0.17,1,0,0.0,2319,211,9.1,398.21,36.23,0.4,582357,2.57,-0.17,11.31,-0.35
2020-05-30,6,Cantabria,0.34,2,0,0.0,2318,211,9.1,398.04,36.23,0.4,582357,2.74,0.0,11.66,0.34
2020-05-29,6,Cantabria,0.52,3,0,0.0,2316,211,9.11,397.69,36.23,0.4,582357,2.74,0.35,11.32,-2.23
2020-05-28,6,Cantabria,0.34,2,0,0.0,2313,211,9.12,397.18,36.23,0.4,582357,2.39,-0.18,13.55,-1.72
2020-05-27,6,Cantabria,0.34,2,0,0.0,2311,211,9.13,396.84,36.23,0.4,582357,2.57,0.34,15.27,-0.35
2020-05-26,6,Cantabria,0.69,4,0,0.0,2309,211,9.14,396.49,36.23,0.4,582357,2.23,0.35,15.62,-0.17
2020-05-25,6,Cantabria,0.17,1,0,0.0,2305,211,9.15,395.81,36.23,0.4,582357,1.88,-0.35,15.79,-0.17
2020-05-24,6,Cantabria,0.34,2,0,0.0,2304,211,9.16,395.63,36.23,0.4,582357,2.23,0.34,15.96,-0.35
2020-05-23,6,Cantabria,0.34,2,0,0.0,2302,211,9.17,395.29,36.23,0.4,582357,1.89,-0.35,16.31,-1.72
2020-05-22,6,Cantabria,0.17,1,0,0.0,2300,211,9.17,394.95,36.23,0.39,582357,2.24,-0.17,18.03,-2.23
2020-05-21,6,Cantabria,0.52,3,0,0.0,2299,211,9.18,394.78,36.23,0.39,582357,2.41,0.18,20.26,-3.94
2020-05-20,6,Cantabria,0.0,0,0,0.0,2296,211,9.19,394.26,36.23,0.39,582357,2.23,-0.34,24.2,-4.46
2020-05-19,6,Cantabria,0.34,2,1,0.17,2296,211,9.19,394.26,36.23,0.39,582357,2.57,-1.03,28.66,-1.38
2020-05-18,6,Cantabria,0.52,3,0,0.0,2294,210,9.15,393.92,36.06,0.39,582357,3.6,-1.2,30.04,-3.6
2020-05-17,6,Cantabria,0.0,0,0,0.0,2291,210,9.17,393.4,36.06,0.39,582357,4.8,-0.34,33.64,-2.58
2020-05-16,6,Cantabria,0.69,4,2,0.34,2291,210,9.17,393.4,36.06,0.39,582357,5.14,0.17,36.22,-1.54
2020-05-15,6,Cantabria,0.34,2,0,0.0,2287,208,9.09,392.71,35.72,0.39,582357,4.97,0.0,37.76,-4.12
2020-05-14,6,Cantabria,0.34,2,1,0.17,2285,208,9.1,392.37,35.72,0.39,582357,4.97,0.34,41.88,-2.75
2020-05-13,6,Cantabria,0.34,2,0,0.0,2283,207,9.07,392.03,35.55,0.39,582357,4.63,0.17,44.63,-2.58
2020-05-12,6,Cantabria,1.37,8,0,0.0,2281,207,9.07,391.68,35.55,0.39,582357,4.46,1.37,47.21,-1.03
2020-05-11,6,Cantabria,1.72,10,1,0.17,2273,207,9.11,390.31,35.55,0.39,582357,3.09,1.38,48.24,-4.29
2020-05-10,6,Cantabria,0.34,2,0,0.0,2263,206,9.1,388.59,35.37,0.39,582357,1.71,-0.18,52.53,-7.56
2020-05-09,6,Cantabria,0.52,3,0,0.0,2261,206,9.11,388.25,35.37,0.39,582357,1.89,0.52,60.09,-3.6
2020-05-08,6,Cantabria,0.34,2,1,0.17,2258,206,9.12,387.73,35.37,0.39,582357,1.37,-2.41,63.69,-4.64
2020-05-07,6,Cantabria,0.0,0,0,0.0,2256,205,9.09,387.39,35.2,0.39,582357,3.78,-2.06,68.33,-3.95
2020-05-06,6,Cantabria,0.17,1,1,0.17,2256,205,9.09,387.39,35.2,0.39,582357,5.84,-0.52,72.28,-4.47
2020-05-05,6,Cantabria,0.0,0,0,0.0,2255,204,9.05,387.22,35.03,0.39,582357,6.36,-0.86,76.75,-2.23
2020-05-04,6,Cantabria,0.34,2,2,0.34,2255,204,9.05,387.22,35.03,0.39,582357,7.22,0.0,78.98,-4.47
2020-05-03,6,Cantabria,0.52,3,1,0.17,2253,202,8.97,386.88,34.69,0.39,582357,7.22,-0.17,83.45,-3.77
2020-05-02,6,Cantabria,0.0,0,2,0.34,2250,201,8.93,386.36,34.51,0.39,582357,7.39,-2.06,87.22,-10.82
2020-05-01,6,Cantabria,2.75,16,2,0.34,2250,199,8.84,386.36,34.17,0.39,582357,9.45,0.35,98.04,-3.09
2020-04-30,6,Cantabria,2.06,12,2,0.34,2234,197,8.82,383.61,33.83,0.38,582357,9.1,-2.4,101.13,-7.04
2020-04-29,6,Cantabria,0.69,4,0,0.0,2222,195,8.78,381.55,33.48,0.38,582357,11.5,-3.77,108.17,-11.67
2020-04-28,6,Cantabria,0.86,5,2,0.34,2218,195,8.79,380.87,33.48,0.38,582357,15.27,-0.86,119.84,-4.81
2020-04-27,6,Cantabria,0.34,2,1,0.17,2213,193,8.72,380.01,33.14,0.38,582357,16.13,-3.78,124.65,-4.47
2020-04-26,6,Cantabria,0.69,4,4,0.69,2211,192,8.68,379.66,32.97,0.38,582357,19.91,-1.89,129.12,-6.01
2020-04-25,6,Cantabria,2.06,12,3,0.52,2207,188,8.52,378.98,32.28,0.38,582357,21.8,-0.17,135.13,-9.62
2020-04-24,6,Cantabria,2.4,14,3,0.52,2195,185,8.43,376.92,31.77,0.38,582357,21.97,-2.06,144.75,-10.31
2020-04-23,6,Cantabria,4.46,26,3,0.52,2181,182,8.34,374.51,31.25,0.37,582357,24.03,1.37,155.06,-2.24
2020-04-22,6,Cantabria,4.46,26,4,0.69,2155,179,8.31,370.05,30.74,0.37,582357,22.66,1.54,157.3,-5.33
2020-04-21,6,Cantabria,1.72,10,4,0.69,2129,175,8.22,365.58,30.05,0.37,582357,21.12,-0.68,162.63,-8.24
2020-04-20,6,Cantabria,4.12,24,5,0.86,2119,171,8.07,363.87,29.36,0.36,582357,21.8,-1.89,170.87,-10.99
2020-04-19,6,Cantabria,2.58,15,4,0.69,2095,166,7.92,359.74,28.5,0.36,582357,23.69,-5.32,181.86,-11.84
2020-04-18,6,Cantabria,2.23,13,4,0.69,2080,162,7.79,357.17,27.82,0.36,582357,29.01,-1.89,193.7,-14.77
2020-04-17,6,Cantabria,4.46,26,7,1.2,2067,158,7.64,354.94,27.13,0.35,582357,30.9,-0.52,208.47,-20.1
2020-04-16,6,Cantabria,3.09,18,3,0.52,2041,151,7.4,350.47,25.93,0.35,582357,31.42,-0.86,228.57,-27.48
2020-04-15,6,Cantabria,2.92,17,6,1.03,2023,148,7.32,347.38,25.41,0.35,582357,32.28,-1.72,256.05,-12.36
2020-04-14,6,Cantabria,2.4,14,6,1.03,2006,142,7.08,344.46,24.38,0.34,582357,34.0,0.17,268.41,-10.65
2020-04-13,6,Cantabria,6.01,35,6,1.03,1992,136,6.83,342.06,23.35,0.34,582357,33.83,1.2,279.06,-6.18
2020-04-12,6,Cantabria,7.9,46,8,1.37,1957,130,6.64,336.05,22.32,0.34,582357,32.63,3.61,285.24,-3.78
2020-04-11,6,Cantabria,4.12,24,4,0.69,1911,122,6.38,328.15,20.95,0.33,582357,29.02,-6.7,289.02,-6.01
2020-04-10,6,Cantabria,4.98,29,9,1.55,1887,118,6.25,324.03,20.26,0.32,582357,35.72,-0.86,295.03,-4.29
2020-04-09,6,Cantabria,3.95,23,4,0.69,1858,109,5.87,319.05,18.72,0.32,582357,36.58,-5.15,299.32,-2.23
2020-04-08,6,Cantabria,4.64,27,5,0.86,1835,105,5.72,315.1,18.03,0.32,582357,41.73,-7.72,301.55,1.72
2020-04-07,6,Cantabria,2.23,13,3,0.52,1808,100,5.53,310.46,17.17,0.31,582357,49.45,-3.44,299.83,1.71
2020-04-06,6,Cantabria,4.81,28,8,1.37,1795,97,5.4,308.23,16.66,0.31,582357,52.89,0.0,298.12,3.26
2020-04-05,6,Cantabria,4.29,25,9,1.55,1767,89,5.04,303.42,15.28,0.3,582357,52.89,-2.41,294.86,1.37
2020-04-04,6,Cantabria,10.82,63,6,1.03,1742,80,4.59,299.13,13.74,0.3,582357,55.3,-0.86,293.49,8.76
2020-04-03,6,Cantabria,5.84,34,2,0.34,1679,74,4.41,288.31,12.71,0.29,582357,56.16,-6.87,284.73,4.29
2020-04-02,6,Cantabria,9.1,53,8,1.37,1645,72,4.38,282.47,12.36,0.28,582357,63.03,2.4,280.44,9.1
2020-04-01,6,Cantabria,12.36,72,4,0.69,1592,64,4.02,273.37,10.99,0.27,582357,60.63,2.57,271.34,12.36
2020-03-31,6,Cantabria,5.67,33,11,1.89,1520,60,3.95,261.01,10.3,0.26,582357,58.06,-4.29,258.98,5.67
2020-03-30,6,Cantabria,4.81,28,15,2.58,1487,49,3.3,255.34,8.41,0.26,582357,62.35,-10.3,253.31,4.81
2020-03-29,6,Cantabria,6.7,39,3,0.52,1459,34,2.33,250.53,5.84,0.25,582357,72.65,-7.72,248.5,6.53
2020-03-28,6,Cantabria,11.68,68,3,0.52,1420,31,2.18,243.84,5.32,0.24,582357,80.37,-5.32,241.97,11.51
2020-03-27,6,Cantabria,12.71,74,3,0.52,1352,28,2.07,232.16,4.81,0.23,582357,85.69,-11.85,230.46,12.71
2020-03-26,6,Cantabria,6.7,39,6,1.03,1278,25,1.96,219.45,4.29,0.22,582357,97.54,-23.87,217.75,6.7
2020-03-25,6,Cantabria,9.79,57,2,0.34,1239,19,1.53,212.76,3.26,0.21,582357,121.41,-5.49,211.05,9.79
2020-03-24,6,Cantabria,9.96,58,5,0.86,1182,17,1.44,202.97,2.92,0.2,582357,126.9,-3.09,201.26,8.41
2020-03-23,6,Cantabria,15.11,88,4,0.69,1124,12,1.07,193.01,2.06,0.19,582357,129.99,2.92,192.85,15.11
2020-03-22,6,Cantabria,14.42,84,2,0.34,1036,8,0.77,177.9,1.37,0.18,582357,127.07,2.74,177.74,14.25
2020-03-21,6,Cantabria,17.0,99,3,0.52,952,6,0.63,163.47,1.03,0.16,582357,124.33,6.87,163.49,17.0
2020-03-20,6,Cantabria,24.56,143,2,0.34,853,3,0.35,146.47,0.52,0.15,582357,117.46,15.29,146.49,24.56
2020-03-19,6,Cantabria,30.57,178,0,0.0,710,1,0.14,121.92,0.17,0.12,582357,102.17,24.39,121.93,30.57
2020-03-18,6,Cantabria,15.28,89,0,0.0,532,1,0.19,91.35,0.17,0.09,582357,77.78,12.36,91.36,15.28
2020-03-17,6,Cantabria,13.05,76,1,0.17,443,1,0.23,76.07,0.17,0.08,582357,65.42,12.53,76.08,13.05
2020-03-16,6,Cantabria,12.19,71,0,0.0,367,0,0.0,63.02,0.0,0.06,582357,52.89,10.64,63.03,12.19
2020-03-15,6,Cantabria,11.68,68,0,0.0,296,0,0.0,50.83,0.0,0.05,582357,42.25,8.76,50.84,11.68
2020-03-14,6,Cantabria,10.13,59,0,0.0,228,0,0.0,39.15,0.0,0.04,582357,33.49,8.07,39.16,10.13
2020-03-13,6,Cantabria,9.27,54,0,0.0,169,0,0.0,29.02,0.0,0.03,582357,25.42,7.72,29.03,9.27
2020-03-12,6,Cantabria,6.18,36,0,0.0,115,0,0.0,19.75,0.0,0.02,582357,17.7,6.18,19.76,6.18
2020-03-11,6,Cantabria,2.92,17,0,0.0,79,0,0.0,13.57,0.0,0.01,582357,11.52,2.92,13.58,2.92
2020-03-10,6,Cantabria,0.52,3,0,0.0,62,0,0.0,10.65,0.0,0.01,582357,8.6,0.52,10.66,0.52
2020-03-09,6,Cantabria,1.55,9,0,0.0,59,0,0.0,10.13,0.0,0.01,582357,8.08,1.55,10.14,1.55
2020-03-08,6,Cantabria,2.92,17,0,0.0,50,0,0.0,8.59,0.0,0.01,582357,6.53,2.75,8.59,2.92
2020-03-07,6,Cantabria,2.06,12,0,0.0,33,0,0.0,5.67,0.0,0.01,582357,3.78,1.89,5.67,2.06
2020-03-06,6,Cantabria,1.55,9,0,0.0,21,0,0.0,3.61,0.0,0.0,582357,1.89,1.55,3.61,1.55
2020-03-05,6,Cantabria,0.0,0,0,0.0,12,0,0.0,2.06,0.0,0.0,582357,0.34,0.0,2.06,0.0
2020-03-04,6,Cantabria,0.0,0,0,0.0,12,0,0.0,2.06,0.0,0.0,582357,0.34,0.0,2.06,0.0
2020-03-03,6,Cantabria,0.0,0,0,0.0,12,0,0.0,2.06,0.0,0.0,582357,0.34,-1.55,2.06,0.0
2020-03-02,6,Cantabria,0.0,0,0,0.0,12,0,0.0,2.06,0.0,0.0,582357,1.89,0.0,2.06,0.0
2020-03-01,6,Cantabria,0.17,1,0,0.0,12,0,0.0,2.06,0.0,0.0,582357,1.89,0.0,2.06,0.17
2020-02-29,6,Cantabria,0.17,1,0,0.0,11,0,0.0,1.89,0.0,0.0,582357,1.89,0.17,1.89,0.17
2020-02-28,6,Cantabria,0.0,0,0,0.0,10,0,0.0,1.72,0.0,0.0,582357,1.72,0.0,1.72,0.0
2020-02-27,6,Cantabria,0.0,0,0,0.0,10,0,0.0,1.72,0.0,0.0,582357,1.72,0.0,1.72,0.0
2020-02-26,6,Cantabria,0.0,0,0,0.0,10,0,0.0,1.72,0.0,0.0,582357,1.72,0.0,1.72,0.0
2020-02-25,6,Cantabria,1.55,9,0,0.0,10,0,0.0,1.72,0.0,0.0,582357,1.72,1.55,1.72,1.55
2020-02-24,6,Cantabria,0.0,0,0,0.0,1,0,0.0,0.17,0.0,0.0,582357,0.17,0.0,0.17,0.0
2020-02-23,6,Cantabria,0.17,1,0,0.0,1,0,0.0,0.17,0.0,0.0,582357,0.17,0.17,0.17,0.17
2020-02-22,6,Cantabria,0.0,0,0,0.0,0,0,0.0,0.0,0.0,0.0,582357,0.0,0.0,0.0,0.0
2020-02-21,6,Cantabria,0.0,0,0,0.0,0,0,0.0,0.0,0.0,0.0,582357,0.0,0.0,0.0,0.0
2020-02-20,6,Cantabria,0.0,0,0,0.0,0,0,0.0,0.0,0.0,0.0,582357,0.0,0.0,0.0,0.0
2020-02-19,6,Cantabria,0.0,0,0,0.0,0,0,0.0,0.0,0.0,0.0,582357,0.0,0.0,0.0,0.0
2020-02-18,6,Cantabria,0.0,0,0,0.0,0,0,0.0,0.0,0.0,0.0,582357,0.0,0.0,0.0,0.0
2020-02-17,6,Cantabria,0.0,0,0,0.0,0,0,0.0,0.0,0.0,0.0,582357,0.0,0.0,0.0,0.0
2020-02-16,6,Cantabria,0.0,0,0,0.0,0,0,0.0,0.0,0.0,0.0,582357,0.0,0.0,0.0,0.0
2020-02-15,6,Cantabria,0.0,0,0,0.0,0,0,0.0,0.0,0.0,0.0,582357,0.0,0.0,0.0,0.0
2020-02-14,6,Cantabria,0.0,0,0,0.0,0,0,0.0,0.0,0.0,0.0,582357,0.0,0.0,0.0,0.0
2020-02-13,6,Cantabria,0.0,0,0,0.0,0,0,0.0,0.0,0.0,0.0,582357,0.0,0.0,0.0,0.0
2020-02-12,6,Cantabria,0.0,0,0,0.0,0,0,0.0,0.0,0.0,0.0,582357,0.0,0.0,0.0,0.0
2020-02-11,6,Cantabria,0.0,0,0,0.0,0,0,0.0,0.0,0.0,0.0,582357,0.0,0.0,0.0,0.0
2020-02-10,6,Cantabria,0.0,0,0,0.0,0,0,0.0,0.0,0.0,0.0,582357,0.0,0.0,0.0,0.0
2020-02-09,6,Cantabria,0.0,0,0,0.0,0,0,0.0,0.0,0.0,0.0,582357,0.0,0.0,0.0,0.0
2020-02-08,6,Cantabria,0.0,0,0,0.0,0,0,0.0,0.0,0.0,0.0,582357,0.0,0.0,0.0,0.0
2020-02-07,6,Cantabria,0.0,0,0,0.0,0,0,0.0,0.0,0.0,0.0,582357,0.0,0.0,0.0,0.0
2020-02-06,6,Cantabria,0.0,0,0,0.0,0,0,0.0,0.0,0.0,0.0,582357,0.0,0.0,0.0,0.0
2020-02-05,6,Cantabria,0.0,0,0,0.0,0,0,0.0,0.0,0.0,0.0,582357,0.0,0.0,0.0,0.0
2020-02-04,6,Cantabria,0.0,0,0,0.0,0,0,0.0,0.0,0.0,0.0,582357,0.0,0.0,0.0,0.0
2020-02-03,6,Cantabria,0.0,0,0,0.0,0,0,0.0,0.0,0.0,0.0,582357,0.0,0.0,0.0,0.0
2020-02-02,6,Cantabria,0.0,0,0,0.0,0,0,0.0,0.0,0.0,0.0,582357,0.0,0.0,0.0,0.0
2020-02-01,6,Cantabria,0.0,0,0,0.0,0,0,0.0,0.0,0.0,0.0,582357,0.0,0.0,0.0,0.0
2020-01-31,6,Cantabria,0.0,0,0,0.0,0,0,0.0,0.0,0.0,0.0,582357,0.0,0.0,0.0,0.0
2020-01-30,6,Cantabria,0.0,0,0,0.0,0,0,0.0,0.0,0.0,0.0,582357,0.0,0.0,0.0,0.0
2020-01-29,6,Cantabria,0.0,0,0,0.0,0,0,0.0,0.0,0.0,0.0,582357,0.0,0.0,0.0,0.0
2020-01-28,6,Cantabria,0.0,0,0,0.0,0,0,0.0,0.0,0.0,0.0,582357,0.0,0.0,0.0,0.0
2020-01-27,6,Cantabria,0.0,0,0,0.0,0,0,0.0,0.0,0.0,0.0,582357,0.0,0.0,0.0,0.0
2020-01-26,6,Cantabria,0.0,0,0,0.0,0,0,0.0,0.0,0.0,0.0,582357,0.0,0.0,0.0,0.0
2020-01-25,6,Cantabria,0.0,0,0,0.0,0,0,0.0,0.0,0.0,0.0,582357,0.0,0.0,0.0,0.0
2020-01-24,6,Cantabria,0.0,0,0,0.0,0,0,0.0,0.0,0.0,0.0,582357,0.0,0.0,0.0,0.0
2020-01-23,6,Cantabria,0.0,0,0,0.0,0,0,0.0,0.0,0.0,0.0,582357,0.0,0.0,0.0,0.0
2020-01-22,6,Cantabria,0.0,0,0,0.0,0,0,0.0,0.0,0.0,0.0,582357,0.0,0.0,0.0,0.0
2020-01-21,6,Cantabria,0.0,0,0,0.0,0,0,0.0,0.0,0.0,0.0,582357,0.0,0.0,0.0,0.0
2020-01-20,6,Cantabria,0.0,0,0,0.0,0,0,0.0,0.0,0.0,0.0,582357,0.0,0.0,0.0,0.0
2020-01-19,6,Cantabria,0.0,0,0,0.0,0,0,0.0,0.0,0.0,0.0,582357,0.0,0.0,0.0,0.0
2020-01-18,6,Cantabria,0.0,0,0,0.0,0,0,0.0,0.0,0.0,0.0,582357,0.0,0.0,0.0,0.0
2020-01-17,6,Cantabria,0.0,0,0,0.0,0,0,0.0,0.0,0.0,0.0,582357,0.0,0.0,0.0,0.0
2020-01-16,6,Cantabria,0.0,0,0,0.0,0,0,0.0,0.0,0.0,0.0,582357,0.0,0.0,0.0,0.0
2020-01-15,6,Cantabria,0.0,0,0,0.0,0,0,0.0,0.0,0.0,0.0,582357,0.0,0.0,0.0,0.0
2020-01-14,6,Cantabria,0.0,0,0,0.0,0,0,0.0,0.0,0.0,0.0,582357,0.0,0.0,0.0,0.0
2020-01-13,6,Cantabria,0.0,0,0,0.0,0,0,0.0,0.0,0.0,0.0,582357,0.0,0.0,0.0,0.0
2020-01-12,6,Cantabria,0.0,0,0,0.0,0,0,0.0,0.0,0.0,0.0,582357,0.0,0.0,0.0,0.0
2020-01-11,6,Cantabria,0.0,0,0,0.0,0,0,0.0,0.0,0.0,0.0,582357,0.0,0.0,0.0,0.0
2020-01-10,6,Cantabria,0.0,0,0,0.0,0,0,0.0,0.0,0.0,0.0,582357,0.0,0.0,0.0,0.0
2020-01-09,6,Cantabria,0.0,0,0,0.0,0,0,0.0,0.0,0.0,0.0,582357,0.0,0.0,0.0,0.0
2020-01-08,6,Cantabria,0.0,0,0,0.0,0,0,0.0,0.0,0.0,0.0,582357,0.0,0.0,0.0,0.0
2020-01-07,6,Cantabria,0.0,0,0,0.0,0,0,0.0,0.0,0.0,0.0,582357,0.0,0.0,0.0,0.0
2020-01-06,6,Cantabria,0.0,0,0,0.0,0,0,0.0,0.0,0.0,0.0,582357,0.0,0.0,0.0,0.0
2020-01-05,6,Cantabria,0.0,0,0,0.0,0,0,0.0,0.0,0.0,0.0,582357,0.0,0.0,0.0,0.0
2020-01-04,6,Cantabria,0.0,0,0,0.0,0,0,0.0,0.0,0.0,0.0,582357,0.0,0.0,0.0,0.0
2020-01-03,6,Cantabria,0.0,0,0,0.0,0,0,0.0,0.0,0.0,0.0,582357,0.0,0.0,0.0,0.0
2020-01-02,6,Cantabria,0.0,0,0,0.0,0,0,0.0,0.0,0.0,0.0,582357,0.0,0.0,0.0,0.0
2020-01-01,6,Cantabria,0.0,0,0,0.0,0,0,0.0,0.0,0.0,0.0,582357,0.0,0.0,0.0,0.0
