date,state,1day_cases_100k,new_cases,new_deaths,new_deaths_100k,total_cases,total_deaths,cfr%,total_cases_100k,total_deaths_100k,%infected,population,7day_cases_100k,7day_cases_change,28day_cases_100k,28day_cases_change
2021-01-07,Piauí,18.73,613,9.0,0.27,145997,2891,1.98,4460.34,88.32,4.46,3273227,86.09,3.24,370.49,2.42
2021-01-06,Piauí,16.1,527,9.0,0.27,145384,2882,1.98,4441.61,88.05,4.44,3273227,82.85,-5.93,368.07,-2.78
2021-01-05,Piauí,20.07,657,10.0,0.31,144857,2873,1.98,4425.51,87.77,4.43,3273227,88.78,-1.1,370.85,1.04
2021-01-04,Piauí,16.77,549,7.0,0.21,144200,2863,1.99,4405.44,87.47,4.41,3273227,89.88,1.22,369.81,-2.81
2021-01-03,Piauí,4.95,162,2.0,0.06,143651,2856,1.99,4388.67,87.25,4.39,3273227,88.66,-2.78,372.62,-9.41
2021-01-02,Piauí,8.52,279,6.0,0.18,143489,2854,1.99,4383.72,87.19,4.38,3273227,91.44,0.85,382.03,-5.08
2021-01-01,Piauí,0.95,31,8.0,0.24,143210,2848,1.99,4375.19,87.01,4.38,3273227,90.59,-8.73,387.11,-20.86
2020-12-31,Piauí,15.49,507,3.0,0.09,143179,2840,1.98,4374.25,86.76,4.37,3273227,99.32,8.92,407.97,-6.78
2020-12-30,Piauí,22.03,721,10.0,0.31,142672,2837,1.99,4358.76,86.67,4.36,3273227,90.4,5.38,414.75,1.74
2020-12-29,Piauí,21.17,693,6.0,0.18,141951,2827,1.99,4336.73,86.37,4.34,3273227,85.02,3.39,413.01,-1.62
2020-12-28,Piauí,15.55,509,6.0,0.18,141258,2821,2.0,4315.56,86.18,4.32,3273227,81.63,2.29,414.63,-4.98
2020-12-27,Piauí,7.73,253,1.0,0.03,140749,2815,2.0,4300.01,86.0,4.3,3273227,79.34,1.38,419.61,-1.22
2020-12-26,Piauí,7.67,251,12.0,0.37,140496,2814,2.0,4292.28,85.97,4.29,3273227,77.96,-2.63,420.83,-24.29
2020-12-25,Piauí,9.68,317,8.0,0.24,140245,2802,2.0,4284.61,85.6,4.28,3273227,80.59,-8.04,445.12,-6.21
2020-12-24,Piauí,6.57,215,2.0,0.06,139928,2794,2.0,4274.93,85.36,4.27,3273227,88.63,-11.88,451.33,-13.62
2020-12-23,Piauí,16.65,545,4.0,0.12,139713,2792,2.0,4268.36,85.3,4.27,3273227,100.51,-3.33,464.95,3.88
2020-12-22,Piauí,17.78,582,9.0,0.27,139168,2788,2.0,4251.71,85.18,4.25,3273227,103.84,1.59,461.07,-3.54
2020-12-21,Piauí,13.26,434,10.0,0.31,138586,2779,2.01,4233.93,84.9,4.23,3273227,102.25,2.66,464.61,-0.46
2020-12-20,Piauí,6.35,208,4.0,0.12,138152,2769,2.0,4220.67,84.6,4.22,3273227,99.59,1.0,465.07,0.7
2020-12-19,Piauí,10.3,337,1.0,0.03,137944,2765,2.0,4214.31,84.47,4.21,3273227,98.59,1.5,464.37,3.4
2020-12-18,Piauí,17.72,580,9.0,0.27,137607,2764,2.01,4204.02,84.44,4.2,3273227,97.09,0.64,460.97,2.11
2020-12-17,Piauí,18.45,604,6.0,0.18,137027,2755,2.01,4186.3,84.17,4.19,3273227,96.45,2.14,458.86,0.76
2020-12-16,Piauí,19.98,654,6.0,0.18,136423,2749,2.02,4167.84,83.98,4.17,3273227,94.31,1.1,458.1,4.25
2020-12-15,Piauí,16.19,530,8.0,0.24,135769,2743,2.02,4147.86,83.8,4.15,3273227,93.21,-2.84,453.85,2.53
2020-12-14,Piauí,10.6,347,12.0,0.37,135239,2735,2.02,4131.67,83.56,4.13,3273227,96.05,-8.98,451.32,4.49
2020-12-13,Piauí,5.35,175,1.0,0.03,134892,2723,2.02,4121.07,83.19,4.12,3273227,105.03,-9.01,446.83,2.48
2020-12-12,Piauí,8.8,288,2.0,0.06,134717,2722,2.02,4115.72,83.16,4.12,3273227,114.04,-4.8,444.35,1.71
2020-12-11,Piauí,17.08,559,6.0,0.18,134429,2720,2.02,4106.93,83.1,4.11,3273227,118.84,-4.73,442.64,2.29
2020-12-10,Piauí,16.31,534,10.0,0.31,133870,2714,2.03,4089.85,82.92,4.09,3273227,123.57,-5.96,440.35,0.52
2020-12-09,Piauí,18.88,618,9.0,0.27,133336,2704,2.03,4073.53,82.61,4.07,3273227,129.53,-1.41,439.83,0.85
2020-12-08,Piauí,19.03,623,4.0,0.12,132718,2695,2.03,4054.65,82.33,4.05,3273227,130.94,-3.76,438.98,0.18
2020-12-07,Piauí,19.58,641,11.0,0.34,132095,2691,2.04,4035.62,82.21,4.04,3273227,134.7,-0.95,438.8,1.77
2020-12-06,Piauí,14.36,470,7.0,0.21,131454,2680,2.04,4016.04,81.88,4.02,3273227,135.65,5.41,437.03,1.93
2020-12-05,Piauí,13.6,445,7.0,0.21,130984,2673,2.04,4001.68,81.66,4.0,3273227,130.24,-18.36,435.1,7.0
2020-12-04,Piauí,21.81,714,8.0,0.24,130539,2666,2.04,3988.08,81.45,3.99,3273227,148.6,5.92,428.1,0.39
2020-12-03,Piauí,22.27,729,8.0,0.24,129825,2658,2.05,3966.27,81.2,3.97,3273227,142.68,2.08,427.71,-2.14
2020-12-02,Piauí,20.29,664,6.0,0.18,129096,2650,2.05,3944.0,80.96,3.94,3273227,140.6,7.52,429.85,5.14
2020-12-01,Piauí,22.79,746,10.0,0.31,128432,2644,2.06,3923.71,80.78,3.92,3273227,133.08,1.47,424.71,4.83
2020-11-30,Piauí,20.53,672,10.0,0.31,127686,2634,2.06,3900.92,80.47,3.9,3273227,131.61,6.81,419.88,15.4
2020-11-29,Piauí,8.95,293,2.0,0.06,127014,2624,2.07,3880.39,80.17,3.88,3273227,124.8,3.3,404.48,1.98
2020-11-28,Piauí,31.96,1046,5.0,0.15,126721,2622,2.07,3871.44,80.1,3.87,3273227,121.5,25.06,402.5,24.17
2020-11-27,Piauí,15.89,520,9.0,0.27,125675,2617,2.08,3839.48,79.95,3.84,3273227,96.44,0.28,378.33,-0.18
2020-11-26,Piauí,20.19,661,5.0,0.15,125155,2608,2.08,3823.6,79.68,3.82,3273227,96.16,2.5,378.51,2.93
2020-11-25,Piauí,12.77,418,7.0,0.21,124494,2603,2.09,3803.4,79.52,3.8,3273227,93.66,-2.96,375.58,-7.3
2020-11-24,Piauí,21.32,698,5.0,0.15,124076,2596,2.09,3790.63,79.31,3.79,3273227,96.62,7.66,382.88,0.58
2020-11-23,Piauí,13.72,449,7.0,0.21,123378,2591,2.1,3769.31,79.16,3.77,3273227,88.96,7.61,382.3,-4.18
2020-11-22,Piauí,5.65,185,5.0,0.15,122929,2584,2.1,3755.59,78.94,3.76,3273227,81.35,2.78,386.48,0.3
2020-11-21,Piauí,6.9,226,5.0,0.15,122744,2579,2.1,3749.94,78.79,3.75,3273227,78.57,-0.19,386.18,-1.47
2020-11-20,Piauí,15.61,511,6.0,0.18,122518,2574,2.1,3743.03,78.64,3.74,3273227,78.76,0.82,387.65,-8.16
2020-11-19,Piauí,17.69,579,12.0,0.37,122007,2568,2.1,3727.42,78.45,3.73,3273227,77.94,1.9,395.81,-3.85
2020-11-18,Piauí,15.73,515,2.0,0.06,121428,2556,2.1,3709.73,78.09,3.71,3273227,76.04,-2.3,399.66,-7.67
2020-11-17,Piauí,13.66,447,13.0,0.4,120913,2554,2.11,3694.0,78.03,3.69,3273227,78.34,-5.19,407.33,-6.87
2020-11-16,Piauí,6.11,200,11.0,0.34,120466,2541,2.11,3680.34,77.63,3.68,3273227,83.53,-11.7,414.2,-9.59
2020-11-15,Piauí,2.87,94,6.0,0.18,120266,2530,2.1,3674.23,77.29,3.67,3273227,95.23,-9.56,423.79,-3.06
2020-11-14,Piauí,7.09,232,1.0,0.03,120172,2524,2.1,3671.36,77.11,3.67,3273227,104.79,0.49,426.85,-3.97
2020-11-13,Piauí,14.79,484,7.0,0.21,119940,2523,2.1,3664.27,77.08,3.66,3273227,104.3,-6.63,430.82,-6.05
2020-11-12,Piauí,15.79,517,17.0,0.52,119456,2516,2.11,3649.49,76.87,3.65,3273227,110.93,-8.62,436.87,-9.48
2020-11-11,Piauí,18.03,590,13.0,0.4,118939,2499,2.1,3633.69,76.35,3.63,3273227,119.55,2.88,446.35,-8.49
2020-11-10,Piauí,18.85,617,4.0,0.12,118349,2486,2.1,3615.67,75.95,3.62,3273227,116.67,0.89,454.84,-0.95
2020-11-09,Piauí,17.81,583,12.0,0.37,117732,2482,2.11,3596.82,75.83,3.6,3273227,115.78,12.68,455.79,8.25
2020-11-08,Piauí,12.43,407,3.0,0.09,117149,2470,2.11,3579.01,75.46,3.58,3273227,103.1,5.46,447.54,5.34
2020-11-07,Piauí,6.6,216,3.0,0.09,116742,2467,2.11,3566.57,75.37,3.57,3273227,97.64,-1.19,442.2,-3.08
2020-11-06,Piauí,21.42,701,5.0,0.15,116526,2464,2.11,3559.97,75.28,3.56,3273227,98.83,5.35,445.28,-3.88
2020-11-05,Piauí,24.41,799,9.0,0.27,115825,2459,2.12,3538.56,75.12,3.54,3273227,93.48,7.15,449.16,6.84
2020-11-04,Piauí,15.15,496,9.0,0.27,115026,2450,2.13,3514.15,74.85,3.51,3273227,86.33,-4.92,442.32,-2.81
2020-11-03,Piauí,17.96,588,9.0,0.27,114530,2441,2.13,3498.99,74.57,3.5,3273227,91.25,-2.78,445.13,-2.94
2020-11-02,Piauí,5.13,168,12.0,0.37,113942,2432,2.13,3481.03,74.3,3.48,3273227,94.03,-12.77,448.07,-15.43
2020-11-01,Piauí,6.97,228,16.0,0.49,113774,2420,2.13,3475.9,73.93,3.48,3273227,106.8,1.62,463.5,-0.94
2020-10-31,Piauí,7.79,255,4.0,0.12,113546,2404,2.12,3468.93,73.44,3.47,3273227,105.18,-0.58,464.44,0.58
2020-10-30,Piauí,16.07,526,8.0,0.24,113291,2400,2.12,3461.14,73.32,3.46,3273227,105.76,-7.7,463.86,-2.57
2020-10-29,Piauí,17.26,565,10.0,0.31,112765,2392,2.12,3445.07,73.08,3.45,3273227,113.46,-4.28,466.43,-2.57
2020-10-28,Piauí,20.07,657,14.0,0.43,112200,2382,2.12,3427.81,72.77,3.43,3273227,117.74,-3.33,469.0,-3.24
2020-10-27,Piauí,20.74,679,5.0,0.15,111543,2368,2.12,3407.74,72.34,3.41,3273227,121.07,0.21,472.24,-5.5
2020-10-26,Piauí,17.9,586,11.0,0.34,110864,2363,2.13,3386.99,72.19,3.39,3273227,120.86,2.2,477.74,2.81
2020-10-25,Piauí,5.35,175,5.0,0.15,110278,2352,2.13,3369.09,71.86,3.37,3273227,118.66,-0.58,474.93,-0.55
2020-10-24,Piauí,8.37,274,7.0,0.21,110103,2347,2.13,3363.74,71.7,3.36,3273227,119.24,-2.69,475.48,-2.66
2020-10-23,Piauí,23.77,778,13.0,0.4,109829,2340,2.13,3355.37,71.49,3.36,3273227,121.93,2.93,478.14,-0.06
2020-10-22,Piauí,21.54,705,5.0,0.15,109051,2327,2.13,3331.61,71.09,3.33,3273227,119.0,-3.73,478.2,3.27
2020-10-21,Piauí,23.4,766,8.0,0.24,108346,2322,2.14,3310.07,70.94,3.31,3273227,122.73,-3.12,474.93,-0.15
2020-10-20,Piauí,20.53,672,10.0,0.31,107580,2314,2.15,3286.66,70.69,3.29,3273227,125.85,0.73,475.08,-0.09
2020-10-19,Piauí,15.7,514,9.0,0.27,106908,2304,2.16,3266.13,70.39,3.27,3273227,125.12,6.14,475.17,-6.85
2020-10-18,Piauí,5.93,194,9.0,0.27,106394,2295,2.16,3250.43,70.11,3.25,3273227,118.98,-1.16,482.02,-1.62
2020-10-17,Piauí,11.06,362,8.0,0.24,106200,2286,2.15,3244.5,69.84,3.24,3273227,120.14,1.38,483.64,1.62
2020-10-16,Piauí,20.84,682,9.0,0.27,105838,2278,2.15,3233.45,69.59,3.23,3273227,118.76,-4.46,482.02,1.96
2020-10-15,Piauí,25.27,827,8.0,0.24,105156,2269,2.16,3212.61,69.32,3.21,3273227,123.22,7.7,480.06,1.68
2020-10-14,Piauí,26.52,868,12.0,0.37,104329,2261,2.17,3187.34,69.08,3.19,3273227,115.52,8.56,478.38,4.77
2020-10-13,Piauí,19.8,648,12.0,0.37,103461,2249,2.17,3160.83,68.71,3.16,3273227,106.96,-1.1,473.61,-2.99
2020-10-12,Piauí,9.56,313,7.0,0.21,102813,2237,2.18,3141.03,68.34,3.14,3273227,108.06,-11.0,476.6,-11.06
2020-10-11,Piauí,7.09,232,13.0,0.4,102500,2230,2.18,3131.47,68.13,3.13,3273227,119.06,-0.82,487.66,2.75
2020-10-10,Piauí,9.68,317,11.0,0.34,102268,2217,2.17,3124.38,67.73,3.12,3273227,119.88,2.47,484.91,0.18
2020-10-09,Piauí,25.3,828,9.0,0.27,101951,2206,2.16,3114.69,67.4,3.11,3273227,117.41,6.66,484.73,-0.97
2020-10-08,Piauí,17.57,575,9.0,0.27,101123,2197,2.17,3089.4,67.12,3.09,3273227,110.75,-2.26,485.7,-4.33
2020-10-07,Piauí,17.96,588,8.0,0.24,100548,2188,2.18,3071.83,66.85,3.07,3273227,113.01,-5.35,490.03,-12.77
2020-10-06,Piauí,20.9,684,11.0,0.34,99960,2180,2.18,3053.87,66.6,3.05,3273227,118.36,-5.34,502.8,-7.76
2020-10-05,Piauí,20.56,673,13.0,0.4,99276,2169,2.18,3032.97,66.26,3.03,3273227,123.7,5.47,510.56,11.94
2020-10-04,Piauí,7.91,259,7.0,0.21,98603,2156,2.19,3012.41,65.87,3.01,3273227,118.23,2.01,498.62,-0.52
2020-10-03,Piauí,7.21,236,5.0,0.15,98344,2149,2.19,3004.5,65.65,3.0,3273227,116.22,-3.82,499.14,-4.4
2020-10-02,Piauí,18.64,610,12.0,0.37,98108,2144,2.19,2997.29,65.5,3.0,3273227,120.04,-5.19,503.54,18.64
2020-10-01,Piauí,19.83,649,5.0,0.15,97498,2132,2.19,2978.65,65.13,2.98,3273227,125.23,1.56,484.9,-38.43
2020-09-30,Piauí,23.31,763,5.0,0.15,96849,2127,2.2,2958.82,64.98,2.96,3273227,123.67,-0.24,523.33,-1.04
2020-09-29,Piauí,26.24,859,15.0,0.46,96086,2122,2.21,2935.51,64.83,2.94,3273227,123.91,5.62,524.37,-6.24
2020-09-28,Piauí,15.09,494,6.0,0.18,95227,2107,2.21,2909.27,64.37,2.91,3273227,118.29,-7.46,530.61,1.22
2020-09-27,Piauí,5.9,193,6.0,0.18,94733,2101,2.22,2894.18,64.19,2.89,3273227,125.75,-1.65,529.39,5.9
2020-09-26,Piauí,11.03,361,4.0,0.12,94540,2095,2.22,2888.28,64.0,2.89,3273227,127.4,1.59,523.49,-3.91
2020-09-25,Piauí,23.83,780,6.0,0.18,94179,2091,2.22,2877.25,63.88,2.88,3273227,125.81,4.95,527.4,-3.15
2020-09-24,Piauí,18.27,598,12.0,0.37,93399,2085,2.23,2853.42,63.7,2.85,3273227,120.86,-5.32,530.55,-8.4
2020-09-23,Piauí,23.55,771,12.0,0.37,92801,2073,2.23,2835.15,63.33,2.84,3273227,126.18,1.8,538.95,-8.96
2020-09-22,Piauí,20.62,675,10.0,0.31,92030,2061,2.24,2811.6,62.97,2.81,3273227,124.38,-2.17,547.91,-14.21
2020-09-21,Piauí,22.55,738,13.0,0.4,91355,2051,2.25,2790.98,62.66,2.79,3273227,126.55,1.93,562.12,-1.62
2020-09-20,Piauí,7.55,247,1.0,0.03,90617,2038,2.25,2768.43,62.26,2.77,3273227,124.62,3.21,563.74,-0.58
2020-09-19,Piauí,9.44,309,12.0,0.37,90370,2037,2.25,2760.88,62.23,2.76,3273227,121.41,-0.06,564.32,-2.44
2020-09-18,Piauí,18.88,618,13.0,0.4,90061,2025,2.25,2751.44,61.87,2.75,3273227,121.47,-7.39,566.76,-10.88
2020-09-17,Piauí,23.59,772,5.0,0.15,89443,2012,2.25,2732.56,61.47,2.73,3273227,128.86,1.69,577.64,2.3
2020-09-16,Piauí,21.75,712,11.0,0.34,88671,2007,2.26,2708.98,61.32,2.71,3273227,127.17,-8.98,575.34,-19.92
2020-09-15,Piauí,22.79,746,8.0,0.24,87959,1996,2.27,2687.23,60.98,2.69,3273227,136.15,-5.87,595.26,-15.37
2020-09-14,Piauí,20.62,675,15.0,0.46,87213,1988,2.28,2664.43,60.74,2.66,3273227,142.02,12.0,610.63,-7.21
2020-09-13,Piauí,4.34,142,6.0,0.18,86538,1973,2.28,2643.81,60.28,2.64,3273227,130.02,-4.09,617.84,-2.9
2020-09-12,Piauí,9.5,311,9.0,0.27,86396,1967,2.28,2639.47,60.09,2.64,3273227,134.11,-2.11,620.74,-3.94
2020-09-11,Piauí,26.27,860,11.0,0.34,86085,1958,2.27,2629.97,59.82,2.63,3273227,136.22,26.27,624.68,-5.59
2020-09-10,Piauí,21.9,717,16.0,0.49,85225,1947,2.28,2603.7,59.48,2.6,3273227,109.95,-36.36,630.27,-6.6
2020-09-09,Piauí,30.73,1006,7.0,0.21,84508,1931,2.28,2581.79,58.99,2.58,3273227,146.31,6.38,636.87,-5.84
2020-09-08,Piauí,28.66,938,9.0,0.27,83502,1924,2.3,2551.06,58.78,2.55,3273227,139.93,-3.82,642.71,-11.7
2020-09-07,Piauí,8.62,282,14.0,0.43,82564,1915,2.32,2522.4,58.5,2.52,3273227,143.75,-5.25,654.41,-20.89
2020-09-06,Piauí,8.43,276,8.0,0.24,82282,1901,2.31,2513.79,58.08,2.51,3273227,149.0,8.43,675.3,2.44
2020-09-05,Piauí,11.61,380,9.0,0.27,82006,1893,2.31,2505.36,57.83,2.51,3273227,140.57,-3.33,672.86,-0.95
2020-09-04,Piauí,0.0,0,0.0,0.0,81626,1884,2.31,2493.75,57.56,2.49,3273227,143.9,-26.98,673.81,-36.08
2020-09-03,Piauí,58.26,1907,29.0,0.89,81626,1884,2.31,2493.75,57.56,2.49,3273227,170.88,31.59,709.89,18.85
2020-09-02,Piauí,24.35,797,9.0,0.27,79719,1855,2.33,2435.49,56.67,2.44,3273227,139.29,-8.16,691.04,-17.87
2020-09-01,Piauí,32.48,1063,3.0,0.09,78922,1846,2.34,2411.14,56.4,2.41,3273227,147.45,-2.35,708.91,-6.47
2020-08-31,Piauí,13.87,454,18.0,0.55,77859,1843,2.37,2378.66,56.31,2.38,3273227,149.8,-10.3,715.38,-23.37
2020-08-30,Piauí,0.0,0,0.0,0.0,77405,1825,2.36,2364.79,55.76,2.36,3273227,160.1,-8.13,738.75,-7.06
2020-08-29,Piauí,14.94,489,21.0,0.64,77405,1825,2.36,2364.79,55.76,2.36,3273227,168.23,3.06,745.81,-1.4
2020-08-28,Piauí,26.98,883,19.0,0.58,76916,1804,2.35,2349.85,55.11,2.35,3273227,165.17,-2.78,747.21,-2.99
2020-08-27,Piauí,26.67,873,20.0,0.61,76033,1785,2.35,2322.88,54.53,2.32,3273227,167.95,5.38,750.2,-12.4
2020-08-26,Piauí,32.51,1064,11.0,0.34,75160,1765,2.35,2296.2,53.92,2.3,3273227,162.57,-9.16,762.6,-5.25
2020-08-25,Piauí,34.83,1140,13.0,0.4,74096,1754,2.37,2263.7,53.59,2.26,3273227,171.73,-3.33,767.85,-8.28
2020-08-24,Piauí,24.17,791,17.0,0.52,72956,1741,2.39,2228.87,53.19,2.23,3273227,175.06,-3.66,776.13,-5.37
2020-08-23,Piauí,8.13,266,10.0,0.31,72165,1724,2.39,2204.71,52.67,2.2,3273227,178.72,0.89,781.5,-8.37
2020-08-22,Piauí,11.88,389,13.0,0.4,71899,1714,2.38,2196.58,52.36,2.2,3273227,177.83,-1.56,789.87,-8.13
2020-08-21,Piauí,29.76,974,29.0,0.89,71510,1701,2.38,2184.69,51.97,2.18,3273227,179.39,-2.1,798.0,-2.01
2020-08-20,Piauí,21.29,697,12.0,0.37,70536,1672,2.37,2154.94,51.08,2.15,3273227,181.49,-7.21,800.01,-14.45
2020-08-19,Piauí,41.67,1364,7.0,0.21,69839,1660,2.38,2133.64,50.71,2.13,3273227,188.7,5.1,814.46,0.0
2020-08-18,Piauí,38.16,1249,16.0,0.49,68475,1653,2.41,2091.97,50.5,2.09,3273227,183.6,-2.2,814.46,-8.86
2020-08-17,Piauí,27.83,911,18.0,0.55,67226,1637,2.44,2053.81,50.01,2.05,3273227,185.8,-1.68,823.32,7.36
2020-08-16,Piauí,7.24,237,11.0,0.34,66315,1619,2.44,2025.98,49.46,2.03,3273227,187.48,1.25,815.96,-2.23
2020-08-15,Piauí,13.44,440,14.0,0.43,66078,1608,2.43,2018.74,49.13,2.02,3273227,186.23,0.88,818.19,-8.8
2020-08-14,Piauí,31.86,1043,13.0,0.4,65638,1594,2.43,2005.3,48.7,2.01,3273227,185.35,-4.22,826.99,-14.3
2020-08-13,Piauí,28.5,933,15.0,0.46,64595,1581,2.45,1973.43,48.3,1.97,3273227,189.57,-10.91,841.29,12.77
2020-08-12,Piauí,36.57,1197,18.0,0.55,63662,1566,2.46,1944.93,47.84,1.94,3273227,200.48,-5.65,828.52,3.06
2020-08-11,Piauí,40.36,1321,22.0,0.67,62465,1548,2.48,1908.36,47.29,1.91,3273227,206.13,1.41,825.46,0.98
2020-08-10,Piauí,29.51,966,23.0,0.7,61144,1526,2.5,1868.0,46.62,1.87,3273227,204.72,-7.73,824.48,5.16
2020-08-09,Piauí,5.99,196,23.0,0.7,60178,1503,2.5,1838.49,45.92,1.84,3273227,212.45,-1.07,819.32,-6.11
2020-08-08,Piauí,12.56,411,11.0,0.34,59982,1480,2.47,1832.5,45.22,1.83,3273227,213.52,-3.78,825.43,-2.65
2020-08-07,Piauí,36.08,1181,17.0,0.52,59571,1469,2.47,1819.95,44.88,1.82,3273227,217.3,6.11,828.08,-0.46
2020-08-06,Piauí,39.41,1290,16.0,0.49,58390,1452,2.49,1783.87,44.36,1.78,3273227,211.19,0.34,828.54,-7.15
2020-08-05,Piauí,42.22,1382,20.0,0.61,57100,1436,2.51,1744.46,43.87,1.74,3273227,210.85,4.46,835.69,1.47
2020-08-04,Piauí,38.95,1275,15.0,0.46,55718,1416,2.54,1702.23,43.26,1.7,3273227,206.39,-4.16,834.22,11.55
2020-08-03,Piauí,37.24,1219,16.0,0.49,54443,1401,2.57,1663.28,42.8,1.66,3273227,210.55,7.7,822.67,6.6
2020-08-02,Piauí,7.06,231,16.0,0.49,53224,1385,2.6,1626.04,42.31,1.63,3273227,202.85,-9.44,816.07,-6.14
2020-08-01,Piauí,16.34,535,15.0,0.46,52993,1369,2.58,1618.98,41.82,1.62,3273227,212.29,-3.67,822.21,0.51
2020-07-31,Piauí,29.97,981,25.0,0.76,52458,1354,2.58,1602.64,41.37,1.6,3273227,215.96,-1.8,821.7,-6.23
2020-07-30,Piauí,39.07,1279,25.0,0.76,51477,1329,2.58,1572.67,40.6,1.57,3273227,217.76,3.33,827.93,6.41
2020-07-29,Piauí,37.76,1236,12.0,0.37,50198,1304,2.6,1533.59,39.84,1.53,3273227,214.43,-3.91,821.52,-0.37
2020-07-28,Piauí,43.11,1411,14.0,0.43,48962,1292,2.64,1495.83,39.47,1.5,3273227,218.34,-3.91,821.89,-6.9
2020-07-27,Piauí,29.54,967,19.0,0.58,47551,1278,2.69,1452.73,39.04,1.45,3273227,222.25,9.07,828.79,9.1
2020-07-26,Piauí,16.5,540,16.0,0.49,46584,1259,2.7,1423.18,38.46,1.42,3273227,213.18,7.03,819.69,-1.68
2020-07-25,Piauí,20.01,655,15.0,0.46,46044,1243,2.7,1406.69,37.97,1.41,3273227,206.15,-2.23,821.37,4.95
2020-07-24,Piauí,31.77,1040,13.0,0.4,45389,1228,2.71,1386.67,37.52,1.39,3273227,208.38,-14.39,816.42,12.16
2020-07-23,Piauí,35.74,1170,31.0,0.95,44349,1215,2.74,1354.9,37.12,1.35,3273227,222.77,20.01,804.26,6.93
2020-07-22,Piauí,41.67,1364,26.0,0.79,43179,1184,2.74,1319.16,36.17,1.32,3273227,202.76,8.16,797.33,15.61
2020-07-21,Piauí,47.02,1539,18.0,0.55,41815,1158,2.77,1277.49,35.38,1.28,3273227,194.6,7.64,781.72,17.75
2020-07-20,Piauí,20.47,670,22.0,0.67,40276,1140,2.83,1230.47,34.83,1.23,3273227,186.96,-3.88,763.97,-3.76
2020-07-19,Piauí,9.47,310,18.0,0.55,39606,1118,2.82,1210.0,34.16,1.21,3273227,190.84,-2.63,767.73,2.99
2020-07-18,Piauí,22.24,728,17.0,0.52,39296,1100,2.8,1200.53,33.61,1.2,3273227,193.47,7.03,764.74,8.46
2020-07-17,Piauí,46.16,1511,18.0,0.55,38568,1083,2.81,1178.29,33.09,1.18,3273227,186.44,9.62,756.28,8.09
2020-07-16,Piauí,15.73,515,22.0,0.67,37057,1065,2.87,1132.12,32.54,1.13,3273227,176.82,-30.83,748.19,1.43
2020-07-15,Piauí,33.51,1097,24.0,0.73,36542,1043,2.85,1116.39,31.86,1.12,3273227,207.65,-7.24,746.76,17.01
2020-07-14,Piauí,39.38,1289,27.0,0.82,35445,1019,2.87,1082.88,31.13,1.08,3273227,214.89,11.98,729.75,18.67
2020-07-13,Piauí,24.35,797,32.0,0.98,34156,992,2.9,1043.5,30.31,1.04,3273227,202.91,-6.29,711.08,8.34
2020-07-12,Piauí,12.1,396,24.0,0.73,33359,960,2.88,1019.15,29.33,1.02,3273227,209.2,-1.1,702.74,5.87
2020-07-11,Piauí,15.21,498,22.0,0.67,32963,936,2.84,1007.05,28.6,1.01,3273227,210.3,-0.62,696.87,5.19
2020-07-10,Piauí,36.54,1196,18.0,0.55,32465,914,2.82,991.83,27.92,0.99,3273227,210.92,0.34,691.68,21.63
2020-07-09,Piauí,46.56,1524,12.0,0.37,31269,896,2.87,955.3,27.37,0.96,3273227,210.58,13.9,670.05,30.86
2020-07-08,Piauí,40.75,1334,26.0,0.79,29745,884,2.97,908.74,27.01,0.91,3273227,196.68,2.62,639.19,26.57
2020-07-07,Piauí,27.4,897,24.0,0.73,28411,858,3.02,867.98,26.21,0.87,3273227,194.06,-22.61,612.62,14.2
2020-07-06,Piauí,30.64,1003,25.0,0.76,27514,834,3.03,840.58,25.48,0.84,3273227,216.67,10.2,598.42,21.29
2020-07-05,Piauí,13.2,432,25.0,0.76,26511,809,3.05,809.93,24.72,0.81,3273227,206.47,-4.98,577.13,8.83
2020-07-04,Piauí,15.83,518,22.0,0.67,26079,784,3.01,796.74,23.95,0.8,3273227,211.45,0.77,568.3,4.43
2020-07-03,Piauí,36.2,1185,36.0,1.1,25561,762,2.98,780.91,23.28,0.78,3273227,210.68,16.59,563.87,24.35
2020-07-02,Piauí,32.66,1069,29.0,0.89,24376,726,2.98,744.71,22.18,0.74,3273227,194.09,3.85,539.52,12.71
2020-07-01,Piauí,38.13,1248,11.0,0.34,23307,697,2.99,712.05,21.29,0.71,3273227,190.24,12.07,526.81,30.92
2020-06-30,Piauí,50.01,1637,23.0,0.7,22059,686,3.11,673.92,20.96,0.67,3273227,178.17,20.74,495.89,40.17
2020-06-29,Piauí,20.44,669,20.0,0.61,20422,663,3.25,623.91,20.26,0.62,3273227,157.43,-3.79,455.72,8.62
2020-06-28,Piauí,18.18,595,28.0,0.86,19753,643,3.26,603.47,19.64,0.6,3273227,161.22,11.7,447.1,12.44
2020-06-27,Piauí,15.06,493,23.0,0.7,19158,615,3.21,585.29,18.79,0.59,3273227,149.52,1.28,434.66,9.38
2020-06-26,Piauí,19.61,642,18.0,0.55,18665,592,3.17,570.23,18.09,0.57,3273227,148.24,-18.46,425.28,12.22
2020-06-25,Piauí,28.81,943,28.0,0.86,18023,574,3.18,550.62,17.54,0.55,3273227,166.7,14.51,413.06,20.87
2020-06-24,Piauí,26.06,853,12.0,0.37,17080,546,3.2,521.81,16.68,0.52,3273227,152.19,9.56,392.19,17.6
2020-06-23,Piauí,29.27,958,17.0,0.52,16227,534,3.29,495.75,16.31,0.5,3273227,142.63,8.56,374.59,21.75
2020-06-22,Piauí,24.23,793,15.0,0.46,15269,517,3.39,466.48,15.79,0.47,3273227,134.07,8.22,352.84,19.04
2020-06-21,Piauí,6.48,212,17.0,0.52,14476,502,3.47,442.25,15.34,0.44,3273227,125.85,0.25,333.8,1.59
2020-06-20,Piauí,13.78,451,26.0,0.79,14264,485,3.4,435.78,14.82,0.44,3273227,125.6,3.76,332.21,9.75
2020-06-19,Piauí,38.07,1246,24.0,0.73,13813,459,3.32,422.0,14.02,0.42,3273227,121.84,23.16,322.46,32.45
2020-06-18,Piauí,14.3,468,14.0,0.43,12567,435,3.46,383.93,13.29,0.38,3273227,98.68,-1.4,290.01,7.52
2020-06-17,Piauí,16.5,540,23.0,0.7,12099,421,3.48,369.64,12.86,0.37,3273227,100.08,2.32,282.49,9.93
2020-06-16,Piauí,20.71,678,5.0,0.15,11559,398,3.44,353.14,12.16,0.35,3273227,97.76,7.51,272.56,14.69
2020-06-15,Piauí,16.01,524,19.0,0.58,10881,393,3.61,332.42,12.01,0.33,3273227,90.25,6.66,257.87,11.34
2020-06-14,Piauí,6.23,204,14.0,0.43,10357,374,3.61,316.42,11.43,0.32,3273227,83.59,1.86,246.53,5.16
2020-06-13,Piauí,10.02,328,25.0,0.76,10153,360,3.55,310.18,11.0,0.31,3273227,81.73,-1.38,241.37,4.92
2020-06-12,Piauí,14.91,488,18.0,0.55,9825,335,3.41,300.16,10.23,0.3,3273227,83.11,3.06,236.45,9.41
2020-06-11,Piauí,15.7,514,18.0,0.55,9337,317,3.4,285.25,9.68,0.29,3273227,80.05,-4.25,227.04,12.0
2020-06-10,Piauí,14.18,464,16.0,0.49,8823,299,3.39,269.55,9.13,0.27,3273227,84.3,6.97,215.04,8.93
2020-06-09,Piauí,13.2,432,18.0,0.55,8359,283,3.39,255.37,8.65,0.26,3273227,77.33,3.36,206.11,8.04
2020-06-08,Piauí,9.35,306,11.0,0.34,7927,265,3.34,242.18,8.1,0.24,3273227,73.97,-2.47,198.07,5.96
2020-06-07,Piauí,4.37,143,15.0,0.46,7621,254,3.33,232.83,7.76,0.23,3273227,76.44,-1.37,192.11,2.72
2020-06-06,Piauí,11.4,373,15.0,0.46,7478,239,3.2,228.46,7.3,0.23,3273227,77.81,5.72,189.39,10.03
2020-06-05,Piauí,11.85,388,7.0,0.21,7105,224,3.15,217.06,6.84,0.22,3273227,72.09,4.46,179.36,8.73
2020-06-04,Piauí,19.95,653,15.0,0.46,6717,217,3.23,205.21,6.63,0.21,3273227,67.63,12.01,170.63,17.51
2020-06-03,Piauí,7.21,236,10.0,0.31,6064,202,3.33,185.26,6.17,0.19,3273227,55.62,-1.25,153.12,4.09
2020-06-02,Piauí,9.84,322,12.0,0.37,5828,192,3.29,178.05,5.87,0.18,3273227,56.87,2.32,149.03,7.58
2020-06-01,Piauí,11.82,387,12.0,0.37,5506,180,3.27,168.21,5.5,0.17,3273227,54.55,6.63,141.45,9.04
2020-05-31,Piauí,5.74,188,7.0,0.21,5119,168,3.28,156.39,5.13,0.16,3273227,47.92,0.85,132.41,4.46
2020-05-30,Piauí,5.68,186,4.0,0.12,4931,161,3.27,150.65,4.92,0.15,3273227,47.07,1.65,127.95,3.33
2020-05-29,Piauí,7.39,242,11.0,0.34,4745,157,3.31,144.96,4.8,0.14,3273227,45.42,1.77,124.62,5.4
2020-05-28,Piauí,7.94,260,8.0,0.24,4503,146,3.24,137.57,4.46,0.14,3273227,43.65,1.16,119.22,5.28
2020-05-27,Piauí,8.46,277,4.0,0.12,4243,138,3.25,129.63,4.22,0.13,3273227,42.49,1.89,113.94,6.66
2020-05-26,Piauí,7.52,246,15.0,0.46,3966,134,3.38,121.16,4.09,0.12,3273227,40.6,1.5,107.28,6.11
2020-05-25,Piauí,5.19,170,9.0,0.27,3720,119,3.2,113.65,3.64,0.11,3273227,39.1,0.52,101.17,3.85
2020-05-24,Piauí,4.89,160,3.0,0.09,3550,110,3.1,108.46,3.36,0.11,3273227,38.58,3.82,97.32,3.88
2020-05-23,Piauí,4.03,132,8.0,0.24,3390,107,3.16,103.57,3.27,0.1,3273227,34.76,-1.07,93.44,2.99
2020-05-22,Piauí,5.62,184,6.0,0.18,3258,99,3.04,99.53,3.02,0.1,3273227,35.83,0.12,90.45,4.37
2020-05-21,Piauí,6.78,222,2.0,0.06,3074,93,3.03,93.91,2.84,0.09,3273227,35.71,3.08,86.08,5.59
2020-05-20,Piauí,6.57,215,4.0,0.12,2852,91,3.19,87.13,2.78,0.09,3273227,32.63,1.32,80.49,6.23
2020-05-19,Piauí,6.02,197,2.0,0.06,2637,87,3.3,80.56,2.66,0.08,3273227,31.31,0.86,74.26,5.41
2020-05-18,Piauí,4.67,153,5.0,0.15,2440,85,3.48,74.54,2.6,0.07,3273227,30.45,1.28,68.85,3.81
2020-05-17,Piauí,1.07,35,8.0,0.24,2287,80,3.5,69.87,2.44,0.07,3273227,29.17,-0.58,65.04,0.64
2020-05-16,Piauí,5.1,167,7.0,0.21,2252,72,3.2,68.8,2.2,0.07,3273227,29.75,3.73,64.4,4.46
2020-05-15,Piauí,5.5,180,5.0,0.15,2085,65,3.12,63.7,1.99,0.06,3273227,26.02,2.38,59.94,4.86
2020-05-14,Piauí,3.7,121,0.0,0.0,1905,60,3.15,58.2,1.83,0.06,3273227,23.64,1.26,55.08,3.36
2020-05-13,Piauí,5.25,172,3.0,0.09,1784,60,3.36,54.5,1.83,0.05,3273227,22.38,2.13,51.72,4.76
2020-05-12,Piauí,5.16,169,8.0,0.24,1612,57,3.54,49.25,1.74,0.05,3273227,20.25,2.9,46.96,4.64
2020-05-11,Piauí,3.39,111,4.0,0.12,1443,49,3.4,44.08,1.5,0.04,3273227,17.35,0.61,42.32,3.18
2020-05-10,Piauí,1.65,54,3.0,0.09,1332,45,3.38,40.69,1.37,0.04,3273227,16.74,0.37,39.14,1.44
2020-05-09,Piauí,1.37,45,4.0,0.12,1278,42,3.29,39.04,1.28,0.04,3273227,16.37,-0.98,37.7,1.28
2020-05-08,Piauí,3.12,102,1.0,0.03,1233,38,3.08,37.67,1.16,0.04,3273227,17.35,1.13,36.42,3.09
2020-05-07,Piauí,2.44,80,2.0,0.06,1131,37,3.27,34.55,1.13,0.03,3273227,16.22,-0.22,33.33,2.38
2020-05-06,Piauí,3.12,102,5.0,0.15,1051,35,3.33,32.11,1.07,0.03,3273227,16.44,1.32,30.95,2.91
2020-05-05,Piauí,2.26,74,1.0,0.03,949,30,3.16,28.99,0.92,0.03,3273227,15.12,0.85,28.04,2.11
2020-05-04,Piauí,2.78,91,1.0,0.03,875,29,3.31,26.73,0.89,0.03,3273227,14.27,1.44,25.93,2.72
2020-05-03,Piauí,1.28,42,0.0,0.0,784,28,3.57,23.95,0.86,0.02,3273227,12.83,0.27,23.21,1.28
2020-05-02,Piauí,2.35,77,2.0,0.06,742,28,3.77,22.67,0.86,0.02,3273227,12.56,1.31,21.93,2.29
2020-05-01,Piauí,1.99,65,2.0,0.06,665,26,3.91,20.32,0.79,0.02,3273227,11.25,0.74,19.64,1.9
2020-04-30,Piauí,2.66,87,0.0,0.0,600,24,4.0,18.33,0.73,0.02,3273227,10.51,1.47,17.74,2.66
2020-04-29,Piauí,1.8,59,0.0,0.0,513,24,4.68,15.67,0.73,0.02,3273227,9.04,1.46,15.08,1.77
2020-04-28,Piauí,1.41,46,3.0,0.09,454,24,5.29,13.87,0.73,0.01,3273227,7.58,0.8,13.31,1.41
2020-04-27,Piauí,1.34,44,1.0,0.03,408,21,5.15,12.46,0.64,0.01,3273227,6.78,0.48,11.9,1.28
2020-04-26,Piauí,1.01,33,2.0,0.06,364,20,5.49,11.12,0.61,0.01,3273227,6.3,0.58,10.62,0.86
2020-04-25,Piauí,1.04,34,1.0,0.03,331,18,5.44,10.11,0.55,0.01,3273227,5.72,0.4,9.76,1.01
2020-04-24,Piauí,1.25,41,1.0,0.03,297,17,5.72,9.07,0.52,0.01,3273227,5.32,0.61,8.75,1.22
2020-04-23,Piauí,1.19,39,1.0,0.03,256,16,6.25,7.82,0.49,0.01,3273227,4.71,0.85,7.53,1.16
2020-04-22,Piauí,0.34,11,0.0,0.0,217,15,6.91,6.63,0.46,0.01,3273227,3.86,-0.15,6.37,0.34
2020-04-21,Piauí,0.61,20,1.0,0.03,206,15,7.28,6.29,0.46,0.01,3273227,4.01,0.09,6.03,0.55
2020-04-20,Piauí,0.86,28,2.0,0.06,186,14,7.53,5.68,0.43,0.01,3273227,3.92,0.65,5.48,0.86
2020-04-19,Piauí,0.43,14,2.0,0.06,158,12,7.59,4.83,0.37,0.0,3273227,3.27,0.22,4.62,0.37
2020-04-18,Piauí,0.64,21,1.0,0.03,144,10,6.94,4.4,0.31,0.0,3273227,3.05,0.55,4.25,0.64
2020-04-17,Piauí,0.64,21,1.0,0.03,123,9,7.32,3.76,0.27,0.0,3273227,2.5,0.61,3.61,0.61
2020-04-16,Piauí,0.34,11,0.0,0.0,102,8,7.84,3.12,0.24,0.0,3273227,1.89,0.28,3.0,0.31
2020-04-15,Piauí,0.49,16,0.0,0.0,91,8,8.79,2.78,0.24,0.0,3273227,1.61,0.28,2.69,0.49
2020-04-14,Piauí,0.52,17,0.0,0.0,75,8,10.67,2.29,0.24,0.0,3273227,1.33,0.37,2.2,0.52
2020-04-13,Piauí,0.21,7,1.0,0.03,58,8,13.79,1.77,0.24,0.0,3273227,0.96,0.15,1.68,0.21
2020-04-12,Piauí,0.21,7,0.0,0.0,51,7,13.73,1.56,0.21,0.0,3273227,0.81,0.21,1.47,0.21
2020-04-11,Piauí,0.09,3,0.0,0.0,44,7,15.91,1.34,0.21,0.0,3273227,0.6,0.03,1.26,0.09
2020-04-10,Piauí,0.03,1,0.0,0.0,41,7,17.07,1.25,0.21,0.0,3273227,0.57,-0.06,1.17,0.03
2020-04-09,Piauí,0.06,2,1.0,0.03,40,7,17.5,1.22,0.21,0.0,3273227,0.63,0.06,1.14,0.06
2020-04-08,Piauí,0.21,7,1.0,0.03,38,6,15.79,1.16,0.18,0.0,3273227,0.57,0.18,1.08,0.21
2020-04-07,Piauí,0.15,5,1.0,0.03,31,5,16.13,0.95,0.15,0.0,3273227,0.39,0.15,0.87,0.15
2020-04-06,Piauí,0.06,2,0.0,0.0,26,4,15.38,0.79,0.12,0.0,3273227,0.24,0.0,0.72,0.06
2020-04-05,Piauí,0.0,0,0.0,0.0,24,4,16.67,0.73,0.12,0.0,3273227,0.24,-0.15,0.66,0.0
2020-04-04,Piauí,0.06,2,0.0,0.0,24,4,16.67,0.73,0.12,0.0,3273227,0.39,0.03,0.66,0.06
2020-04-03,Piauí,0.09,3,0.0,0.0,22,4,18.18,0.67,0.12,0.0,3273227,0.36,0.06,0.6,0.09
2020-04-02,Piauí,0.0,0,0.0,0.0,19,4,21.05,0.58,0.12,0.0,3273227,0.3,-0.03,0.51,0.0
2020-04-01,Piauí,0.03,1,0.0,0.0,19,4,21.05,0.58,0.12,0.0,3273227,0.33,0.03,0.51,0.03
2020-03-31,Piauí,0.0,0,0.0,0.0,18,4,22.22,0.55,0.12,0.0,3273227,0.3,-0.06,0.48,0.0
2020-03-30,Piauí,0.06,2,1.0,0.03,18,4,22.22,0.55,0.12,0.0,3273227,0.36,0.06,0.48,0.06
2020-03-29,Piauí,0.15,5,2.0,0.06,16,3,18.75,0.49,0.09,0.0,3273227,0.3,0.09,0.42,0.15
2020-03-28,Piauí,0.03,1,0.0,0.0,11,1,9.09,0.34,0.03,0.0,3273227,0.21,0.03,0.27,0.03
2020-03-27,Piauí,0.03,1,1.0,0.03,10,1,10.0,0.31,0.03,0.0,3273227,0.18,0.0,0.24,0.03
2020-03-26,Piauí,0.03,1,0.0,0.0,9,0,0.0,0.27,0.0,0.0,3273227,0.18,0.0,0.21,0.03
2020-03-25,Piauí,0.0,0,0.0,0.0,8,0,0.0,0.24,0.0,0.0,3273227,0.18,0.0,0.18,0.0
2020-03-24,Piauí,0.06,2,0.0,0.0,8,0,0.0,0.24,0.0,0.0,3273227,0.18,0.06,0.18,0.06
2020-03-23,Piauí,0.0,0,0.0,0.0,6,0,0.0,0.18,0.0,0.0,3273227,0.12,0.0,0.12,0.0
2020-03-22,Piauí,0.06,2,0.0,0.0,6,0,0.0,0.18,0.0,0.0,3273227,0.12,0.06,0.12,0.06
2020-03-21,Piauí,0.0,0,0.0,0.0,4,0,0.0,0.12,0.0,0.0,3273227,0.06,0.0,0.06,0.0
2020-03-20,Piauí,0.03,1,0.0,0.0,4,0,0.0,0.12,0.0,0.0,3273227,0.06,0.03,0.06,0.03
2020-03-19,Piauí,0.03,1,0.0,0.0,3,0,0.0,0.09,0.0,0.0,3273227,0.03,0.03,0.03,0.03
