LAD20CD,date,local_authority,1day_cases_100k,new_cases,new_deaths,new_deaths_100k,total_cases,total_deaths,cfr%,total_cases_100k,total_deaths_100k,%infected,population,7day_cases_100k,7day_cases_change,28day_cases_100k,28day_cases_change
N09000003,2021-08-11,Belfast,82.38,283,0,0.0,33984,409,1.2,9892.24,119.05,9.89,343542,530.37,-3.49,2540.02,-7.27
N09000003,2021-08-10,Belfast,92.86,319,1,0.29,33701,409,1.21,9809.86,119.05,9.81,343542,533.86,11.36,2547.29,28.24
N09000003,2021-08-09,Belfast,71.32,245,0,0.0,33382,408,1.22,9717.01,118.76,9.72,343542,522.5,-10.18,2519.05,33.77
N09000003,2021-08-08,Belfast,58.22,200,1,0.29,33137,408,1.23,9645.69,118.76,9.65,343542,532.68,4.37,2485.28,26.78
N09000003,2021-08-07,Belfast,63.75,219,2,0.58,32937,407,1.24,9587.47,118.47,9.59,343542,528.31,15.14,2458.5,33.77
N09000003,2021-08-06,Belfast,72.77,250,0,0.0,32718,405,1.24,9523.73,117.89,9.52,343542,513.17,1.45,2424.73,33.47
N09000003,2021-08-05,Belfast,89.07,306,3,0.87,32468,405,1.25,9450.96,117.89,9.45,343542,511.72,9.31,2391.26,40.17
N09000003,2021-08-04,Belfast,85.87,295,1,0.29,32162,402,1.25,9361.88,117.02,9.36,343542,502.41,-9.02,2351.09,42.21
N09000003,2021-08-03,Belfast,81.5,280,1,0.29,31867,401,1.26,9276.01,116.73,9.28,343542,511.43,-30.86,2308.88,47.44
N09000003,2021-08-02,Belfast,81.5,280,0,0.0,31587,400,1.27,9194.51,116.43,9.19,343542,542.29,-14.85,2261.44,57.63
N09000003,2021-08-01,Belfast,53.85,185,1,0.29,31307,400,1.28,9113.01,116.43,9.11,343542,557.14,-30.56,2203.81,32.6
N09000003,2021-07-31,Belfast,48.61,167,1,0.29,31122,399,1.28,9059.15,116.14,9.06,343542,587.7,-28.82,2171.21,30.85
N09000003,2021-07-30,Belfast,71.32,245,0,0.0,30955,398,1.29,9010.54,115.85,9.01,343542,616.52,-24.74,2140.36,52.69
N09000003,2021-07-29,Belfast,79.76,274,4,1.16,30710,398,1.3,8939.23,115.85,8.94,343542,641.26,-20.96,2087.67,59.09
N09000003,2021-07-28,Belfast,94.89,326,1,0.29,30436,394,1.29,8859.47,114.69,8.86,343542,662.22,-24.75,2028.58,74.22
N09000003,2021-07-27,Belfast,112.36,386,1,0.29,30110,393,1.31,8764.58,114.4,8.76,343542,686.97,-19.21,1954.36,97.22
N09000003,2021-07-26,Belfast,96.35,331,0,0.0,29724,392,1.32,8652.22,114.11,8.65,343542,706.18,-33.18,1857.14,85.29
N09000003,2021-07-25,Belfast,84.41,290,1,0.29,29393,392,1.33,8555.87,114.11,8.56,343542,739.36,-21.25,1771.85,73.06
N09000003,2021-07-24,Belfast,77.43,266,0,0.0,29103,391,1.34,8471.45,113.81,8.47,343542,760.61,-38.13,1698.79,69.57
N09000003,2021-07-23,Belfast,96.06,330,1,0.29,28837,391,1.36,8394.02,113.81,8.39,343542,798.74,-31.44,1629.22,85.87
N09000003,2021-07-22,Belfast,100.72,346,0,0.0,28507,390,1.37,8297.97,113.52,8.3,343542,830.18,-14.84,1543.35,93.73
N09000003,2021-07-21,Belfast,119.64,411,0,0.0,28161,390,1.38,8197.25,113.52,8.2,343542,845.02,29.99,1449.62,112.95
N09000003,2021-07-20,Belfast,131.57,452,0,0.0,27750,390,1.41,8077.61,113.52,8.08,343542,815.03,66.95,1336.67,124.0
N09000003,2021-07-19,Belfast,129.53,445,0,0.0,27298,390,1.43,7946.04,113.52,7.95,343542,748.08,91.98,1212.67,121.09
N09000003,2021-07-18,Belfast,105.66,363,0,0.0,26853,390,1.45,7816.51,113.52,7.82,343542,656.1,74.22,1091.58,99.84
N09000003,2021-07-17,Belfast,115.56,397,0,0.0,26490,390,1.47,7710.85,113.52,7.71,343542,581.88,85.58,991.74,111.78
N09000003,2021-07-16,Belfast,127.5,438,1,0.29,26093,390,1.49,7595.29,113.52,7.6,343542,496.3,88.2,879.96,122.26
N09000003,2021-07-15,Belfast,115.56,397,0,0.0,25655,389,1.52,7467.79,113.23,7.47,343542,408.1,66.66,757.7,111.19
N09000003,2021-07-14,Belfast,89.65,308,0,0.0,25258,389,1.54,7352.23,113.23,7.35,343542,341.44,45.99,646.51,81.79
N09000003,2021-07-13,Belfast,64.62,222,0,0.0,24950,389,1.56,7262.58,113.23,7.26,343542,295.45,30.56,564.72,57.93
N09000003,2021-07-12,Belfast,37.55,129,0,0.0,24728,389,1.57,7197.96,113.23,7.2,343542,264.89,13.68,506.79,30.86
N09000003,2021-07-11,Belfast,31.44,108,0,0.0,24599,389,1.58,7160.41,113.23,7.16,343542,251.21,10.19,475.93,28.53
N09000003,2021-07-10,Belfast,29.98,103,0,0.0,24491,389,1.59,7128.97,113.23,7.13,343542,241.02,12.22,447.4,27.65
N09000003,2021-07-09,Belfast,39.3,135,0,0.0,24388,389,1.6,7098.99,113.23,7.1,343542,228.8,20.67,419.75,34.64
N09000003,2021-07-08,Belfast,48.9,168,0,0.0,24253,389,1.6,7059.69,113.23,7.06,343542,208.13,28.23,385.11,40.17
N09000003,2021-07-07,Belfast,43.66,150,0,0.0,24085,389,1.62,7010.79,113.23,7.01,343542,179.9,22.99,344.94,38.71
N09000003,2021-07-06,Belfast,34.06,117,0,0.0,23935,389,1.63,6967.12,113.23,6.97,343542,156.91,18.92,306.23,31.15
N09000003,2021-07-05,Belfast,23.87,82,0,0.0,23818,389,1.63,6933.07,113.23,6.93,343542,137.99,12.81,275.08,18.63
N09000003,2021-07-04,Belfast,21.25,73,0,0.0,23736,389,1.64,6909.2,113.23,6.91,343542,125.18,9.9,256.45,17.76
N09000003,2021-07-03,Belfast,17.76,61,0,0.0,23663,389,1.64,6887.95,113.23,6.89,343542,115.28,9.9,238.69,13.68
N09000003,2021-07-02,Belfast,18.63,64,0,0.0,23602,389,1.65,6870.19,113.23,6.87,343542,105.38,8.44,225.01,13.1
N09000003,2021-07-01,Belfast,20.67,71,0,0.0,23538,389,1.65,6851.56,113.23,6.85,343542,96.94,13.68,211.91,17.47
N09000003,2021-06-30,Belfast,20.67,71,0,0.0,23467,389,1.66,6830.9,113.23,6.83,343542,83.26,13.98,194.44,16.01
N09000003,2021-06-29,Belfast,15.14,52,0,0.0,23396,389,1.66,6810.23,113.23,6.81,343542,69.28,7.57,178.43,10.77
N09000003,2021-06-28,Belfast,11.06,38,0,0.0,23344,389,1.67,6795.09,113.23,6.8,343542,61.71,2.62,167.66,8.73
N09000003,2021-06-27,Belfast,11.35,39,0,0.0,23306,389,1.67,6784.03,113.23,6.78,343542,59.09,5.53,158.93,9.6
N09000003,2021-06-26,Belfast,7.86,27,0,0.0,23267,389,1.67,6772.68,113.23,6.77,343542,53.56,4.08,149.33,4.37
N09000003,2021-06-25,Belfast,10.19,35,0,0.0,23240,389,1.67,6764.82,113.23,6.76,343542,49.48,4.95,144.96,6.99
N09000003,2021-06-24,Belfast,6.99,24,0,0.0,23205,389,1.68,6754.63,113.23,6.75,343542,44.53,2.62,137.97,2.62
N09000003,2021-06-23,Belfast,6.69,23,0,0.0,23181,389,1.68,6747.65,113.23,6.75,343542,41.91,-1.17,135.35,3.2
N09000003,2021-06-22,Belfast,7.57,26,0,0.0,23158,389,1.68,6740.95,113.23,6.74,343542,43.08,0.88,132.15,4.95
N09000003,2021-06-21,Belfast,8.44,29,0,0.0,23132,389,1.68,6733.38,113.23,6.73,343542,42.2,1.75,127.2,6.11
N09000003,2021-06-20,Belfast,5.82,20,0,0.0,23103,389,1.68,6724.94,113.23,6.72,343542,40.45,2.91,121.09,4.07
N09000003,2021-06-19,Belfast,3.78,13,0,0.0,23083,389,1.69,6719.12,113.23,6.72,343542,37.54,1.45,117.02,3.2
N09000003,2021-06-18,Belfast,5.24,18,0,0.0,23070,389,1.69,6715.34,113.23,6.72,343542,36.09,0.58,113.82,1.75
N09000003,2021-06-17,Belfast,4.37,15,0,0.0,23052,389,1.69,6710.1,113.23,6.71,343542,35.51,-4.36,112.07,1.75
N09000003,2021-06-16,Belfast,7.86,27,0,0.0,23037,389,1.69,6705.73,113.23,6.71,343542,39.87,2.91,110.32,4.66
N09000003,2021-06-15,Belfast,6.69,23,0,0.0,23010,389,1.69,6697.87,113.23,6.7,343542,36.96,3.78,105.66,3.2
N09000003,2021-06-14,Belfast,6.69,23,0,0.0,22987,389,1.69,6691.18,113.23,6.69,343542,33.18,1.45,102.46,1.74
N09000003,2021-06-13,Belfast,2.91,10,0,0.0,22964,389,1.69,6684.48,113.23,6.68,343542,31.73,-0.58,100.72,0.0
N09000003,2021-06-12,Belfast,2.33,8,0,0.0,22954,389,1.69,6681.57,113.23,6.68,343542,32.31,-1.75,100.72,-1.16
N09000003,2021-06-11,Belfast,4.66,16,0,0.0,22946,389,1.7,6679.24,113.23,6.68,343542,34.06,-0.87,101.88,2.33
N09000003,2021-06-10,Belfast,8.73,30,0,0.0,22930,389,1.7,6674.58,113.23,6.67,343542,34.93,5.53,99.55,6.98
N09000003,2021-06-09,Belfast,4.95,17,0,0.0,22900,389,1.7,6665.85,113.23,6.67,343542,29.4,0.29,92.57,-0.29
N09000003,2021-06-08,Belfast,2.91,10,0,0.0,22883,389,1.7,6660.9,113.23,6.66,343542,29.11,-1.46,92.86,-1.17
N09000003,2021-06-07,Belfast,5.24,18,0,0.0,22873,389,1.7,6657.99,113.23,6.66,343542,30.57,2.91,94.03,2.62
N09000003,2021-06-06,Belfast,3.49,12,0,0.0,22855,389,1.7,6652.75,113.23,6.65,343542,27.66,1.74,91.41,0.29
N09000003,2021-06-05,Belfast,4.08,14,0,0.0,22843,389,1.7,6649.26,113.23,6.65,343542,25.92,0.59,91.12,0.3
N09000003,2021-06-04,Belfast,5.53,19,0,0.0,22829,389,1.7,6645.18,113.23,6.65,343542,25.33,2.33,90.82,2.62
N09000003,2021-06-03,Belfast,3.2,11,0,0.0,22810,389,1.71,6639.65,113.23,6.64,343542,23.0,-1.17,88.2,1.16
N09000003,2021-06-02,Belfast,4.66,16,0,0.0,22799,389,1.71,6636.45,113.23,6.64,343542,24.17,1.17,87.04,2.91
N09000003,2021-06-01,Belfast,4.37,15,0,0.0,22783,389,1.71,6631.79,113.23,6.63,343542,23.0,1.75,84.13,1.17
N09000003,2021-05-31,Belfast,2.33,8,0,0.0,22768,389,1.71,6627.43,113.23,6.63,343542,21.25,0.0,82.96,0.29
N09000003,2021-05-30,Belfast,1.75,6,0,0.0,22760,389,1.71,6625.1,113.23,6.63,343542,21.25,0.0,82.67,0.59
N09000003,2021-05-29,Belfast,3.49,12,0,0.0,22754,389,1.71,6623.35,113.23,6.62,343542,21.25,2.91,82.08,1.45
N09000003,2021-05-28,Belfast,3.2,11,0,0.0,22742,389,1.71,6619.86,113.23,6.62,343542,18.34,-0.29,80.63,-0.58
N09000003,2021-05-27,Belfast,4.37,15,0,0.0,22731,389,1.71,6616.66,113.23,6.62,343542,18.63,1.75,81.21,1.17
N09000003,2021-05-26,Belfast,3.49,12,0,0.0,22716,389,1.71,6612.29,113.23,6.61,343542,16.88,0.29,80.04,0.58
N09000003,2021-05-25,Belfast,2.62,9,0,0.0,22704,389,1.71,6608.8,113.23,6.61,343542,16.59,-0.87,79.46,-2.33
N09000003,2021-05-24,Belfast,2.33,8,0,0.0,22695,389,1.71,6606.18,113.23,6.61,343542,17.46,-2.62,81.79,-3.2
N09000003,2021-05-23,Belfast,1.75,6,0,0.0,22687,389,1.71,6603.85,113.23,6.6,343542,20.08,-1.16,84.99,-1.16
N09000003,2021-05-22,Belfast,0.58,2,0,0.0,22681,389,1.72,6602.1,113.23,6.6,343542,21.24,-2.91,86.15,-2.62
N09000003,2021-05-21,Belfast,3.49,12,0,0.0,22679,389,1.72,6601.52,113.23,6.6,343542,24.15,1.16,88.77,-0.29
N09000003,2021-05-20,Belfast,2.62,9,0,0.0,22667,389,1.72,6598.03,113.23,6.6,343542,22.99,0.87,89.06,-1.46
N09000003,2021-05-19,Belfast,3.2,11,0,0.0,22658,389,1.72,6595.41,113.23,6.6,343542,22.12,-2.04,90.52,-3.2
N09000003,2021-05-18,Belfast,3.49,12,0,0.0,22647,389,1.72,6592.21,113.23,6.59,343542,24.16,-0.59,93.72,-1.75
N09000003,2021-05-17,Belfast,4.95,17,0,0.0,22635,389,1.72,6588.71,113.23,6.59,343542,24.75,2.33,95.47,-3.49
N09000003,2021-05-16,Belfast,2.91,10,0,0.0,22618,389,1.72,6583.77,113.23,6.58,343542,22.42,-0.29,98.96,2.04
N09000003,2021-05-15,Belfast,3.49,12,0,0.0,22608,389,1.72,6580.85,113.23,6.58,343542,22.71,-0.29,96.92,-2.33
N09000003,2021-05-14,Belfast,2.33,8,0,0.0,22596,389,1.72,6577.36,113.23,6.58,343542,23.0,-0.58,99.25,-2.33
N09000003,2021-05-13,Belfast,1.75,6,0,0.0,22588,389,1.72,6575.03,113.23,6.58,343542,23.58,-0.29,101.58,-2.03
N09000003,2021-05-12,Belfast,5.24,18,0,0.0,22582,389,1.72,6573.29,113.23,6.57,343542,23.87,3.49,103.61,-4.37
N09000003,2021-05-11,Belfast,4.08,14,1,0.29,22564,389,1.72,6568.05,113.23,6.57,343542,20.38,0.88,107.98,1.75
N09000003,2021-05-10,Belfast,2.62,9,0,0.0,22550,388,1.72,6563.97,112.94,6.56,343542,19.5,0.58,106.23,-0.58
N09000003,2021-05-09,Belfast,3.2,11,0,0.0,22541,388,1.72,6561.35,112.94,6.56,343542,18.92,2.04,106.81,0.0
N09000003,2021-05-08,Belfast,3.78,13,0,0.0,22530,388,1.72,6558.15,112.94,6.56,343542,16.88,1.74,106.81,0.87
N09000003,2021-05-07,Belfast,2.91,10,0,0.0,22517,388,1.72,6554.37,112.94,6.55,343542,15.14,-0.87,105.94,-1.46
N09000003,2021-05-06,Belfast,2.04,7,0,0.0,22507,388,1.72,6551.46,112.94,6.55,343542,16.01,-1.16,107.4,-4.36
N09000003,2021-05-05,Belfast,1.75,6,0,0.0,22500,388,1.72,6549.42,112.94,6.55,343542,17.17,-1.16,111.76,-3.2
N09000003,2021-05-04,Belfast,3.2,11,0,0.0,22494,388,1.72,6547.67,112.94,6.55,343542,18.33,-1.75,114.96,-1.46
N09000003,2021-05-03,Belfast,2.04,7,0,0.0,22483,388,1.73,6544.47,112.94,6.54,343542,20.08,-3.49,116.42,-1.74
N09000003,2021-05-02,Belfast,1.16,4,0,0.0,22476,388,1.73,6542.43,112.94,6.54,343542,23.57,-1.75,118.16,-0.3
N09000003,2021-05-01,Belfast,2.04,7,0,0.0,22472,388,1.73,6541.27,112.94,6.54,343542,25.32,-1.16,118.46,-2.04
N09000003,2021-04-30,Belfast,3.78,13,0,0.0,22465,388,1.73,6539.23,112.94,6.54,343542,26.48,0.0,120.5,-0.3
N09000003,2021-04-29,Belfast,3.2,11,1,0.29,22452,388,1.73,6535.45,112.94,6.54,343542,26.48,-0.88,120.8,-0.29
N09000003,2021-04-28,Belfast,2.91,10,0,0.0,22441,387,1.72,6532.24,112.65,6.53,343542,27.36,-3.49,121.09,-4.08
N09000003,2021-04-27,Belfast,4.95,17,0,0.0,22431,387,1.73,6529.33,112.65,6.53,343542,30.85,-0.29,125.17,-1.16
N09000003,2021-04-26,Belfast,5.53,19,0,0.0,22414,387,1.73,6524.38,112.65,6.52,343542,31.14,-2.91,126.33,-1.16
N09000003,2021-04-25,Belfast,2.91,10,0,0.0,22395,387,1.73,6518.85,112.65,6.52,343542,34.05,2.04,127.49,-1.46
N09000003,2021-04-24,Belfast,3.2,11,0,0.0,22385,387,1.73,6515.94,112.65,6.52,343542,32.01,-2.62,128.95,-1.75
N09000003,2021-04-23,Belfast,3.78,13,0,0.0,22374,387,1.73,6512.74,112.65,6.51,343542,34.63,-0.88,130.7,-1.46
N09000003,2021-04-22,Belfast,4.08,14,0,0.0,22361,387,1.73,6508.96,112.65,6.51,343542,35.51,0.3,132.16,-4.65
N09000003,2021-04-21,Belfast,6.4,22,0,0.0,22347,387,1.73,6504.88,112.65,6.5,343542,35.21,-3.21,136.81,-3.5
N09000003,2021-04-20,Belfast,5.24,18,0,0.0,22325,387,1.73,6498.48,112.65,6.5,343542,38.42,2.91,140.31,-5.24
N09000003,2021-04-19,Belfast,8.44,29,0,0.0,22307,387,1.73,6493.24,112.65,6.49,343542,35.51,5.24,145.55,0.58
N09000003,2021-04-18,Belfast,0.87,3,0,0.0,22278,387,1.74,6484.8,112.65,6.48,343542,30.27,-2.33,144.97,-4.37
N09000003,2021-04-17,Belfast,5.82,20,0,0.0,22275,387,1.74,6483.92,112.65,6.48,343542,32.6,2.91,149.34,0.0
N09000003,2021-04-16,Belfast,4.66,16,0,0.0,22255,387,1.74,6478.1,112.65,6.48,343542,29.69,0.29,149.34,-0.58
N09000003,2021-04-15,Belfast,3.78,13,0,0.0,22239,387,1.74,6473.44,112.65,6.47,343542,29.4,-2.62,149.92,-3.5
N09000003,2021-04-14,Belfast,9.61,33,1,0.29,22226,387,1.74,6469.66,112.65,6.47,343542,32.02,4.66,153.42,2.04
N09000003,2021-04-13,Belfast,2.33,8,0,0.0,22193,386,1.74,6460.05,112.36,6.46,343542,27.36,-2.33,151.38,-9.02
N09000003,2021-04-12,Belfast,3.2,11,0,0.0,22185,386,1.74,6457.73,112.36,6.46,343542,29.69,-0.58,160.4,-7.28
N09000003,2021-04-11,Belfast,3.2,11,0,0.0,22174,386,1.74,6454.52,112.36,6.45,343542,30.27,1.74,167.68,-2.62
N09000003,2021-04-10,Belfast,2.91,10,0,0.0,22163,386,1.74,6451.32,112.36,6.45,343542,28.53,-1.17,170.3,-2.62
N09000003,2021-04-09,Belfast,4.37,15,0,0.0,22153,386,1.74,6448.41,112.36,6.45,343542,29.7,0.29,172.92,-10.48
N09000003,2021-04-08,Belfast,6.4,22,0,0.0,22138,386,1.74,6444.04,112.36,6.44,343542,29.41,2.91,183.4,-7.28
N09000003,2021-04-07,Belfast,4.95,17,0,0.0,22116,386,1.75,6437.64,112.36,6.44,343542,26.5,-2.04,190.68,-3.2
N09000003,2021-04-06,Belfast,4.66,16,0,0.0,22099,386,1.75,6432.69,112.36,6.43,343542,28.54,-1.45,193.88,-6.11
N09000003,2021-04-05,Belfast,3.78,13,0,0.0,22083,386,1.75,6428.04,112.36,6.43,343542,29.99,-2.91,199.99,-12.23
N09000003,2021-04-04,Belfast,1.46,5,0,0.0,22070,386,1.75,6424.25,112.36,6.42,343542,32.9,-2.91,212.22,-10.18
N09000003,2021-04-03,Belfast,4.08,14,0,0.0,22065,386,1.75,6422.8,112.36,6.42,343542,35.81,-0.87,222.4,-3.49
N09000003,2021-04-02,Belfast,4.08,14,0,0.0,22051,386,1.75,6418.72,112.36,6.42,343542,36.68,-1.16,225.89,-7.56
N09000003,2021-04-01,Belfast,3.49,12,0,0.0,22037,386,1.75,6414.65,112.36,6.41,343542,37.84,-5.24,233.45,-5.82
N09000003,2021-03-31,Belfast,6.99,24,0,0.0,22025,386,1.75,6411.15,112.36,6.41,343542,43.08,-2.91,239.27,-2.03
N09000003,2021-03-30,Belfast,6.11,21,0,0.0,22001,386,1.75,6404.17,112.36,6.4,343542,45.99,-4.37,241.3,-7.28
N09000003,2021-03-29,Belfast,6.69,23,0,0.0,21980,386,1.76,6398.05,112.36,6.4,343542,50.36,-1.17,248.58,-2.92
N09000003,2021-03-28,Belfast,4.37,15,0,0.0,21957,386,1.76,6391.36,112.36,6.39,343542,51.53,-0.87,251.5,-5.53
N09000003,2021-03-27,Belfast,4.95,17,0,0.0,21942,386,1.76,6386.99,112.36,6.39,343542,52.4,-0.87,257.03,-5.53
N09000003,2021-03-26,Belfast,5.24,18,1,0.29,21925,386,1.76,6382.04,112.36,6.38,343542,53.27,0.0,262.56,-7.28
N09000003,2021-03-25,Belfast,8.73,30,0,0.0,21907,385,1.76,6376.8,112.07,6.38,343542,53.27,1.45,269.84,-6.12
N09000003,2021-03-24,Belfast,9.9,34,0,0.0,21877,385,1.76,6368.07,112.07,6.37,343542,51.82,2.33,275.96,-6.69
N09000003,2021-03-23,Belfast,10.48,36,0,0.0,21843,385,1.76,6358.17,112.07,6.36,343542,49.49,-0.87,282.65,-5.82
N09000003,2021-03-22,Belfast,7.86,27,1,0.29,21807,385,1.77,6347.7,112.07,6.35,343542,50.36,-2.62,288.47,-6.99
N09000003,2021-03-21,Belfast,5.24,18,0,0.0,21780,384,1.76,6339.84,111.78,6.34,343542,52.98,-0.58,295.46,-7.28
N09000003,2021-03-20,Belfast,5.82,20,0,0.0,21762,384,1.76,6334.6,111.78,6.33,343542,53.56,0.29,302.74,-10.19
N09000003,2021-03-19,Belfast,5.24,18,0,0.0,21742,384,1.77,6328.77,111.78,6.33,343542,53.27,-9.61,312.93,-15.14
N09000003,2021-03-18,Belfast,7.28,25,0,0.0,21724,384,1.77,6323.54,111.78,6.32,343542,62.88,-6.4,328.07,-12.51
N09000003,2021-03-17,Belfast,7.57,26,0,0.0,21699,384,1.77,6316.26,111.78,6.32,343542,69.28,-0.58,340.58,-11.06
N09000003,2021-03-16,Belfast,11.35,39,0,0.0,21673,384,1.77,6308.69,111.78,6.31,343542,69.86,0.58,351.64,-9.03
N09000003,2021-03-15,Belfast,10.48,36,0,0.0,21634,384,1.77,6297.34,111.78,6.3,343542,69.28,-5.53,360.67,-11.35
N09000003,2021-03-14,Belfast,5.82,20,0,0.0,21598,384,1.78,6286.86,111.78,6.29,343542,74.81,-5.82,372.02,-2.62
N09000003,2021-03-13,Belfast,5.53,19,0,0.0,21578,384,1.78,6281.04,111.78,6.28,343542,80.63,-2.04,374.64,-3.2
N09000003,2021-03-12,Belfast,14.85,51,0,0.0,21559,384,1.78,6275.51,111.78,6.28,343542,82.67,3.21,377.84,2.92
N09000003,2021-03-11,Belfast,13.68,47,1,0.29,21508,384,1.79,6260.66,111.78,6.26,343542,79.46,4.37,374.92,-1.46
N09000003,2021-03-10,Belfast,8.15,28,0,0.0,21461,383,1.78,6246.98,111.49,6.25,343542,75.09,-0.87,376.38,-16.01
N09000003,2021-03-09,Belfast,10.77,37,2,0.58,21433,383,1.79,6238.83,111.49,6.24,343542,75.96,-2.62,392.39,-9.9
N09000003,2021-03-08,Belfast,16.01,55,0,0.0,21396,381,1.78,6228.06,110.9,6.23,343542,78.58,6.4,402.29,-0.87
N09000003,2021-03-07,Belfast,11.64,40,0,0.0,21341,381,1.79,6212.05,110.9,6.21,343542,72.18,1.74,403.16,-2.33
N09000003,2021-03-06,Belfast,7.57,26,1,0.29,21301,381,1.79,6200.41,110.9,6.2,343542,70.44,-2.91,405.49,-10.19
N09000003,2021-03-05,Belfast,11.64,40,0,0.0,21275,380,1.79,6192.84,110.61,6.19,343542,73.35,-0.88,415.68,-11.06
N09000003,2021-03-04,Belfast,9.31,32,1,0.29,21235,380,1.79,6181.19,110.61,6.18,343542,74.23,-5.54,426.74,-16.01
N09000003,2021-03-03,Belfast,9.02,31,0,0.0,21203,379,1.79,6171.88,110.32,6.17,343542,79.77,-7.57,442.75,-13.68
N09000003,2021-03-02,Belfast,13.39,46,0,0.0,21172,379,1.79,6162.86,110.32,6.16,343542,87.34,-2.91,456.43,-6.99
N09000003,2021-03-01,Belfast,9.61,33,0,0.0,21126,379,1.79,6149.47,110.32,6.15,343542,90.25,-5.24,463.42,-15.13
N09000003,2021-02-28,Belfast,9.9,34,0,0.0,21093,379,1.8,6139.86,110.32,6.14,343542,95.49,-2.62,478.55,-8.73
N09000003,2021-02-27,Belfast,10.48,36,0,0.0,21059,379,1.8,6129.96,110.32,6.13,343542,98.11,-5.53,487.28,-6.99
N09000003,2021-02-26,Belfast,12.52,43,0,0.0,21023,379,1.8,6119.48,110.32,6.12,343542,103.64,-7.86,494.27,-9.31
N09000003,2021-02-25,Belfast,14.85,51,0,0.0,20980,379,1.81,6106.97,110.32,6.11,343542,111.5,-4.94,503.58,-4.94
N09000003,2021-02-24,Belfast,16.59,57,0,0.0,20929,379,1.81,6092.12,110.32,6.09,343542,116.44,-2.04,508.52,-9.03
N09000003,2021-02-23,Belfast,16.3,56,0,0.0,20872,379,1.82,6075.53,110.32,6.08,343542,118.48,-4.08,517.55,-11.94
N09000003,2021-02-22,Belfast,14.85,51,1,0.29,20816,379,1.82,6059.23,110.32,6.06,343542,122.56,-6.98,529.49,-15.42
N09000003,2021-02-21,Belfast,12.52,43,0,0.0,20765,378,1.82,6044.38,110.03,6.04,343542,129.54,4.08,544.91,-12.22
N09000003,2021-02-20,Belfast,16.01,55,1,0.29,20722,378,1.82,6031.87,110.03,6.03,343542,125.46,7.28,557.13,-4.37
N09000003,2021-02-19,Belfast,20.38,70,0,0.0,20667,377,1.82,6015.86,109.74,6.02,343542,118.18,8.45,561.5,-5.82
N09000003,2021-02-18,Belfast,19.79,68,0,0.0,20597,377,1.83,5995.48,109.74,6.0,343542,109.73,4.65,567.32,-16.3
N09000003,2021-02-17,Belfast,18.63,64,1,0.29,20529,377,1.84,5975.69,109.74,5.98,343542,105.08,-5.53,583.62,-13.39
N09000003,2021-02-16,Belfast,20.38,70,0,0.0,20465,376,1.84,5957.06,109.45,5.96,343542,110.61,-0.29,597.01,-17.46
N09000003,2021-02-15,Belfast,21.83,75,1,0.29,20395,376,1.84,5936.68,109.45,5.94,343542,110.9,4.95,614.47,-21.25
N09000003,2021-02-14,Belfast,8.44,29,3,0.87,20320,375,1.85,5914.85,109.16,5.91,343542,105.95,-5.53,635.72,-16.01
N09000003,2021-02-13,Belfast,8.73,30,2,0.58,20291,372,1.83,5906.41,108.28,5.91,343542,111.48,-9.03,651.73,-18.92
N09000003,2021-02-12,Belfast,11.93,41,3,0.87,20261,370,1.83,5897.68,107.7,5.9,343542,120.51,-10.77,670.65,-25.91
N09000003,2021-02-11,Belfast,15.14,52,1,0.29,20220,367,1.82,5885.74,106.83,5.89,343542,131.28,-10.18,696.56,-24.16
N09000003,2021-02-10,Belfast,24.16,83,0,0.0,20168,366,1.81,5870.61,106.54,5.87,343542,141.46,1.46,720.72,-15.43
N09000003,2021-02-09,Belfast,20.67,71,1,0.29,20085,366,1.82,5846.45,106.54,5.85,343542,140.0,0.29,736.15,-27.65
N09000003,2021-02-08,Belfast,16.88,58,2,0.58,20014,365,1.82,5825.78,106.25,5.83,343542,139.71,-7.86,763.8,-33.77
N09000003,2021-02-07,Belfast,13.97,48,0,0.0,19956,363,1.82,5808.9,105.66,5.81,343542,147.57,-4.66,797.57,-18.63
N09000003,2021-02-06,Belfast,17.76,61,5,1.46,19908,363,1.82,5794.92,105.66,5.79,343542,152.23,0.29,816.2,-29.4
N09000003,2021-02-05,Belfast,22.7,78,2,0.58,19847,358,1.8,5777.17,104.21,5.78,343542,151.94,0.87,845.6,-34.06
N09000003,2021-02-04,Belfast,25.32,87,1,0.29,19769,356,1.8,5754.46,103.63,5.75,343542,151.07,5.53,879.66,-29.11
N09000003,2021-02-03,Belfast,22.7,78,1,0.29,19682,355,1.8,5729.14,103.34,5.73,343542,145.54,-2.92,908.77,-42.21
N09000003,2021-02-02,Belfast,20.38,70,2,0.58,19604,354,1.81,5706.43,103.04,5.71,343542,148.46,-7.86,950.98,-59.67
N09000003,2021-02-01,Belfast,24.74,85,2,0.58,19534,352,1.8,5686.06,102.46,5.69,343542,156.32,-5.53,1010.65,-71.03
N09000003,2021-01-31,Belfast,18.63,64,0,0.0,19449,350,1.8,5661.32,101.88,5.66,343542,161.85,-6.11,1081.68,-57.05
N09000003,2021-01-30,Belfast,17.47,60,0,0.0,19385,350,1.81,5642.69,101.88,5.64,343542,167.96,-2.91,1138.73,-70.73
N09000003,2021-01-29,Belfast,21.83,75,4,1.16,19325,350,1.81,5625.22,101.88,5.63,343542,170.87,-4.37,1209.46,-34.35
N09000003,2021-01-28,Belfast,19.79,68,1,0.29,19250,346,1.8,5603.39,100.72,5.6,343542,175.24,-16.3,1243.81,-52.69
N09000003,2021-01-27,Belfast,25.62,88,1,0.29,19182,345,1.8,5583.6,100.42,5.58,343542,191.54,-6.4,1296.5,-59.09
N09000003,2021-01-26,Belfast,28.24,97,1,0.29,19094,344,1.8,5557.98,100.13,5.56,343542,197.94,-9.6,1355.59,-60.83
N09000003,2021-01-25,Belfast,30.27,104,1,0.29,18997,343,1.81,5529.75,99.84,5.53,343542,207.54,-12.81,1416.42,-21.83
N09000003,2021-01-24,Belfast,24.74,85,1,0.29,18893,342,1.81,5499.47,99.55,5.5,343542,220.35,0.29,1438.25,-20.67
N09000003,2021-01-23,Belfast,20.38,70,2,0.58,18808,341,1.81,5474.73,99.26,5.47,343542,220.06,-7.27,1458.92,-13.39
N09000003,2021-01-22,Belfast,26.2,90,2,0.58,18738,339,1.81,5454.35,98.68,5.45,343542,227.33,-11.64,1472.31,14.27
N09000003,2021-01-21,Belfast,36.09,124,0,0.0,18648,337,1.81,5428.16,98.1,5.43,343542,238.97,-3.21,1458.04,6.98
N09000003,2021-01-20,Belfast,32.02,110,0,0.0,18524,337,1.82,5392.06,98.1,5.39,343542,242.18,-7.57,1451.06,-11.06
N09000003,2021-01-19,Belfast,37.84,130,3,0.87,18414,337,1.83,5360.04,98.1,5.36,343542,249.75,-10.48,1462.12,8.44
N09000003,2021-01-18,Belfast,43.08,148,5,1.46,18284,334,1.83,5322.2,97.22,5.32,343542,260.23,-7.57,1453.68,18.34
N09000003,2021-01-17,Belfast,24.45,84,1,0.29,18136,329,1.81,5279.12,95.77,5.28,343542,267.8,-8.15,1435.34,1.75
N09000003,2021-01-16,Belfast,27.65,95,2,0.58,18052,328,1.82,5254.67,95.48,5.25,343542,275.95,-19.51,1433.59,5.82
N09000003,2021-01-15,Belfast,37.84,130,2,0.58,17957,326,1.82,5227.02,94.89,5.23,343542,295.46,-18.92,1427.77,17.46
N09000003,2021-01-14,Belfast,39.3,135,0,0.0,17827,324,1.82,5189.18,94.31,5.19,343542,314.38,-15.13,1410.31,18.34
N09000003,2021-01-13,Belfast,39.59,136,5,1.46,17692,324,1.83,5149.88,94.31,5.15,343542,329.51,-25.32,1391.97,14.56
N09000003,2021-01-12,Belfast,48.32,166,0,0.0,17556,319,1.82,5110.29,92.86,5.11,343542,354.83,-31.73,1377.41,26.2
N09000003,2021-01-11,Belfast,50.65,174,5,1.46,17390,319,1.83,5061.97,92.86,5.06,343542,386.56,-45.12,1351.21,32.31
N09000003,2021-01-10,Belfast,32.6,112,2,0.58,17216,314,1.82,5011.32,91.4,5.01,343542,431.68,-43.08,1318.9,16.3
N09000003,2021-01-09,Belfast,47.16,162,3,0.87,17104,312,1.82,4978.72,90.82,4.98,343542,474.76,-41.04,1302.6,36.39
N09000003,2021-01-08,Belfast,56.76,195,1,0.29,16942,309,1.82,4931.57,89.95,4.93,343542,515.8,0.58,1266.21,35.51
N09000003,2021-01-07,Belfast,54.43,187,1,0.29,16747,308,1.84,4874.8,89.65,4.87,343542,515.22,-18.05,1230.7,39.0
N09000003,2021-01-06,Belfast,64.91,223,2,0.58,16560,307,1.85,4820.37,89.36,4.82,343542,533.27,-19.8,1191.7,53.56
N09000003,2021-01-05,Belfast,80.05,275,0,0.0,16337,305,1.87,4755.46,88.78,4.76,343542,553.07,-9.02,1138.14,63.75
N09000003,2021-01-04,Belfast,95.77,329,1,0.29,16062,305,1.9,4675.41,88.78,4.68,343542,562.09,43.67,1074.39,77.72
N09000003,2021-01-03,Belfast,75.68,260,1,0.29,15733,304,1.93,4579.64,88.49,4.58,343542,518.42,30.27,996.67,64.33
N09000003,2021-01-02,Belfast,88.2,303,1,0.29,15473,303,1.96,4503.96,88.2,4.5,343542,488.15,54.43,932.34,76.27
N09000003,2021-01-01,Belfast,56.18,193,2,0.58,15170,302,1.99,4415.76,87.91,4.42,343542,433.72,44.25,856.07,36.1
N09000003,2020-12-31,Belfast,72.48,249,2,0.58,14977,300,2.0,4359.58,87.33,4.36,343542,389.47,43.37,819.97,51.52
N09000003,2020-12-30,Belfast,84.71,291,2,0.58,14728,298,2.02,4287.1,86.74,4.29,343542,346.1,41.63,768.45,67.24
N09000003,2020-12-29,Belfast,89.07,306,1,0.29,14437,296,2.05,4202.4,86.16,4.2,343542,304.47,59.67,701.21,75.1
N09000003,2020-12-28,Belfast,52.1,179,2,0.58,14131,295,2.09,4113.33,85.87,4.11,343542,244.8,27.36,626.11,37.25
N09000003,2020-12-27,Belfast,45.41,156,0,0.0,13952,293,2.1,4061.22,85.29,4.06,343542,217.44,22.71,588.86,33.18
N09000003,2020-12-26,Belfast,33.77,116,0,0.0,13796,293,2.12,4015.81,85.29,4.02,343542,194.73,11.94,555.68,18.05
N09000003,2020-12-25,Belfast,11.93,41,1,0.29,13680,293,2.14,3982.05,85.29,3.98,343542,182.79,-8.45,537.63,-1.17
N09000003,2020-12-24,Belfast,29.11,100,1,0.29,13639,292,2.14,3970.11,85.0,3.97,343542,191.24,8.15,538.8,17.47
N09000003,2020-12-23,Belfast,43.08,148,3,0.87,13539,291,2.15,3941.0,84.71,3.94,343542,183.09,18.05,521.33,24.74
N09000003,2020-12-22,Belfast,29.4,101,3,0.87,13391,288,2.15,3897.92,83.83,3.9,343542,165.04,7.28,496.59,11.35
N09000003,2020-12-21,Belfast,24.74,85,2,0.58,13290,285,2.14,3868.52,82.96,3.87,343542,157.76,6.4,485.24,7.27
N09000003,2020-12-20,Belfast,22.7,78,1,0.29,13205,283,2.14,3843.78,82.38,3.84,343542,151.36,6.4,477.97,13.09
N09000003,2020-12-19,Belfast,21.83,75,3,0.87,13127,282,2.15,3821.08,82.09,3.82,343542,144.96,11.06,464.88,5.24
N09000003,2020-12-18,Belfast,20.38,70,0,0.0,13052,279,2.14,3799.24,81.21,3.8,343542,133.9,-0.87,459.64,-6.4
N09000003,2020-12-17,Belfast,20.96,72,0,0.0,12982,279,2.15,3778.87,81.21,3.78,343542,134.77,5.53,466.04,7.57
N09000003,2020-12-16,Belfast,25.03,86,0,0.0,12910,279,2.16,3757.91,81.21,3.76,343542,129.24,13.68,458.47,6.69
N09000003,2020-12-15,Belfast,22.12,76,2,0.58,12824,279,2.18,3732.88,81.21,3.73,343542,115.56,5.82,451.78,-13.39
N09000003,2020-12-14,Belfast,18.34,63,1,0.29,12748,277,2.17,3710.75,80.63,3.71,343542,109.74,0.29,465.17,-11.06
N09000003,2020-12-13,Belfast,16.3,56,2,0.58,12685,276,2.18,3692.42,80.34,3.69,343542,109.45,4.95,476.23,1.16
N09000003,2020-12-12,Belfast,10.77,37,0,0.0,12629,274,2.17,3676.12,79.76,3.68,343542,104.5,-1.16,475.07,-8.44
N09000003,2020-12-11,Belfast,21.25,73,1,0.29,12592,274,2.18,3665.35,79.76,3.67,343542,105.66,1.17,483.51,-6.69
N09000003,2020-12-10,Belfast,15.43,53,0,0.0,12519,273,2.18,3644.1,79.47,3.64,343542,104.49,-5.53,490.2,-19.21
N09000003,2020-12-09,Belfast,11.35,39,0,0.0,12466,273,2.19,3628.67,79.47,3.63,343542,110.02,-6.12,509.41,-19.8
N09000003,2020-12-08,Belfast,16.3,56,0,0.0,12427,273,2.2,3617.32,79.47,3.62,343542,116.14,2.33,529.21,-13.97
N09000003,2020-12-07,Belfast,18.05,62,7,2.04,12371,273,2.21,3601.02,79.47,3.6,343542,113.81,3.2,543.18,-22.7
N09000003,2020-12-06,Belfast,11.35,39,2,0.58,12309,266,2.16,3582.97,77.43,3.58,343542,110.61,-0.88,565.88,-10.77
N09000003,2020-12-05,Belfast,11.93,41,1,0.29,12270,264,2.15,3571.62,76.85,3.57,343542,111.49,-3.79,576.65,-9.61
N09000003,2020-12-04,Belfast,20.08,69,1,0.29,12229,263,2.15,3559.68,76.56,3.56,343542,115.28,6.98,586.26,-4.95
N09000003,2020-12-03,Belfast,20.96,72,2,0.58,12160,262,2.15,3539.6,76.26,3.54,343542,108.3,9.32,591.21,-12.81
N09000003,2020-12-02,Belfast,17.47,60,0,0.0,12088,260,2.15,3518.64,75.68,3.52,343542,98.98,-0.87,604.02,-15.13
N09000003,2020-12-01,Belfast,13.97,48,3,0.87,12028,260,2.16,3501.17,75.68,3.5,343542,99.85,-4.08,619.15,-25.91
N09000003,2020-11-30,Belfast,14.85,51,2,0.58,11980,257,2.15,3487.2,74.81,3.49,343542,103.93,-2.62,645.06,-25.32
N09000003,2020-11-29,Belfast,12.23,42,2,0.58,11929,255,2.14,3472.36,74.23,3.47,343542,106.55,2.62,670.38,-9.31
N09000003,2020-11-28,Belfast,15.72,54,2,0.58,11887,253,2.13,3460.13,73.64,3.46,343542,103.93,-0.87,679.69,-9.31
N09000003,2020-11-27,Belfast,13.1,45,3,0.87,11833,251,2.12,3444.41,73.06,3.44,343542,104.8,-13.68,689.0,-24.16
N09000003,2020-11-26,Belfast,11.64,40,0,0.0,11788,248,2.1,3431.31,72.19,3.43,343542,118.48,-1.75,713.16,-31.73
N09000003,2020-11-25,Belfast,18.34,63,5,1.46,11748,248,2.11,3419.67,72.19,3.42,343542,120.23,0.0,744.89,-33.18
N09000003,2020-11-24,Belfast,18.05,62,1,0.29,11685,243,2.08,3401.33,70.73,3.4,343542,120.23,-17.46,778.07,-45.12
N09000003,2020-11-23,Belfast,17.47,60,2,0.58,11623,242,2.08,3383.28,70.44,3.38,343542,137.69,-11.93,823.19,-45.4
N09000003,2020-11-22,Belfast,9.61,33,1,0.29,11563,240,2.08,3365.82,69.86,3.37,343542,149.62,-5.53,868.59,-33.18
N09000003,2020-11-21,Belfast,16.59,57,2,0.58,11530,239,2.07,3356.21,69.57,3.36,343542,155.15,-2.62,901.77,-34.93
N09000003,2020-11-20,Belfast,26.78,92,2,0.58,11473,237,2.07,3339.62,68.99,3.34,343542,157.77,-1.16,936.7,-40.75
N09000003,2020-11-19,Belfast,13.39,46,2,0.58,11381,235,2.06,3312.84,68.41,3.31,343542,158.93,-21.25,977.45,-65.49
N09000003,2020-11-18,Belfast,18.34,63,3,0.87,11335,233,2.06,3299.45,67.82,3.3,343542,180.18,-12.81,1042.94,-67.53
N09000003,2020-11-17,Belfast,35.51,122,2,0.58,11272,230,2.04,3281.11,66.95,3.28,343542,192.99,5.24,1110.47,-37.84
N09000003,2020-11-16,Belfast,29.4,101,1,0.29,11150,228,2.04,3245.6,66.37,3.25,343542,187.75,-11.35,1148.31,-50.36
N09000003,2020-11-15,Belfast,15.14,52,4,1.16,11049,227,2.05,3216.2,66.08,3.22,343542,199.1,-6.98,1198.67,-45.41
N09000003,2020-11-14,Belfast,19.21,66,2,0.58,10997,223,2.03,3201.06,64.91,3.2,343542,206.08,-2.33,1244.08,-42.79
N09000003,2020-11-13,Belfast,27.94,96,4,1.16,10931,221,2.02,3181.85,64.33,3.18,343542,208.41,2.91,1286.87,-46.87
N09000003,2020-11-12,Belfast,34.64,119,1,0.29,10835,217,2.0,3153.91,63.17,3.15,343542,205.5,0.87,1333.74,-48.61
N09000003,2020-11-11,Belfast,31.15,107,0,0.0,10716,216,2.02,3119.27,62.87,3.12,343542,204.63,-1.45,1382.35,-47.73
N09000003,2020-11-10,Belfast,30.27,104,3,0.87,10609,216,2.04,3088.12,62.87,3.09,343542,206.08,-9.61,1430.08,-48.91
N09000003,2020-11-09,Belfast,40.75,140,3,0.87,10505,213,2.03,3057.85,62.0,3.06,343542,215.69,0.58,1478.99,-38.13
N09000003,2020-11-08,Belfast,22.12,76,2,0.58,10365,210,2.03,3017.1,61.13,3.02,343542,215.11,0.58,1517.12,-36.68
N09000003,2020-11-07,Belfast,21.54,74,3,0.87,10289,208,2.02,2994.98,60.55,2.99,343542,214.53,-3.49,1553.8,-43.95
N09000003,2020-11-06,Belfast,25.03,86,3,0.87,10215,205,2.01,2973.44,59.67,2.97,343542,218.02,-12.23,1597.75,-33.77
N09000003,2020-11-05,Belfast,33.77,116,0,0.0,10129,202,1.99,2948.4,58.8,2.95,343542,230.25,-9.6,1631.52,-44.53
N09000003,2020-11-04,Belfast,32.6,112,1,0.29,10013,202,2.02,2914.64,58.8,2.91,343542,239.85,-18.92,1676.05,-37.55
N09000003,2020-11-03,Belfast,39.88,137,3,0.87,9901,201,2.03,2882.03,58.51,2.88,343542,258.77,-23.29,1713.6,-18.05
N09000003,2020-11-02,Belfast,40.17,138,1,0.29,9764,198,2.03,2842.16,57.63,2.84,343542,282.06,-22.7,1731.65,-17.46
N09000003,2020-11-01,Belfast,21.54,74,2,0.58,9626,197,2.05,2801.99,57.34,2.8,343542,304.76,-21.25,1749.11,-25.32
N09000003,2020-10-31,Belfast,25.03,86,4,1.16,9552,195,2.04,2780.45,56.76,2.78,343542,326.01,-26.49,1774.43,-22.42
N09000003,2020-10-30,Belfast,37.26,128,2,0.58,9466,191,2.02,2755.41,55.6,2.76,343542,352.5,-30.27,1796.85,-10.48
N09000003,2020-10-29,Belfast,43.37,149,5,1.46,9338,189,2.02,2718.15,55.02,2.72,343542,382.77,-35.51,1807.33,6.11
N09000003,2020-10-28,Belfast,51.52,177,2,0.58,9189,184,2.0,2674.78,53.56,2.67,343542,418.28,-34.35,1801.22,18.92
N09000003,2020-10-27,Belfast,63.17,217,1,0.29,9012,182,2.02,2623.26,52.98,2.62,343542,452.63,-10.18,1782.3,39.3
N09000003,2020-10-26,Belfast,62.87,216,1,0.29,8795,181,2.06,2560.09,52.69,2.56,343542,462.81,-16.89,1743.0,43.95
N09000003,2020-10-25,Belfast,42.79,147,2,0.58,8579,180,2.1,2497.22,52.4,2.5,343542,479.7,-17.76,1699.05,23.0
N09000003,2020-10-24,Belfast,51.52,177,0,0.0,8432,178,2.11,2454.43,51.81,2.45,343542,497.46,-10.48,1676.05,39.29
N09000003,2020-10-23,Belfast,67.53,232,0,0.0,8255,178,2.16,2402.91,51.81,2.4,343542,507.94,-7.28,1636.76,51.23
N09000003,2020-10-22,Belfast,78.88,271,0,0.0,8023,178,2.22,2335.38,51.81,2.34,343542,515.22,-4.37,1585.53,59.96
N09000003,2020-10-21,Belfast,85.87,295,2,0.58,7752,178,2.3,2256.49,51.81,2.26,343542,519.59,6.99,1525.57,63.46
N09000003,2020-10-20,Belfast,73.35,252,0,0.0,7457,176,2.36,2170.62,51.23,2.17,343542,512.6,-5.83,1462.11,59.96
N09000003,2020-10-19,Belfast,79.76,274,0,0.0,7205,176,2.44,2097.27,51.23,2.1,343542,518.43,0.88,1402.15,68.12
N09000003,2020-10-18,Belfast,60.55,208,0,0.0,6931,176,2.54,2017.51,51.23,2.02,343542,517.55,1.75,1334.03,53.27
N09000003,2020-10-17,Belfast,62.0,213,0,0.0,6723,176,2.62,1956.97,51.23,1.96,343542,515.8,-3.49,1280.76,48.61
N09000003,2020-10-16,Belfast,74.81,257,1,0.29,6510,176,2.7,1894.96,51.23,1.89,343542,519.29,16.01,1232.15,59.67
N09000003,2020-10-15,Belfast,83.25,286,2,0.58,6253,175,2.8,1820.16,50.94,1.82,343542,503.28,4.95,1172.48,73.94
N09000003,2020-10-14,Belfast,78.88,271,0,0.0,5967,173,2.9,1736.91,50.36,1.74,343542,498.33,8.73,1098.54,67.24
N09000003,2020-10-13,Belfast,79.18,272,1,0.29,5696,173,3.04,1658.02,50.36,1.66,343542,489.6,21.25,1031.3,70.74
N09000003,2020-10-12,Belfast,78.88,271,0,0.0,5424,172,3.17,1578.85,50.07,1.58,343542,468.35,21.25,960.56,70.44
N09000003,2020-10-11,Belfast,58.8,202,3,0.87,5153,172,3.34,1499.96,50.07,1.5,343542,447.1,11.94,890.12,51.23
N09000003,2020-10-10,Belfast,65.49,225,0,0.0,4951,169,3.41,1441.16,49.19,1.44,343542,435.16,18.04,838.89,58.5
N09000003,2020-10-09,Belfast,58.8,202,0,0.0,4726,169,3.58,1375.67,49.19,1.38,343542,417.12,11.06,780.39,53.56
N09000003,2020-10-08,Belfast,78.3,269,0,0.0,4524,169,3.74,1316.87,49.19,1.32,343542,406.06,41.04,726.83,71.9
N09000003,2020-10-07,Belfast,70.15,241,0,0.0,4255,169,3.97,1238.57,49.19,1.24,343542,365.02,37.55,654.93,59.96
N09000003,2020-10-06,Belfast,57.93,199,1,0.29,4014,169,4.21,1168.42,49.19,1.17,343542,327.47,34.06,594.97,53.85
N09000003,2020-10-05,Belfast,57.63,198,0,0.0,3815,168,4.4,1110.49,48.9,1.11,343542,293.41,38.71,541.12,51.81
N09000003,2020-10-04,Belfast,46.86,161,0,0.0,3617,168,4.64,1052.86,48.9,1.05,343542,254.7,27.07,489.31,37.84
N09000003,2020-10-03,Belfast,47.45,163,0,0.0,3456,168,4.86,1005.99,48.9,1.01,343542,227.63,35.22,451.47,40.17
N09000003,2020-10-02,Belfast,47.74,164,0,0.0,3293,168,5.1,958.54,48.9,0.96,343542,192.41,31.44,411.3,34.93
N09000003,2020-10-01,Belfast,37.26,128,1,0.29,3129,168,5.37,910.81,48.9,0.91,343542,160.97,18.34,376.37,29.4
N09000003,2020-09-30,Belfast,32.6,112,1,0.29,3001,167,5.56,873.55,48.61,0.87,343542,142.63,10.19,346.97,21.54
N09000003,2020-09-29,Belfast,23.87,82,0,0.0,2889,166,5.75,840.95,48.32,0.84,343542,132.44,10.48,325.43,17.18
N09000003,2020-09-28,Belfast,18.92,65,1,0.29,2807,166,5.91,817.08,48.32,0.82,343542,121.96,7.28,308.25,13.39
N09000003,2020-09-27,Belfast,19.79,68,0,0.0,2742,165,6.02,798.16,48.03,0.8,343542,114.68,12.51,294.86,16.59
N09000003,2020-09-26,Belfast,12.23,42,0,0.0,2674,165,6.17,778.36,48.03,0.78,343542,102.17,-1.16,278.27,9.32
N09000003,2020-09-25,Belfast,16.3,56,0,0.0,2632,165,6.27,766.14,48.03,0.77,343542,103.33,1.16,268.95,8.73
N09000003,2020-09-24,Belfast,18.92,65,0,0.0,2576,165,6.41,749.84,48.03,0.75,343542,102.17,9.61,260.22,12.52
N09000003,2020-09-23,Belfast,22.41,77,0,0.0,2511,165,6.57,730.91,48.03,0.73,343542,92.56,10.77,247.7,15.72
N09000003,2020-09-22,Belfast,13.39,46,0,0.0,2434,165,6.78,708.5,48.03,0.71,343542,81.79,4.95,231.98,6.11
N09000003,2020-09-21,Belfast,11.64,40,0,0.0,2388,165,6.91,695.11,48.03,0.7,343542,76.84,3.2,225.87,7.86
N09000003,2020-09-20,Belfast,7.28,25,0,0.0,2348,165,7.03,683.47,48.03,0.68,343542,73.64,-0.29,218.01,2.62
N09000003,2020-09-19,Belfast,13.39,46,0,0.0,2323,165,7.1,676.19,48.03,0.68,343542,73.93,6.4,215.39,10.19
N09000003,2020-09-18,Belfast,15.14,52,0,0.0,2277,165,7.25,662.8,48.03,0.66,343542,67.53,9.9,205.2,12.23
N09000003,2020-09-17,Belfast,9.31,32,0,0.0,2225,165,7.42,647.66,48.03,0.65,343542,57.63,2.91,192.97,5.82
N09000003,2020-09-16,Belfast,11.64,40,1,0.29,2193,165,7.52,638.35,48.03,0.64,343542,54.72,1.45,187.15,8.73
N09000003,2020-09-15,Belfast,8.44,29,0,0.0,2153,164,7.62,626.71,47.74,0.63,343542,53.27,4.36,178.42,6.11
N09000003,2020-09-14,Belfast,8.44,29,1,0.29,2124,164,7.72,618.27,47.74,0.62,343542,48.91,2.62,172.31,3.78
N09000003,2020-09-13,Belfast,7.57,26,0,0.0,2095,163,7.78,609.82,47.45,0.61,343542,46.29,-1.45,168.53,5.53
N09000003,2020-09-12,Belfast,6.99,24,0,0.0,2069,163,7.88,602.26,47.45,0.6,343542,47.74,-0.29,163.0,3.79
N09000003,2020-09-11,Belfast,5.24,18,1,0.29,2045,163,7.97,595.27,47.45,0.6,343542,48.03,-7.57,159.21,2.91
N09000003,2020-09-10,Belfast,6.4,22,0,0.0,2027,162,7.99,590.03,47.16,0.59,343542,55.6,-1.46,156.3,3.2
N09000003,2020-09-09,Belfast,10.19,35,0,0.0,2005,162,8.08,583.63,47.16,0.58,343542,57.06,-0.87,153.1,8.15
N09000003,2020-09-08,Belfast,4.08,14,0,0.0,1970,162,8.22,573.44,47.16,0.57,343542,57.93,-2.61,144.95,2.33
N09000003,2020-09-07,Belfast,5.82,20,0,0.0,1956,162,8.28,569.36,47.16,0.57,343542,60.54,0.29,142.62,2.33
N09000003,2020-09-06,Belfast,9.02,31,0,0.0,1936,162,8.37,563.54,47.16,0.56,343542,60.25,5.82,140.29,7.86
N09000003,2020-09-05,Belfast,7.28,25,0,0.0,1905,162,8.5,554.52,47.16,0.55,343542,54.43,4.37,132.43,5.24
N09000003,2020-09-04,Belfast,12.81,44,0,0.0,1880,162,8.62,547.24,47.16,0.55,343542,50.06,5.24,127.19,12.23
N09000003,2020-09-03,Belfast,7.86,27,0,0.0,1836,162,8.82,534.43,47.16,0.53,343542,44.82,1.46,114.96,6.4
N09000003,2020-09-02,Belfast,11.06,38,0,0.0,1809,162,8.96,526.57,47.16,0.53,343542,43.36,4.37,108.56,8.44
N09000003,2020-09-01,Belfast,6.69,23,0,0.0,1771,162,9.15,515.51,47.16,0.52,343542,38.99,-0.59,100.12,5.53
N09000003,2020-08-31,Belfast,5.53,19,0,0.0,1748,162,9.27,508.82,47.16,0.51,343542,39.58,1.75,94.59,5.24
N09000003,2020-08-30,Belfast,3.2,11,0,0.0,1729,162,9.37,503.29,47.16,0.5,343542,37.83,-1.46,89.35,2.62
N09000003,2020-08-29,Belfast,2.91,10,0,0.0,1718,162,9.43,500.08,47.16,0.5,343542,39.29,-0.29,86.73,2.91
N09000003,2020-08-28,Belfast,7.57,26,0,0.0,1708,162,9.48,497.17,47.16,0.5,343542,39.58,4.66,83.82,7.28
N09000003,2020-08-27,Belfast,6.4,22,0,0.0,1682,162,9.63,489.61,47.16,0.49,343542,34.92,2.91,76.54,6.11
N09000003,2020-08-26,Belfast,6.69,23,0,0.0,1660,162,9.76,483.2,47.16,0.48,343542,32.01,3.78,70.43,5.82
N09000003,2020-08-25,Belfast,7.28,25,0,0.0,1637,162,9.9,476.51,47.16,0.48,343542,28.23,4.95,64.61,6.99
N09000003,2020-08-24,Belfast,3.78,13,0,0.0,1612,162,10.05,469.23,47.16,0.47,343542,23.28,-0.88,57.62,3.78
N09000003,2020-08-23,Belfast,4.66,16,0,0.0,1599,162,10.13,465.45,47.16,0.47,343542,24.16,2.62,53.84,4.66
N09000003,2020-08-22,Belfast,3.2,11,0,0.0,1583,162,10.23,460.79,47.16,0.46,343542,21.54,0.0,49.18,3.2
N09000003,2020-08-21,Belfast,2.91,10,0,0.0,1572,162,10.31,457.59,47.16,0.46,343542,21.54,0.58,45.98,2.91
N09000003,2020-08-20,Belfast,3.49,12,0,0.0,1562,162,10.37,454.68,47.16,0.45,343542,20.96,0.29,43.07,3.49
N09000003,2020-08-19,Belfast,2.91,10,0,0.0,1550,162,10.45,451.18,47.16,0.45,343542,20.67,0.87,39.58,2.62
N09000003,2020-08-18,Belfast,2.33,8,0,0.0,1540,162,10.52,448.27,47.16,0.45,343542,19.8,0.58,36.96,1.75
N09000003,2020-08-17,Belfast,4.66,16,0,0.0,1532,162,10.57,445.94,47.16,0.45,343542,19.22,1.17,35.21,4.66
N09000003,2020-08-16,Belfast,2.04,7,0,0.0,1516,162,10.69,441.29,47.16,0.44,343542,18.05,0.88,30.55,1.46
N09000003,2020-08-15,Belfast,3.2,11,0,0.0,1509,162,10.74,439.25,47.16,0.44,343542,17.17,1.16,29.09,3.2
N09000003,2020-08-14,Belfast,2.33,8,0,0.0,1498,162,10.81,436.05,47.16,0.44,343542,16.01,1.75,25.89,1.75
N09000003,2020-08-13,Belfast,3.2,11,0,0.0,1490,162,10.87,433.72,47.16,0.43,343542,14.26,1.74,24.14,1.45
N09000003,2020-08-12,Belfast,2.04,7,0,0.0,1479,162,10.95,430.52,47.16,0.43,343542,12.52,-0.58,22.69,2.04
N09000003,2020-08-11,Belfast,1.75,6,0,0.0,1472,162,11.01,428.48,47.16,0.43,343542,13.1,0.59,20.65,1.75
N09000003,2020-08-10,Belfast,3.49,12,0,0.0,1466,162,11.05,426.73,47.16,0.43,343542,12.51,3.2,18.9,3.49
N09000003,2020-08-09,Belfast,1.16,4,0,0.0,1454,162,11.14,423.24,47.16,0.42,343542,9.31,0.58,15.41,1.16
N09000003,2020-08-08,Belfast,2.04,7,0,0.0,1450,162,11.17,422.07,47.16,0.42,343542,8.73,2.04,14.25,0.88
N09000003,2020-08-07,Belfast,0.58,2,0,0.0,1443,162,11.23,420.04,47.16,0.42,343542,6.69,0.29,13.37,0.29
N09000003,2020-08-06,Belfast,1.46,5,0,0.0,1441,162,11.24,419.45,47.16,0.42,343542,6.4,1.17,13.08,1.17
N09000003,2020-08-05,Belfast,2.62,9,0,0.0,1436,162,11.28,418.0,47.16,0.42,343542,5.23,1.75,11.91,2.33
N09000003,2020-08-04,Belfast,1.16,4,0,0.0,1427,162,11.35,415.38,47.16,0.42,343542,3.48,0.87,9.58,0.87
N09000003,2020-08-03,Belfast,0.29,1,0,0.0,1423,162,11.38,414.21,47.16,0.41,343542,2.61,0.29,8.71,0.0
N09000003,2020-08-02,Belfast,0.58,2,0,0.0,1422,162,11.39,413.92,47.16,0.41,343542,2.32,0.58,8.71,0.29
N09000003,2020-08-01,Belfast,0.0,0,0,0.0,1420,162,11.41,413.34,47.16,0.41,343542,1.74,0.0,8.42,0.0
N09000003,2020-07-31,Belfast,0.29,1,0,0.0,1420,162,11.41,413.34,47.16,0.41,343542,1.74,0.29,8.42,0.29
N09000003,2020-07-30,Belfast,0.29,1,0,0.0,1419,162,11.42,413.05,47.16,0.41,343542,1.45,0.29,8.13,0.29
N09000003,2020-07-29,Belfast,0.87,3,0,0.0,1418,162,11.42,412.76,47.16,0.41,343542,1.16,0.58,7.84,0.87
N09000003,2020-07-28,Belfast,0.29,1,0,0.0,1415,162,11.45,411.89,47.16,0.41,343542,0.58,-0.29,6.97,0.29
N09000003,2020-07-27,Belfast,0.0,0,0,0.0,1414,162,11.46,411.59,47.16,0.41,343542,0.87,0.0,6.68,0.0
N09000003,2020-07-26,Belfast,0.0,0,0,0.0,1414,162,11.46,411.59,47.16,0.41,343542,0.87,-0.58,6.68,-0.29
N09000003,2020-07-25,Belfast,0.0,0,0,0.0,1414,162,11.46,411.59,47.16,0.41,343542,1.45,0.0,6.97,-0.29
N09000003,2020-07-24,Belfast,0.0,0,0,0.0,1414,162,11.46,411.59,47.16,0.41,343542,1.45,-0.58,7.26,-0.29
N09000003,2020-07-23,Belfast,0.0,0,0,0.0,1414,162,11.46,411.59,47.16,0.41,343542,2.03,-1.75,7.55,-0.29
N09000003,2020-07-22,Belfast,0.29,1,0,0.0,1414,162,11.46,411.59,47.16,0.41,343542,3.78,0.29,7.84,0.0
N09000003,2020-07-21,Belfast,0.58,2,0,0.0,1413,162,11.46,411.3,47.16,0.41,343542,3.49,0.58,7.84,0.29
N09000003,2020-07-20,Belfast,0.0,0,0,0.0,1411,162,11.48,410.72,47.16,0.41,343542,2.91,0.0,7.55,0.0
N09000003,2020-07-19,Belfast,0.58,2,0,0.0,1411,162,11.48,410.72,47.16,0.41,343542,2.91,0.58,7.55,0.58
N09000003,2020-07-18,Belfast,0.0,0,0,0.0,1409,162,11.5,410.14,47.16,0.41,343542,2.33,-1.16,6.97,-0.29
N09000003,2020-07-17,Belfast,0.58,2,0,0.0,1409,162,11.5,410.14,47.16,0.41,343542,3.49,0.29,7.26,0.0
N09000003,2020-07-16,Belfast,1.75,6,0,0.0,1407,162,11.51,409.56,47.16,0.41,343542,3.2,1.46,7.26,1.46
N09000003,2020-07-15,Belfast,0.0,0,0,0.0,1401,162,11.56,407.81,47.16,0.41,343542,1.74,-0.29,5.8,-0.29
N09000003,2020-07-14,Belfast,0.0,0,0,0.0,1401,162,11.56,407.81,47.16,0.41,343542,2.03,-0.29,6.09,-0.58
N09000003,2020-07-13,Belfast,0.0,0,0,0.0,1401,162,11.56,407.81,47.16,0.41,343542,2.32,-0.29,6.67,-1.16
N09000003,2020-07-12,Belfast,0.0,0,0,0.0,1401,162,11.56,407.81,47.16,0.41,343542,2.61,-0.29,7.83,-0.29
N09000003,2020-07-11,Belfast,1.16,4,0,0.0,1401,162,11.56,407.81,47.16,0.41,343542,2.9,1.16,8.12,0.0
N09000003,2020-07-10,Belfast,0.29,1,0,0.0,1397,162,11.6,406.65,47.16,0.41,343542,1.74,0.29,8.12,0.0
N09000003,2020-07-09,Belfast,0.29,1,1,0.29,1396,162,11.6,406.35,47.16,0.41,343542,1.45,0.29,8.12,0.29
N09000003,2020-07-08,Belfast,0.29,1,0,0.0,1395,161,11.54,406.06,46.86,0.41,343542,1.16,0.29,7.83,-0.29
N09000003,2020-07-07,Belfast,0.29,1,0,0.0,1394,161,11.55,405.77,46.86,0.41,343542,0.87,0.29,8.12,-0.87
N09000003,2020-07-06,Belfast,0.29,1,0,0.0,1393,161,11.56,405.48,46.86,0.41,343542,0.58,0.29,8.99,-0.29
N09000003,2020-07-05,Belfast,0.29,1,0,0.0,1392,161,11.57,405.19,46.86,0.41,343542,0.29,0.0,9.28,0.0
N09000003,2020-07-04,Belfast,0.0,0,0,0.0,1391,161,11.57,404.9,46.86,0.4,343542,0.29,-0.29,9.28,0.0
N09000003,2020-07-03,Belfast,0.0,0,0,0.0,1391,161,11.57,404.9,46.86,0.4,343542,0.58,-0.29,9.28,-1.16
N09000003,2020-07-02,Belfast,0.0,0,0,0.0,1391,161,11.57,404.9,46.86,0.4,343542,0.87,-0.29,10.44,-0.58
N09000003,2020-07-01,Belfast,0.0,0,0,0.0,1391,161,11.57,404.9,46.86,0.4,343542,1.16,-0.29,11.02,-0.29
N09000003,2020-06-30,Belfast,0.0,0,0,0.0,1391,161,11.57,404.9,46.86,0.4,343542,1.45,-0.29,11.31,-0.29
N09000003,2020-06-29,Belfast,0.0,0,0,0.0,1391,161,11.57,404.9,46.86,0.4,343542,1.74,0.0,11.6,-1.46
N09000003,2020-06-28,Belfast,0.29,1,0,0.0,1391,161,11.57,404.9,46.86,0.4,343542,1.74,0.29,13.06,-1.17
N09000003,2020-06-27,Belfast,0.29,1,0,0.0,1390,161,11.58,404.61,46.86,0.4,343542,1.45,0.0,14.23,-0.58
N09000003,2020-06-26,Belfast,0.29,1,0,0.0,1389,161,11.59,404.32,46.86,0.4,343542,1.45,-0.29,14.81,0.0
N09000003,2020-06-25,Belfast,0.29,1,0,0.0,1388,161,11.6,404.03,46.86,0.4,343542,1.74,0.0,14.81,-0.87
N09000003,2020-06-24,Belfast,0.29,1,0,0.0,1387,161,11.61,403.74,46.86,0.4,343542,1.74,0.0,15.68,0.0
N09000003,2020-06-23,Belfast,0.29,1,0,0.0,1386,161,11.62,403.44,46.86,0.4,343542,1.74,-0.29,15.68,-2.04
N09000003,2020-06-22,Belfast,0.0,0,0,0.0,1385,161,11.62,403.15,46.86,0.4,343542,2.03,-1.16,17.72,-2.33
N09000003,2020-06-21,Belfast,0.0,0,0,0.0,1385,161,11.62,403.15,46.86,0.4,343542,3.19,-0.29,20.05,-2.04
N09000003,2020-06-20,Belfast,0.29,1,0,0.0,1385,161,11.62,403.15,46.86,0.4,343542,3.48,-0.87,22.09,-1.46
N09000003,2020-06-19,Belfast,0.58,2,0,0.0,1384,161,11.63,402.86,46.86,0.4,343542,4.35,0.29,23.55,-1.17
N09000003,2020-06-18,Belfast,0.29,1,0,0.0,1382,161,11.65,402.28,46.86,0.4,343542,4.06,0.29,24.72,-1.75
N09000003,2020-06-17,Belfast,0.29,1,0,0.0,1381,161,11.66,401.99,46.86,0.4,343542,3.77,-0.29,26.47,-2.91
N09000003,2020-06-16,Belfast,0.58,2,0,0.0,1380,161,11.67,401.7,46.86,0.4,343542,4.06,-0.58,29.38,-0.88
N09000003,2020-06-15,Belfast,1.16,4,0,0.0,1378,161,11.68,401.12,46.86,0.4,343542,4.64,0.58,30.26,-0.59
N09000003,2020-06-14,Belfast,0.29,1,0,0.0,1374,161,11.72,399.95,46.86,0.4,343542,4.06,0.0,30.85,-0.87
N09000003,2020-06-13,Belfast,1.16,4,1,0.29,1373,161,11.73,399.66,46.86,0.4,343542,4.06,1.16,31.72,-0.59
N09000003,2020-06-12,Belfast,0.29,1,0,0.0,1369,160,11.69,398.5,46.57,0.4,343542,2.9,-0.87,32.31,-1.46
N09000003,2020-06-11,Belfast,0.0,0,1,0.29,1368,160,11.7,398.2,46.57,0.4,343542,3.77,-0.58,33.77,-4.08
N09000003,2020-06-10,Belfast,0.58,2,0,0.0,1368,159,11.62,398.2,46.28,0.4,343542,4.35,0.29,37.85,-1.46
N09000003,2020-06-09,Belfast,1.16,4,0,0.0,1366,159,11.64,397.62,46.28,0.4,343542,4.06,0.87,39.31,-1.46
N09000003,2020-06-08,Belfast,0.58,2,0,0.0,1362,159,11.67,396.46,46.28,0.4,343542,3.19,-0.88,40.77,-0.88
N09000003,2020-06-07,Belfast,0.29,1,0,0.0,1360,159,11.69,395.88,46.28,0.4,343542,4.07,-1.17,41.65,-1.17
N09000003,2020-06-06,Belfast,0.0,0,0,0.0,1359,159,11.7,395.58,46.28,0.4,343542,5.24,-0.87,42.82,-2.04
N09000003,2020-06-05,Belfast,1.16,4,0,0.0,1359,159,11.7,395.58,46.28,0.4,343542,6.11,0.87,44.86,-1.17
N09000003,2020-06-04,Belfast,0.58,2,0,0.0,1355,159,11.73,394.42,46.28,0.39,343542,5.24,-0.58,46.03,-4.08
N09000003,2020-06-03,Belfast,0.29,1,0,0.0,1353,159,11.75,393.84,46.28,0.39,343542,5.82,0.0,50.11,-2.33
N09000003,2020-06-02,Belfast,0.29,1,0,0.0,1352,159,11.76,393.55,46.28,0.39,343542,5.82,-2.04,52.44,-4.66
N09000003,2020-06-01,Belfast,1.46,5,0,0.0,1351,159,11.77,393.26,46.28,0.39,343542,7.86,-0.87,57.1,-5.23
N09000003,2020-05-31,Belfast,1.46,5,0,0.0,1346,159,11.81,391.8,46.28,0.39,343542,8.73,-0.58,62.33,-1.74
N09000003,2020-05-30,Belfast,0.87,3,0,0.0,1341,159,11.86,390.35,46.28,0.39,343542,9.31,-0.88,64.07,-0.88
N09000003,2020-05-29,Belfast,0.29,1,0,0.0,1338,159,11.88,389.47,46.28,0.39,343542,10.19,-1.46,64.95,-3.79
N09000003,2020-05-28,Belfast,1.16,4,0,0.0,1337,159,11.89,389.18,46.28,0.39,343542,11.65,-0.88,68.74,-8.74
N09000003,2020-05-27,Belfast,0.29,1,1,0.29,1333,159,11.93,388.02,46.28,0.39,343542,12.53,-2.91,77.48,-4.37
N09000003,2020-05-26,Belfast,2.33,8,0,0.0,1332,158,11.86,387.73,45.99,0.39,343542,15.44,0.87,81.85,-5.53
N09000003,2020-05-25,Belfast,2.33,8,0,0.0,1324,158,11.93,385.4,45.99,0.39,343542,14.57,0.58,87.38,-2.62
N09000003,2020-05-24,Belfast,2.04,7,2,0.58,1316,158,12.01,383.07,45.99,0.38,343542,13.99,0.88,90.0,-0.29
N09000003,2020-05-23,Belfast,1.75,6,0,0.0,1309,156,11.92,381.03,45.41,0.38,343542,13.11,0.0,90.29,-4.07
N09000003,2020-05-22,Belfast,1.75,6,0,0.0,1303,156,11.97,379.28,45.41,0.38,343542,13.11,0.0,94.36,-6.98
N09000003,2020-05-21,Belfast,2.04,7,0,0.0,1297,156,12.03,377.54,45.41,0.38,343542,13.11,-2.04,101.34,-2.91
N09000003,2020-05-20,Belfast,3.2,11,2,0.58,1290,156,12.09,375.5,45.41,0.38,343542,15.15,1.16,104.25,-4.66
N09000003,2020-05-19,Belfast,1.46,5,2,0.58,1279,154,12.04,372.3,44.83,0.37,343542,13.99,-1.16,108.91,-9.02
N09000003,2020-05-18,Belfast,1.75,6,3,0.87,1274,152,11.93,370.84,44.24,0.37,343542,15.15,0.29,117.93,-11.35
N09000003,2020-05-17,Belfast,1.16,4,2,0.58,1268,149,11.75,369.1,43.37,0.37,343542,14.86,-0.3,129.28,-4.08
N09000003,2020-05-16,Belfast,1.75,6,0,0.0,1264,147,11.63,367.93,42.79,0.37,343542,15.16,-0.29,133.36,-6.69
N09000003,2020-05-15,Belfast,1.75,6,1,0.29,1258,147,11.69,366.19,42.79,0.37,343542,15.45,-0.58,140.05,-11.06
N09000003,2020-05-14,Belfast,4.08,14,3,0.87,1252,146,11.66,364.44,42.5,0.36,343542,16.03,-0.58,151.11,-9.02
N09000003,2020-05-13,Belfast,2.04,7,3,0.87,1238,143,11.55,360.36,41.63,0.36,343542,16.61,-0.58,160.13,-6.98
N09000003,2020-05-12,Belfast,2.62,9,3,0.87,1231,140,11.37,358.33,40.75,0.36,343542,17.19,-2.33,167.11,-4.66
N09000003,2020-05-11,Belfast,1.46,5,1,0.29,1222,137,11.21,355.71,39.88,0.36,343542,19.52,-5.23,171.77,-10.47
N09000003,2020-05-10,Belfast,1.46,5,4,1.16,1217,136,11.18,354.25,39.59,0.35,343542,24.75,-1.74,182.24,-4.36
N09000003,2020-05-09,Belfast,2.04,7,2,0.58,1212,132,10.89,352.8,38.42,0.35,343542,26.49,0.29,186.6,-3.78
N09000003,2020-05-08,Belfast,2.33,8,1,0.29,1205,130,10.79,350.76,37.84,0.35,343542,26.2,-1.75,190.38,-6.11
N09000003,2020-05-07,Belfast,4.66,16,0,0.0,1197,129,10.78,348.43,37.55,0.35,343542,27.95,-5.24,196.49,-2.03
N09000003,2020-05-06,Belfast,2.62,9,1,0.29,1181,129,10.92,343.77,37.55,0.34,343542,33.19,-2.04,198.52,-4.95
N09000003,2020-05-05,Belfast,4.95,17,1,0.29,1172,128,10.92,341.15,37.26,0.34,343542,35.23,-2.91,203.47,-6.4
N09000003,2020-05-04,Belfast,6.69,23,3,0.87,1155,127,11.0,336.2,36.97,0.34,343542,38.14,1.74,209.87,-5.54
N09000003,2020-05-03,Belfast,3.2,11,2,0.58,1132,124,10.95,329.51,36.09,0.33,343542,36.4,0.87,215.41,-2.04
N09000003,2020-05-02,Belfast,1.75,6,1,0.29,1121,122,10.88,326.31,35.51,0.33,343542,35.53,-4.07,217.45,-7.27
N09000003,2020-05-01,Belfast,4.08,14,3,0.87,1115,121,10.85,324.56,35.22,0.32,343542,39.6,-4.65,224.72,-5.53
N09000003,2020-04-30,Belfast,9.9,34,4,1.16,1101,118,10.72,320.48,34.35,0.32,343542,44.25,4.95,230.25,-0.87
N09000003,2020-04-29,Belfast,4.66,16,4,1.16,1067,114,10.68,310.59,33.18,0.31,343542,39.3,-3.2,231.12,-7.86
N09000003,2020-04-28,Belfast,7.86,27,0,0.0,1051,110,10.47,305.93,32.02,0.31,343542,42.5,-2.62,238.98,-1.45
N09000003,2020-04-27,Belfast,4.95,17,7,2.04,1024,110,10.74,298.07,32.02,0.3,343542,45.12,-8.15,240.43,-3.2
N09000003,2020-04-26,Belfast,2.33,8,9,2.62,1007,103,10.23,293.12,29.98,0.29,343542,53.27,-2.91,243.63,-3.2
N09000003,2020-04-25,Belfast,5.82,20,5,1.46,999,94,9.41,290.79,27.36,0.29,343542,56.18,-2.62,246.83,-1.46
N09000003,2020-04-24,Belfast,8.73,30,1,0.29,979,89,9.09,284.97,25.91,0.28,343542,58.8,-4.08,248.29,3.78
N09000003,2020-04-23,Belfast,4.95,17,6,1.75,949,88,9.27,276.24,25.62,0.28,343542,62.88,-8.15,244.51,-2.62
N09000003,2020-04-22,Belfast,7.86,27,4,1.16,932,82,8.8,271.29,23.87,0.27,343542,71.03,-1.16,247.13,3.2
N09000003,2020-04-21,Belfast,10.48,36,4,1.16,905,78,8.62,263.43,22.7,0.26,343542,72.19,3.2,243.93,7.28
N09000003,2020-04-20,Belfast,13.1,45,4,1.16,869,74,8.52,252.95,21.54,0.25,343542,68.99,1.17,236.65,9.9
N09000003,2020-04-19,Belfast,5.24,18,5,1.46,824,70,8.5,239.85,20.38,0.24,343542,67.82,-0.58,226.75,3.78
N09000003,2020-04-18,Belfast,8.44,29,5,1.46,806,65,8.06,234.61,18.92,0.23,343542,68.4,2.62,222.97,6.98
N09000003,2020-04-17,Belfast,12.81,44,3,0.87,777,60,7.72,226.17,17.47,0.23,343542,65.78,4.37,215.99,11.06
N09000003,2020-04-16,Belfast,13.1,45,1,0.29,733,57,7.78,213.37,16.59,0.21,343542,61.41,6.41,204.93,12.52
N09000003,2020-04-15,Belfast,9.02,31,5,1.46,688,56,8.14,200.27,16.3,0.2,343542,55.0,1.45,192.41,8.15
N09000003,2020-04-14,Belfast,7.28,25,6,1.75,657,51,7.76,191.24,14.85,0.19,343542,53.55,-4.07,184.26,6.41
N09000003,2020-04-13,Belfast,11.93,41,2,0.58,632,45,7.12,183.97,13.1,0.18,343542,57.62,-0.3,177.85,10.47
N09000003,2020-04-12,Belfast,5.82,20,4,1.16,591,43,7.28,172.03,12.52,0.17,343542,57.92,0.58,167.38,5.82
N09000003,2020-04-11,Belfast,5.82,20,1,0.29,571,39,6.83,166.21,11.35,0.17,343542,57.34,-3.2,161.56,4.07
N09000003,2020-04-10,Belfast,8.44,29,5,1.46,551,38,6.9,160.39,11.06,0.16,343542,60.54,-1.17,157.49,7.57
N09000003,2020-04-09,Belfast,6.69,23,5,1.46,522,33,6.32,151.95,9.61,0.15,343542,61.71,-4.08,149.92,6.69
N09000003,2020-04-08,Belfast,7.57,26,2,0.58,499,28,5.61,145.25,8.15,0.15,343542,65.79,-4.95,143.23,6.41
N09000003,2020-04-07,Belfast,11.35,39,2,0.58,473,26,5.5,137.68,7.57,0.14,343542,70.74,2.04,136.82,11.06
N09000003,2020-04-06,Belfast,12.23,42,2,0.58,434,24,5.53,126.33,6.99,0.13,343542,68.7,4.08,125.76,12.23
N09000003,2020-04-05,Belfast,5.24,18,3,0.87,392,22,5.61,114.11,6.4,0.11,343542,64.62,-0.29,113.53,5.24
N09000003,2020-04-04,Belfast,9.02,31,5,1.46,374,19,5.08,108.87,5.53,0.11,343542,64.91,1.74,108.29,8.44
N09000003,2020-04-03,Belfast,9.61,33,3,0.87,343,14,4.08,99.84,4.08,0.1,343542,63.17,4.66,99.85,9.61
N09000003,2020-04-02,Belfast,10.77,37,2,0.58,310,11,3.55,90.24,3.2,0.09,343542,58.51,3.2,90.24,10.77
N09000003,2020-04-01,Belfast,12.52,43,1,0.29,273,9,3.3,79.47,2.62,0.08,343542,55.31,7.86,79.47,12.52
N09000003,2020-03-31,Belfast,9.31,32,0,0.0,230,8,3.48,66.95,2.33,0.07,343542,47.45,6.11,66.95,9.31
N09000003,2020-03-30,Belfast,8.15,28,0,0.0,198,8,4.04,57.63,2.33,0.06,343542,41.34,4.95,57.64,8.15
N09000003,2020-03-29,Belfast,5.53,19,2,0.58,170,8,4.71,49.48,2.33,0.05,343542,36.39,4.07,49.49,5.53
N09000003,2020-03-28,Belfast,7.28,25,2,0.58,151,6,3.97,43.95,1.75,0.04,343542,32.32,5.82,43.96,7.28
N09000003,2020-03-27,Belfast,4.95,17,0,0.0,126,4,3.17,36.68,1.16,0.04,343542,26.5,3.2,36.68,4.95
N09000003,2020-03-26,Belfast,7.57,26,0,0.0,109,4,3.67,31.73,1.16,0.03,343542,23.3,6.99,31.73,7.57
N09000003,2020-03-25,Belfast,4.66,16,1,0.29,83,4,4.82,24.16,1.16,0.02,343542,16.31,3.79,24.16,4.66
N09000003,2020-03-24,Belfast,3.2,11,2,0.58,67,3,4.48,19.5,0.87,0.02,343542,12.52,2.33,19.5,3.2
N09000003,2020-03-23,Belfast,3.2,11,1,0.29,56,1,1.79,16.3,0.29,0.02,343542,10.19,1.74,16.3,3.2
N09000003,2020-03-22,Belfast,1.46,5,0,0.0,45,0,0.0,13.1,0.0,0.01,343542,8.45,1.46,13.1,1.46
N09000003,2020-03-21,Belfast,1.46,5,0,0.0,40,0,0.0,11.64,0.0,0.01,343542,6.99,-0.29,11.64,1.46
N09000003,2020-03-20,Belfast,1.75,6,0,0.0,35,0,0.0,10.19,0.0,0.01,343542,7.28,0.88,10.18,1.75
N09000003,2020-03-19,Belfast,0.58,2,0,0.0,29,0,0.0,8.44,0.0,0.01,343542,6.4,0.58,8.43,0.58
N09000003,2020-03-18,Belfast,0.87,3,0,0.0,27,0,0.0,7.86,0.0,0.01,343542,5.82,-0.29,7.85,0.87
N09000003,2020-03-17,Belfast,0.87,3,0,0.0,24,0,0.0,6.99,0.0,0.01,343542,6.11,0.58,6.98,0.87
N09000003,2020-03-16,Belfast,1.46,5,0,0.0,21,0,0.0,6.11,0.0,0.01,343542,5.53,1.46,6.11,1.46
N09000003,2020-03-15,Belfast,0.0,0,0,0.0,16,0,0.0,4.66,0.0,0.0,343542,4.07,0.0,4.65,0.0
N09000003,2020-03-14,Belfast,1.75,6,0,0.0,16,0,0.0,4.66,0.0,0.0,343542,4.07,1.17,4.65,1.75
N09000003,2020-03-13,Belfast,0.87,3,0,0.0,10,0,0.0,2.91,0.0,0.0,343542,2.9,0.87,2.9,0.87
N09000003,2020-03-12,Belfast,0.0,0,0,0.0,7,0,0.0,2.04,0.0,0.0,343542,2.03,0.0,2.03,0.0
N09000003,2020-03-11,Belfast,1.16,4,0,0.0,7,0,0.0,2.04,0.0,0.0,343542,2.03,1.16,2.03,1.16
N09000003,2020-03-10,Belfast,0.29,1,0,0.0,3,0,0.0,0.87,0.0,0.0,343542,0.87,0.29,0.87,0.29
N09000003,2020-03-09,Belfast,0.0,0,0,0.0,2,0,0.0,0.58,0.0,0.0,343542,0.58,0.0,0.58,0.0
N09000003,2020-03-08,Belfast,0.0,0,0,0.0,2,0,0.0,0.58,0.0,0.0,343542,0.58,0.0,0.58,0.0
N09000003,2020-03-07,Belfast,0.58,2,0,0.0,2,0,0.0,0.58,0.0,0.0,343542,0.58,0.58,0.58,0.58
N09000003,2020-03-06,Belfast,0.0,0,0,0.0,0,0,0.0,0.0,0.0,0.0,343542,0.0,0.0,0.0,0.0
N09000003,2020-03-05,Belfast,0.0,0,0,0.0,0,0,0.0,0.0,0.0,0.0,343542,0.0,0.0,0.0,0.0
N09000003,2020-03-04,Belfast,0.0,0,0,0.0,0,0,0.0,0.0,0.0,0.0,343542,0.0,0.0,0.0,0.0
N09000003,2020-03-03,Belfast,0.0,0,0,0.0,0,0,0.0,0.0,0.0,0.0,343542,0.0,0.0,0.0,0.0
N09000003,2020-03-02,Belfast,0.0,0,0,0.0,0,0,0.0,0.0,0.0,0.0,343542,0.0,0.0,0.0,0.0
N09000003,2020-03-01,Belfast,0.0,0,0,0.0,0,0,0.0,0.0,0.0,0.0,343542,0.0,0.0,0.0,0.0
N09000003,2020-02-29,Belfast,0.0,0,0,0.0,0,0,0.0,0.0,0.0,0.0,343542,0.0,0.0,0.0,0.0
N09000003,2020-02-28,Belfast,0.0,0,0,0.0,0,0,0.0,0.0,0.0,0.0,343542,0.0,0.0,0.0,0.0
N09000003,2020-02-27,Belfast,0.0,0,0,0.0,0,0,0.0,0.0,0.0,0.0,343542,0.0,0.0,0.0,0.0
N09000003,2020-02-26,Belfast,0.0,0,0,0.0,0,0,0.0,0.0,0.0,0.0,343542,0.0,0.0,0.0,0.0
N09000003,2020-02-25,Belfast,0.0,0,0,0.0,0,0,0.0,0.0,0.0,0.0,343542,0.0,0.0,0.0,0.0
N09000003,2020-02-24,Belfast,0.0,0,0,0.0,0,0,0.0,0.0,0.0,0.0,343542,0.0,0.0,0.0,0.0
N09000003,2020-02-23,Belfast,0.0,0,0,0.0,0,0,0.0,0.0,0.0,0.0,343542,0.0,0.0,0.0,0.0
N09000003,2020-02-22,Belfast,0.0,0,0,0.0,0,0,0.0,0.0,0.0,0.0,343542,0.0,0.0,0.0,0.0
N09000003,2020-02-21,Belfast,0.0,0,0,0.0,0,0,0.0,0.0,0.0,0.0,343542,0.0,0.0,0.0,0.0
N09000003,2020-02-20,Belfast,0.0,0,0,0.0,0,0,0.0,0.0,0.0,0.0,343542,0.0,0.0,0.0,0.0
N09000003,2020-02-19,Belfast,0.0,0,0,0.0,0,0,0.0,0.0,0.0,0.0,343542,0.0,0.0,0.0,0.0
N09000003,2020-02-18,Belfast,0.0,0,0,0.0,0,0,0.0,0.0,0.0,0.0,343542,0.0,0.0,0.0,0.0
N09000003,2020-02-17,Belfast,0.0,0,0,0.0,0,0,0.0,0.0,0.0,0.0,343542,0.0,0.0,0.0,0.0
N09000003,2020-02-16,Belfast,0.0,0,0,0.0,0,0,0.0,0.0,0.0,0.0,343542,0.0,0.0,0.0,0.0
N09000003,2020-02-15,Belfast,0.0,0,0,0.0,0,0,0.0,0.0,0.0,0.0,343542,0.0,0.0,0.0,0.0
N09000003,2020-02-14,Belfast,0.0,0,0,0.0,0,0,0.0,0.0,0.0,0.0,343542,0.0,0.0,0.0,0.0
N09000003,2020-02-13,Belfast,0.0,0,0,0.0,0,0,0.0,0.0,0.0,0.0,343542,0.0,0.0,0.0,0.0
N09000003,2020-02-12,Belfast,0.0,0,0,0.0,0,0,0.0,0.0,0.0,0.0,343542,0.0,0.0,0.0,0.0
N09000003,2020-02-11,Belfast,0.0,0,0,0.0,0,0,0.0,0.0,0.0,0.0,343542,0.0,0.0,0.0,0.0
N09000003,2020-02-10,Belfast,0.0,0,0,0.0,0,0,0.0,0.0,0.0,0.0,343542,0.0,0.0,0.0,0.0
N09000003,2020-02-09,Belfast,0.0,0,0,0.0,0,0,0.0,0.0,0.0,0.0,343542,0.0,0.0,0.0,0.0
