date,country,region,1day_cases_100k,new_cases,new_deaths,new_deaths_100k,total_cases,total_deaths,cfr%,total_cases_100k,total_deaths_100k,%infected,population,7day_cases_100k,7day_cases_change,28day_cases_100k,28day_cases_change
2021-08-08,Chile,Los Lagos,5.55,46,3,0.36,87824,1366,1.56,10597.7,164.83,10.6,828708,32.59,-1.21,223.02,-10.98
2021-08-07,Chile,Los Lagos,7.12,59,5,0.6,87778,1363,1.55,10592.15,164.47,10.59,828708,33.8,1.81,234.0,-9.53
2021-08-06,Chile,Los Lagos,4.95,41,3,0.36,87719,1358,1.55,10585.03,163.87,10.59,828708,31.99,-5.07,243.53,-17.01
2021-08-05,Chile,Los Lagos,5.55,46,10,1.21,87678,1355,1.55,10580.08,163.51,10.58,828708,37.06,-3.62,260.54,-6.28
2021-08-04,Chile,Los Lagos,3.14,26,0,0.0,87632,1345,1.53,10574.53,162.3,10.57,828708,40.68,-6.88,266.82,-8.81
2021-08-03,Chile,Los Lagos,1.09,9,0,0.0,87606,1345,1.54,10571.4,162.3,10.57,828708,47.56,-7.12,275.63,-16.41
2021-08-02,Chile,Los Lagos,5.19,43,9,1.09,87597,1345,1.54,10570.31,162.3,10.57,828708,54.68,-5.19,292.04,-14.48
2021-08-01,Chile,Los Lagos,6.76,56,2,0.24,87554,1336,1.53,10565.12,161.21,10.57,828708,59.87,-1.69,306.52,-14.0
2021-07-31,Chile,Los Lagos,5.31,44,7,0.84,87498,1334,1.52,10558.36,160.97,10.56,828708,61.56,-4.22,320.52,-19.55
2021-07-30,Chile,Los Lagos,10.02,83,0,0.0,87454,1327,1.52,10553.05,160.13,10.55,828708,65.78,-3.74,340.07,-1.44
2021-07-29,Chile,Los Lagos,9.17,76,11,1.33,87371,1327,1.52,10543.04,160.13,10.54,828708,69.52,3.62,341.51,-3.38
2021-07-28,Chile,Los Lagos,10.02,83,0,0.0,87295,1316,1.51,10533.87,158.8,10.53,828708,65.9,5.68,344.89,-4.7
2021-07-26,Chile,Los Lagos,8.21,68,4,0.48,87212,1316,1.51,10523.85,158.8,10.52,828708,60.22,-2.41,349.59,-15.92
2021-07-25,Chile,Los Lagos,10.38,86,4,0.48,87144,1312,1.51,10515.65,158.32,10.52,828708,62.63,4.23,365.51,-20.03
2021-07-24,Chile,Los Lagos,8.45,70,5,0.6,87058,1308,1.5,10505.27,157.84,10.51,828708,58.4,-2.05,385.54,-21.23
2021-07-23,Chile,Los Lagos,9.53,79,1,0.12,86988,1303,1.5,10496.82,157.23,10.5,828708,60.45,-1.45,406.77,-22.21
2021-07-22,Chile,Los Lagos,13.76,114,10,1.21,86909,1302,1.5,10487.29,157.11,10.49,828708,61.9,-0.36,428.98,1.69
2021-07-21,Chile,Los Lagos,5.55,46,0,0.0,86795,1292,1.49,10473.53,155.91,10.47,828708,62.26,-2.17,427.29,-4.95
2021-07-20,Chile,Los Lagos,4.34,36,0,0.0,86749,1292,1.49,10467.98,155.91,10.47,828708,64.43,-2.9,432.24,-10.62
2021-07-19,Chile,Los Lagos,10.62,88,0,0.0,86713,1292,1.49,10463.64,155.91,10.46,828708,67.33,1.93,442.86,-14.24
2021-07-18,Chile,Los Lagos,6.15,51,7,0.84,86625,1292,1.49,10453.02,155.91,10.45,828708,65.4,-6.76,457.1,-12.8
2021-07-17,Chile,Los Lagos,10.5,87,2,0.24,86574,1285,1.48,10446.86,155.06,10.45,828708,72.16,-6.03,469.9,-16.05
2021-07-16,Chile,Los Lagos,10.98,91,4,0.48,86487,1283,1.48,10436.37,154.82,10.44,828708,78.19,-5.67,485.95,-20.51
2021-07-15,Chile,Los Lagos,14.12,117,10,1.21,86396,1279,1.48,10425.39,154.34,10.43,828708,83.86,-7.84,506.46,-21.84
2021-07-14,Chile,Los Lagos,7.72,64,1,0.12,86279,1269,1.47,10411.27,153.13,10.41,828708,91.7,-4.11,528.3,-9.66
2021-07-13,Chile,Los Lagos,7.24,60,0,0.0,86215,1268,1.47,10403.54,153.01,10.4,828708,95.81,-4.71,537.96,-11.46
2021-07-12,Chile,Los Lagos,8.69,72,7,0.84,86155,1268,1.47,10396.3,153.01,10.4,828708,100.52,-8.81,549.42,-16.65
2021-07-11,Chile,Los Lagos,12.91,107,5,0.6,86083,1261,1.46,10387.62,152.16,10.39,828708,109.33,-6.76,566.07,-23.53
2021-07-10,Chile,Los Lagos,16.53,137,7,0.84,85976,1256,1.46,10374.7,151.56,10.37,828708,116.09,-4.23,589.6,-15.09
2021-07-09,Chile,Los Lagos,16.65,138,5,0.6,85839,1249,1.46,10358.17,150.72,10.36,828708,120.32,-8.21,604.69,-24.98
2021-07-08,Chile,Los Lagos,21.96,182,17,2.05,85701,1244,1.45,10341.52,150.11,10.34,828708,128.53,10.5,629.67,-21.36
2021-07-07,Chile,Los Lagos,11.83,98,0,0.0,85519,1227,1.43,10319.56,148.06,10.32,828708,118.03,-0.72,651.03,-10.01
2021-07-06,Chile,Los Lagos,11.95,99,0,0.0,85421,1227,1.44,10307.73,148.06,10.31,828708,118.75,-2.77,661.04,-11.46
2021-07-05,Chile,Los Lagos,17.5,145,5,0.6,85322,1227,1.44,10295.79,148.06,10.3,828708,121.52,-6.63,672.5,-17.01
2021-07-04,Chile,Los Lagos,19.67,163,7,0.84,85177,1222,1.43,10278.29,147.46,10.28,828708,128.15,-10.74,689.51,-11.95
2021-07-03,Chile,Los Lagos,20.76,172,7,0.84,85014,1215,1.43,10258.62,146.61,10.26,828708,138.89,-8.92,701.46,-26.3
2021-07-02,Chile,Los Lagos,24.86,206,9,1.09,84842,1208,1.42,10237.86,145.77,10.24,828708,147.81,-6.88,727.76,-15.69
2021-07-01,Chile,Los Lagos,11.46,95,0,0.0,84636,1199,1.42,10213.01,144.68,10.21,828708,154.69,-0.61,743.45,-37.65
2021-06-30,Chile,Los Lagos,12.55,104,0,0.0,84541,1199,1.42,10201.54,144.68,10.2,828708,155.3,2.05,781.1,-15.93
2021-06-29,Chile,Los Lagos,14.72,122,2,0.24,84437,1199,1.42,10188.99,144.68,10.19,828708,153.25,-0.24,797.03,-6.16
2021-06-28,Chile,Los Lagos,24.13,200,11,1.33,84315,1197,1.42,10174.27,144.44,10.17,828708,153.49,-0.73,803.19,-21.72
2021-06-27,Chile,Los Lagos,30.41,252,4,0.48,84115,1186,1.41,10150.14,143.11,10.15,828708,154.22,11.46,824.91,-23.17
2021-06-26,Chile,Los Lagos,29.68,246,3,0.36,83863,1182,1.41,10119.73,142.63,10.12,828708,142.76,3.13,848.08,-28.97
2021-06-25,Chile,Los Lagos,31.74,263,17,2.05,83617,1179,1.41,10090.04,142.27,10.09,828708,139.63,0.25,877.05,-18.58
2021-06-24,Chile,Los Lagos,12.07,100,0,0.0,83354,1162,1.39,10058.31,140.22,10.06,828708,139.38,-23.89,895.63,-42.83
2021-06-23,Chile,Los Lagos,10.5,87,0,0.0,83254,1162,1.4,10046.24,140.22,10.05,828708,163.27,-6.88,938.46,-23.65
2021-06-22,Chile,Los Lagos,14.96,124,1,0.12,83167,1162,1.4,10035.74,140.22,10.04,828708,170.15,-3.74,962.11,-7.85
2021-06-21,Chile,Los Lagos,24.86,206,11,1.33,83043,1161,1.4,10020.78,140.1,10.02,828708,173.89,-0.48,969.96,-3.98
2021-06-20,Chile,Los Lagos,18.95,157,2,0.24,82837,1150,1.39,9995.92,138.77,10.0,828708,174.37,-17.49,973.94,-24.13
2021-06-19,Chile,Los Lagos,26.55,220,9,1.09,82680,1148,1.39,9976.98,138.53,9.98,828708,191.86,-5.07,998.07,-21.24
2021-06-18,Chile,Los Lagos,31.49,261,3,0.36,82460,1139,1.38,9950.43,137.44,9.95,828708,196.93,-10.14,1019.31,-14.85
2021-06-17,Chile,Los Lagos,35.96,298,14,1.69,82199,1136,1.38,9918.93,137.08,9.92,828708,207.07,-7.36,1034.16,-14.24
2021-06-16,Chile,Los Lagos,17.38,144,0,0.0,81901,1122,1.37,9882.97,135.39,9.88,828708,214.43,-4.46,1048.4,-9.17
2021-06-15,Chile,Los Lagos,18.7,155,0,0.0,81757,1122,1.37,9865.6,135.39,9.87,828708,218.89,-4.71,1057.57,-5.07
2021-06-14,Chile,Los Lagos,25.34,210,9,1.09,81602,1122,1.37,9846.89,135.39,9.85,828708,223.6,-9.17,1062.64,-7.72
2021-06-13,Chile,Los Lagos,36.44,302,5,0.6,81392,1113,1.37,9821.55,134.31,9.82,828708,232.77,4.82,1070.36,0.84
2021-06-12,Chile,Los Lagos,31.62,262,3,0.36,81090,1108,1.37,9785.11,133.7,9.79,828708,227.95,-15.44,1069.52,-44.64
2021-06-11,Chile,Los Lagos,41.63,345,4,0.48,80828,1105,1.37,9753.5,133.34,9.75,828708,243.39,1.08,1114.16,12.67
2021-06-10,Chile,Los Lagos,43.32,359,13,1.57,80483,1101,1.37,9711.86,132.86,9.71,828708,242.31,-5.79,1101.49,23.89
2021-06-09,Chile,Los Lagos,21.84,181,0,0.0,80124,1088,1.36,9668.54,131.29,9.67,828708,248.1,-6.64,1077.6,3.5
2021-06-08,Chile,Los Lagos,23.41,194,2,0.24,79943,1088,1.36,9646.7,131.29,9.65,828708,254.74,2.53,1074.1,1.09
2021-06-07,Chile,Los Lagos,34.51,286,10,1.21,79749,1086,1.36,9623.29,131.05,9.62,828708,252.21,-11.34,1073.01,5.91
2021-06-06,Chile,Los Lagos,31.62,262,4,0.48,79463,1076,1.35,9588.78,129.84,9.59,828708,263.55,-21.96,1067.1,-4.46
2021-06-05,Chile,Los Lagos,47.06,390,4,0.48,79201,1072,1.35,9557.17,129.36,9.56,828708,285.51,-11.59,1071.56,18.46
2021-06-04,Chile,Los Lagos,40.55,336,3,0.36,78811,1068,1.36,9510.1,128.88,9.51,828708,297.1,-9.77,1053.1,5.44
2021-06-03,Chile,Los Lagos,49.11,407,12,1.45,78475,1065,1.36,9469.56,128.51,9.47,828708,306.87,-5.79,1047.66,33.66
2021-06-02,Chile,Los Lagos,28.48,236,0,0.0,78068,1053,1.35,9420.45,127.07,9.42,828708,312.66,-5.67,1014.0,17.74
2021-06-01,Chile,Los Lagos,20.88,173,0,0.0,77832,1053,1.35,9391.97,127.07,9.39,828708,318.33,-1.93,996.26,-2.41
2021-05-31,Chile,Los Lagos,45.85,380,8,0.97,77659,1053,1.36,9371.09,127.07,9.37,828708,320.26,17.01,998.67,14.84
2021-05-30,Chile,Los Lagos,53.58,444,5,0.6,77279,1045,1.35,9325.24,126.1,9.33,828708,303.25,10.5,983.83,24.14
2021-05-29,Chile,Los Lagos,58.65,486,7,0.84,76835,1040,1.35,9271.66,125.5,9.27,828708,292.75,10.86,959.69,20.88
2021-05-28,Chile,Los Lagos,50.32,417,8,0.97,76349,1033,1.35,9213.02,124.65,9.21,828708,281.89,3.98,938.81,13.88
2021-05-27,Chile,Los Lagos,54.9,455,8,0.97,75932,1025,1.35,9162.7,123.69,9.16,828708,277.91,4.7,924.93,41.26
2021-05-26,Chile,Los Lagos,34.15,283,0,0.0,75477,1017,1.35,9107.79,122.72,9.11,828708,273.21,7.6,883.67,15.81
2021-05-25,Chile,Los Lagos,22.81,189,2,0.24,75194,1017,1.35,9073.64,122.72,9.07,828708,265.61,-0.96,867.86,-6.27
2021-05-24,Chile,Los Lagos,28.84,239,0,0.0,75005,1015,1.35,9050.84,122.48,9.05,828708,266.57,-4.22,874.13,-5.55
2021-05-23,Chile,Los Lagos,43.08,357,8,0.97,74766,1015,1.36,9022.0,122.48,9.02,828708,270.79,7.48,879.68,12.31
2021-05-22,Chile,Los Lagos,47.79,396,4,0.48,74409,1007,1.35,8978.92,121.51,8.98,828708,263.31,-28.47,867.37,11.11
2021-05-21,Chile,Los Lagos,46.34,384,2,0.24,74013,1003,1.36,8931.13,121.03,8.93,828708,291.78,17.38,856.26,11.23
2021-05-20,Chile,Los Lagos,50.2,416,8,0.97,73629,1001,1.36,8884.79,120.79,8.88,828708,274.4,30.77,845.03,32.34
2021-05-19,Chile,Los Lagos,26.55,220,0,0.0,73213,993,1.36,8834.6,119.83,8.83,828708,243.63,8.21,812.69,6.64
2021-05-18,Chile,Los Lagos,23.77,197,0,0.0,72993,993,1.36,8808.05,119.83,8.81,828708,235.42,1.45,806.05,-679.49
2021-05-17,Chile,Los Lagos,33.06,274,5,0.6,72796,993,1.36,8784.28,119.83,8.78,828708,233.97,4.46,1485.54,-0.73
2021-05-16,Chile,Los Lagos,35.6,295,9,1.09,72522,988,1.36,8751.21,119.22,8.75,828708,229.51,-0.48,1486.27,-7.12
2021-05-15,Chile,Los Lagos,76.26,632,12,1.45,72227,979,1.36,8715.62,118.14,8.72,828708,229.99,47.66,1493.39,36.44
2021-05-13,Chile,Los Lagos,28.96,240,0,0.0,71595,967,1.35,8639.35,116.69,8.64,828708,182.33,-6.15,1456.95,-15.69
2021-05-12,Chile,Los Lagos,19.43,161,0,0.0,71355,967,1.36,8610.39,116.69,8.61,828708,188.48,3.98,1472.64,-20.39
2021-05-11,Chile,Los Lagos,18.34,152,0,0.0,71194,967,1.36,8590.96,116.69,8.59,828708,184.5,7.6,1493.03,-6.28
2021-05-10,Chile,Los Lagos,22.32,185,5,0.6,71042,967,1.36,8572.62,116.69,8.57,828708,176.9,-0.97,1499.31,-2.18
2021-05-09,Chile,Los Lagos,28.6,237,3,0.36,70857,962,1.36,8550.3,116.08,8.55,828708,177.87,-2.41,1501.49,-7.48
2021-05-08,Chile,Los Lagos,36.08,299,1,0.12,70620,959,1.36,8521.7,115.72,8.52,828708,180.28,6.64,1508.97,-9.05
2021-05-07,Chile,Los Lagos,28.6,237,2,0.24,70321,958,1.36,8485.62,115.6,8.49,828708,173.64,-9.17,1518.02,-18.22
2021-05-06,Chile,Los Lagos,35.11,291,13,1.57,70084,956,1.36,8457.02,115.36,8.46,828708,182.81,-1.33,1536.24,-2.78
2021-05-05,Chile,Los Lagos,15.45,128,0,0.0,69793,943,1.35,8421.9,113.79,8.42,828708,184.14,1.81,1539.02,-16.53
2021-05-04,Chile,Los Lagos,10.74,89,0,0.0,69665,943,1.35,8406.46,113.79,8.41,828708,182.33,-7.6,1555.55,-17.62
2021-05-03,Chile,Los Lagos,23.29,193,7,0.84,69576,943,1.36,8395.72,113.79,8.4,828708,189.93,-5.79,1573.17,-9.05
2021-05-02,Chile,Los Lagos,31.01,257,7,0.84,69383,936,1.35,8372.43,112.95,8.37,828708,195.72,-3.38,1582.22,-0.48
2021-05-01,Chile,Los Lagos,29.44,244,8,0.97,69126,929,1.34,8341.42,112.1,8.34,828708,199.1,-1.33,1582.7,-8.57
2021-04-30,Chile,Los Lagos,37.77,313,7,0.84,68882,921,1.34,8311.97,111.14,8.31,828708,200.43,1.09,1591.27,-9.05
2021-04-29,Chile,Los Lagos,36.44,302,13,1.57,68569,914,1.33,8274.21,110.29,8.27,828708,199.34,1.33,1600.32,-9.9
2021-04-28,Chile,Los Lagos,13.64,113,0,0.0,68267,901,1.32,8237.76,108.72,8.24,828708,198.01,-4.22,1610.22,-27.03
2021-04-27,Chile,Los Lagos,18.34,152,0,0.0,68154,901,1.32,8224.13,108.72,8.22,828708,202.23,-1.57,1637.25,-6.52
2021-04-26,Chile,Los Lagos,29.08,241,4,0.48,68002,901,1.32,8205.79,108.72,8.21,828708,203.8,-674.18,1643.77,-4.95
2021-04-25,Chile,Los Lagos,34.39,285,1,0.12,67761,897,1.32,8176.7,108.24,8.18,828708,877.98,0.6,1648.72,-3.98
2021-04-24,Chile,Los Lagos,30.77,255,7,0.84,67476,896,1.33,8142.31,108.12,8.14,828708,877.38,-11.95,1652.7,-14.36
2021-04-23,Chile,Los Lagos,36.68,304,0,0.0,67221,889,1.32,8111.54,107.28,8.11,828708,889.33,-3.14,1667.06,-12.19
2021-04-22,Chile,Los Lagos,35.11,291,11,1.33,66917,889,1.33,8074.86,107.28,8.07,828708,892.47,-9.54,1679.25,-17.26
2021-04-21,Chile,Los Lagos,17.86,148,0,0.0,66626,878,1.32,8039.74,105.95,8.04,828708,902.01,-21.96,1696.51,-21.6
2021-04-20,Chile,Los Lagos,19.91,165,0,0.0,66478,878,1.32,8021.88,105.95,8.02,828708,923.97,-4.71,1718.11,-7.12
2021-04-19,Chile,Los Lagos,703.26,5828,84,10.14,66313,878,1.32,8001.97,105.95,8.0,828708,928.68,678.76,1725.23,682.99
2021-03-29,Chile,Los Lagos,33.79,280,20,2.41,60485,794,1.31,7298.71,95.81,7.3,828708,249.92,-2.29,1042.24,-3.62
2021-03-28,Chile,Los Lagos,42.72,354,7,0.84,60205,774,1.29,7264.92,93.4,7.26,828708,252.21,-2.41,1045.86,8.45
2021-03-27,Chile,Los Lagos,39.82,330,3,0.36,59851,767,1.28,7222.21,92.55,7.22,828708,254.62,-7.0,1037.41,-8.45
2021-03-26,Chile,Los Lagos,44.65,370,3,0.36,59521,764,1.28,7182.39,92.19,7.18,828708,261.62,6.76,1045.86,7.73
2021-03-25,Chile,Los Lagos,39.82,330,7,0.84,59151,761,1.29,7137.74,91.83,7.14,828708,254.86,7.84,1038.13,0.72
2021-03-24,Chile,Los Lagos,24.62,204,0,0.0,58821,754,1.28,7097.92,90.99,7.1,828708,247.02,-3.74,1037.41,-1.08
2021-03-23,Chile,Los Lagos,24.5,203,0,0.0,58617,754,1.29,7073.3,90.99,7.07,828708,250.76,-7.84,1038.49,7.36
2021-03-22,Chile,Los Lagos,36.08,299,7,0.84,58414,754,1.29,7048.8,90.99,7.05,828708,258.6,4.59,1031.13,6.27
2021-03-21,Chile,Los Lagos,45.13,374,5,0.6,58115,747,1.29,7012.72,90.14,7.01,828708,254.01,7.12,1024.86,15.69
2021-03-20,Chile,Los Lagos,46.82,388,9,1.09,57741,742,1.29,6967.59,89.54,6.97,828708,246.89,0.0,1009.17,6.27
2021-03-19,Chile,Los Lagos,37.89,314,5,0.6,57353,733,1.28,6920.77,88.45,6.92,828708,246.89,-8.45,1002.9,0.36
2021-03-18,Chile,Los Lagos,31.98,265,10,1.21,57039,728,1.28,6882.88,87.85,6.88,828708,255.34,-8.69,1002.54,-8.57
2021-03-17,Chile,Los Lagos,28.36,235,0,0.0,56774,718,1.26,6850.91,86.64,6.85,828708,264.03,3.5,1011.11,1.09
2021-03-16,Chile,Los Lagos,32.34,268,0,0.0,56539,718,1.27,6822.55,86.64,6.82,828708,260.53,-1.69,1010.02,7.36
2021-03-15,Chile,Los Lagos,31.49,261,10,1.21,56271,718,1.28,6790.21,86.64,6.79,828708,262.22,-6.88,1002.66,-8.21
2021-03-14,Chile,Los Lagos,38.01,315,2,0.24,56010,708,1.26,6758.71,85.43,6.76,828708,269.1,-7.12,1010.87,-8.33
2021-03-13,Chile,Los Lagos,46.82,388,8,0.97,55695,706,1.27,6720.7,85.19,6.72,828708,276.22,-2.05,1019.2,-0.12
2021-03-12,Chile,Los Lagos,46.34,384,7,0.84,55307,698,1.26,6673.88,84.23,6.67,828708,278.27,-6.03,1019.32,-1.32
2021-03-11,Chile,Los Lagos,40.67,337,14,1.69,54923,691,1.26,6627.55,83.38,6.63,828708,284.3,1.21,1020.64,-2.05
2021-03-10,Chile,Los Lagos,24.86,206,0,0.0,54586,677,1.24,6586.88,81.69,6.59,828708,283.09,-2.17,1022.69,-2.89
2021-03-09,Chile,Los Lagos,34.03,282,1,0.12,54380,677,1.24,6562.02,81.69,6.56,828708,285.26,13.76,1025.58,-4.34
2021-03-08,Chile,Los Lagos,38.37,318,8,0.97,54098,676,1.25,6527.99,81.57,6.53,828708,271.5,0.96,1029.92,-6.16
2021-03-07,Chile,Los Lagos,45.13,374,7,0.84,53780,668,1.24,6489.62,80.61,6.49,828708,270.54,10.86,1036.08,-7.24
2021-03-06,Chile,Los Lagos,48.87,405,6,0.72,53406,661,1.24,6444.49,79.76,6.44,828708,259.68,0.6,1043.32,-12.19
2021-03-05,Chile,Los Lagos,52.37,434,8,0.97,53001,655,1.24,6395.62,79.04,6.4,828708,259.08,15.45,1055.51,-2.9
2021-03-04,Chile,Los Lagos,39.46,327,12,1.45,52567,647,1.23,6343.25,78.07,6.34,828708,243.63,0.36,1058.41,-16.53
2021-03-03,Chile,Los Lagos,27.03,224,0,0.0,52240,635,1.22,6303.79,76.63,6.3,828708,243.27,1.33,1074.94,-9.89
2021-03-02,Chile,Los Lagos,20.27,168,0,0.0,52016,635,1.22,6276.76,76.63,6.28,828708,241.94,3.13,1084.83,-17.98
2021-03-01,Chile,Los Lagos,37.41,310,10,1.21,51848,635,1.22,6256.49,76.63,6.26,828708,238.81,7.6,1102.81,-29.56
2021-02-28,Chile,Los Lagos,34.27,284,16,1.93,51538,625,1.21,6219.08,75.42,6.22,828708,231.21,4.83,1132.37,-35.84
2021-02-27,Chile,Los Lagos,48.27,400,7,0.84,51254,609,1.19,6184.81,73.49,6.18,828708,226.38,7.72,1168.21,-21.36
2021-02-26,Chile,Los Lagos,36.92,306,9,1.09,50854,602,1.18,6136.54,72.64,6.14,828708,218.66,-0.61,1189.57,-42.48
2021-02-25,Chile,Los Lagos,39.1,324,13,1.57,50548,593,1.17,6099.62,71.56,6.1,828708,219.27,-1.45,1232.05,-40.78
2021-02-24,Chile,Los Lagos,25.7,213,1,0.12,50224,580,1.15,6060.52,69.99,6.06,828708,220.72,-1.57,1272.83,-19.19
2021-02-23,Chile,Los Lagos,17.14,142,0,0.0,50011,579,1.16,6034.82,69.87,6.03,828708,222.29,-7.84,1292.02,-48.63
2021-02-22,Chile,Los Lagos,29.81,247,8,0.97,49869,579,1.16,6017.68,69.87,6.02,828708,230.13,-9.89,1340.65,-38.01
2021-02-21,Chile,Los Lagos,29.44,244,5,0.6,49622,571,1.15,5987.88,68.9,5.99,828708,240.02,-16.9,1378.66,-55.99
2021-02-20,Chile,Los Lagos,40.55,336,8,0.97,49378,566,1.15,5958.43,68.3,5.96,828708,256.92,-6.39,1434.65,-61.66
2021-02-19,Chile,Los Lagos,37.53,311,6,0.72,49042,558,1.14,5917.89,67.33,5.92,828708,263.31,-10.13,1496.31,-53.33
2021-02-18,Chile,Los Lagos,40.55,336,15,1.81,48731,552,1.13,5880.36,66.61,5.88,828708,273.44,-2.17,1549.64,-29.92
2021-02-17,Chile,Los Lagos,27.27,226,0,0.0,48395,537,1.11,5839.81,64.8,5.84,828708,275.61,-0.48,1579.56,-41.51
2021-02-16,Chile,Los Lagos,24.98,207,0,0.0,48169,537,1.11,5812.54,64.8,5.81,828708,276.09,-13.39,1621.07,-29.92
2021-02-15,Chile,Los Lagos,39.7,329,12,1.45,47962,537,1.12,5787.56,64.8,5.79,828708,289.48,-4.83,1650.99,-22.81
2021-02-14,Chile,Los Lagos,46.34,384,11,1.33,47633,525,1.1,5747.86,63.35,5.75,828708,294.31,-6.03,1673.8,-33.3
2021-02-13,Chile,Los Lagos,46.94,389,11,1.33,47249,514,1.09,5701.53,62.02,5.7,828708,300.34,-14.12,1707.1,-27.88
2021-02-12,Chile,Los Lagos,47.66,395,5,0.6,46860,503,1.07,5654.59,60.7,5.65,828708,314.46,-7.61,1734.98,-33.19
2021-02-11,Chile,Los Lagos,42.72,354,17,2.05,46465,498,1.07,5606.92,60.09,5.61,828708,322.07,-13.27,1768.17,-24.98
2021-02-10,Chile,Los Lagos,27.75,230,0,0.0,46111,481,1.04,5564.2,58.04,5.56,828708,335.34,-9.17,1793.15,-41.76
2021-02-09,Chile,Los Lagos,38.37,318,0,0.0,45881,481,1.05,5536.45,58.04,5.54,828708,344.51,0.12,1834.91,-8.69
2021-02-08,Chile,Los Lagos,44.53,369,15,1.81,45563,481,1.06,5498.08,58.04,5.5,828708,344.39,-22.44,1843.6,-28.84
2021-02-07,Chile,Los Lagos,52.37,434,5,0.6,45194,466,1.03,5453.55,56.23,5.45,828708,366.83,-17.74,1872.44,-11.71
2021-02-06,Chile,Los Lagos,61.06,506,13,1.57,44760,461,1.03,5401.18,55.63,5.4,828708,384.57,-8.57,1884.15,-12.55
2021-02-05,Chile,Los Lagos,55.27,458,8,0.97,44254,448,1.01,5340.12,54.06,5.34,828708,393.14,-24.13,1896.7,-3.01
2021-02-04,Chile,Los Lagos,55.99,464,18,2.17,43796,440,1.0,5284.85,53.09,5.28,828708,417.27,-23.89,1899.71,-1.21
2021-02-03,Chile,Los Lagos,36.92,306,0,0.0,43332,422,0.97,5228.86,50.92,5.23,828708,441.16,-7.97,1900.92,5.79
2021-02-02,Chile,Los Lagos,38.25,317,0,0.0,43026,422,0.98,5191.94,50.92,5.19,828708,449.13,-27.52,1895.13,17.01
2021-02-01,Chile,Los Lagos,66.97,555,13,1.57,42709,422,0.99,5153.69,50.92,5.15,828708,476.65,-0.85,1878.12,28.96
2021-01-31,Chile,Los Lagos,70.11,581,12,1.45,42154,409,0.97,5086.71,49.35,5.09,828708,477.5,-15.32,1849.16,49.48
2021-01-30,Chile,Los Lagos,69.63,577,5,0.6,41573,397,0.95,5016.6,47.91,5.02,828708,492.82,-32.58,1799.68,10.62
2021-01-29,Chile,Los Lagos,79.4,658,12,1.45,40996,392,0.96,4946.98,47.3,4.95,828708,525.4,-11.46,1789.06,36.44
2021-01-28,Chile,Los Lagos,79.88,662,14,1.69,40338,380,0.94,4867.58,45.85,4.87,828708,536.86,9.41,1752.62,47.66
2021-01-27,Chile,Los Lagos,44.89,372,0,0.0,39676,366,0.92,4787.69,44.17,4.79,828708,527.45,-23.89,1704.96,29.2
2021-01-26,Chile,Los Lagos,65.77,545,0,0.0,39304,366,0.93,4742.8,44.17,4.74,828708,551.34,10.87,1675.76,42.36
2021-01-25,Chile,Los Lagos,67.82,562,7,0.84,38759,366,0.94,4677.04,44.17,4.68,828708,540.47,5.31,1633.4,46.34
2021-01-24,Chile,Los Lagos,85.43,708,8,0.97,38197,359,0.94,4609.22,43.32,4.61,828708,535.16,5.79,1587.06,63.83
2021-01-23,Chile,Los Lagos,102.21,847,7,0.84,37489,351,0.94,4523.79,42.36,4.52,828708,529.37,27.39,1523.23,67.58
2021-01-22,Chile,Los Lagos,90.86,753,6,0.72,36642,344,0.94,4421.58,41.51,4.42,828708,501.98,10.01,1455.65,57.43
2021-01-21,Chile,Los Lagos,70.47,584,19,2.29,35889,338,0.94,4330.72,40.79,4.33,828708,491.97,2.77,1398.22,49.47
2021-01-20,Chile,Los Lagos,68.78,570,0,0.0,35305,319,0.9,4260.25,38.49,4.26,828708,489.2,-0.73,1348.75,46.09
2021-01-19,Chile,Los Lagos,54.9,455,1,0.12,34735,319,0.92,4191.46,38.49,4.19,828708,489.93,7.84,1302.66,32.7
2021-01-18,Chile,Los Lagos,62.51,518,8,0.97,34280,318,0.93,4136.56,38.37,4.14,828708,482.09,-10.86,1269.96,43.32
2021-01-17,Chile,Los Lagos,79.64,660,4,0.48,33762,310,0.92,4074.05,37.41,4.07,828708,492.95,15.56,1226.64,53.7
2021-01-16,Chile,Los Lagos,74.82,620,5,0.6,33102,306,0.92,3994.41,36.92,3.99,828708,477.39,1.21,1172.94,54.55
2021-01-15,Chile,Los Lagos,80.85,670,7,0.84,32482,301,0.93,3919.6,36.32,3.92,828708,476.18,22.57,1118.39,61.42
2021-01-14,Chile,Los Lagos,67.7,561,2,0.24,31812,294,0.92,3838.75,35.48,3.84,828708,453.61,10.5,1056.97,42.0
2021-01-13,Chile,Los Lagos,69.51,576,3,0.36,31251,292,0.93,3771.05,35.24,3.77,828708,443.11,38.38,1014.97,58.29
2021-01-12,Chile,Los Lagos,47.06,390,0,0.0,30675,289,0.94,3701.55,34.87,3.7,828708,404.73,25.82,956.68,34.15
2021-01-11,Chile,Los Lagos,73.37,608,8,0.97,30285,289,0.95,3654.48,34.87,3.65,828708,378.91,35.36,922.53,58.29
2021-01-10,Chile,Los Lagos,64.08,531,2,0.24,29677,281,0.95,3581.12,33.91,3.58,828708,343.55,43.45,864.24,43.69
2021-01-09,Chile,Los Lagos,73.61,610,1,0.12,29146,279,0.96,3517.04,33.67,3.52,828708,300.1,14.6,820.55,49.48
2021-01-08,Chile,Los Lagos,58.28,483,2,0.24,28536,278,0.97,3443.43,33.55,3.44,828708,285.5,15.32,771.07,46.09
2021-01-07,Chile,Los Lagos,57.2,474,7,0.84,28053,276,0.98,3385.15,33.3,3.39,828708,270.18,24.98,724.98,31.38
2021-01-06,Chile,Los Lagos,31.13,258,0,0.0,27579,269,0.98,3327.95,32.46,3.33,828708,245.2,15.44,693.6,18.7
2021-01-05,Chile,Los Lagos,21.24,176,0,0.0,27321,269,0.98,3296.82,32.46,3.3,828708,229.76,-2.17,674.9,7.6
2021-01-04,Chile,Los Lagos,38.01,315,0,0.0,27145,269,0.99,3275.58,32.46,3.28,828708,231.93,16.53,667.3,19.91
2021-01-03,Chile,Los Lagos,20.63,171,2,0.24,26830,269,1.0,3237.57,32.46,3.24,828708,215.4,-0.97,647.39,2.05
2021-01-02,Chile,Los Lagos,59.01,489,4,0.48,26659,267,1.0,3216.94,32.22,3.22,828708,216.37,24.38,645.34,40.43
2021-01-01,Chile,Los Lagos,42.96,356,1,0.12,26170,263,1.0,3157.93,31.74,3.16,828708,191.99,9.53,604.91,22.93
2020-12-31,Chile,Los Lagos,32.22,267,6,0.72,25814,262,1.01,3114.97,31.62,3.11,828708,182.46,11.22,581.98,16.05
2020-12-30,Chile,Los Lagos,15.69,130,0,0.0,25547,256,1.0,3082.75,30.89,3.08,828708,171.24,-7.0,565.93,5.92
2020-12-29,Chile,Los Lagos,23.41,194,0,0.0,25417,256,1.01,3067.06,30.89,3.07,828708,178.24,1.21,560.01,10.26
2020-12-28,Chile,Los Lagos,21.48,178,0,0.0,25223,256,1.01,3043.65,30.89,3.04,828708,177.03,2.29,549.75,6.4
2020-12-27,Chile,Los Lagos,21.6,179,2,0.24,25045,256,1.02,3022.17,30.89,3.02,828708,174.74,-4.34,543.35,-0.97
2020-12-26,Chile,Los Lagos,34.63,287,2,0.24,24866,254,1.02,3000.57,30.65,3.0,828708,179.08,14.36,544.32,12.91
2020-12-25,Chile,Los Lagos,33.43,277,1,0.12,24579,252,1.03,2965.94,30.41,2.97,828708,164.72,14.0,531.41,13.88
2020-12-24,Chile,Los Lagos,21.0,174,4,0.48,24302,251,1.03,2932.52,30.29,2.93,828708,150.72,-4.7,517.53,-2.05
2020-12-23,Chile,Los Lagos,22.69,188,2,0.24,24128,247,1.02,2911.52,29.81,2.91,828708,155.42,11.47,519.58,12.19
2020-12-22,Chile,Los Lagos,22.2,184,0,0.0,23940,245,1.02,2888.83,29.56,2.89,828708,143.95,9.29,507.39,10.01
2020-12-21,Chile,Los Lagos,19.19,159,3,0.36,23756,245,1.03,2866.63,29.56,2.87,828708,134.66,4.11,497.38,-4.82
2020-12-20,Chile,Los Lagos,25.94,215,4,0.48,23597,242,1.03,2847.44,29.2,2.85,828708,130.55,5.55,502.2,0.24
2020-12-19,Chile,Los Lagos,20.27,168,2,0.24,23382,238,1.02,2821.5,28.72,2.82,828708,125.0,-3.86,501.96,-8.81
2020-12-18,Chile,Los Lagos,19.43,161,2,0.24,23214,236,1.02,2801.23,28.48,2.8,828708,128.86,7.24,510.77,-5.43
2020-12-17,Chile,Los Lagos,25.7,213,4,0.48,23053,234,1.02,2781.8,28.24,2.78,828708,121.62,-0.12,516.2,0.84
2020-12-16,Chile,Los Lagos,11.22,93,0,0.0,22840,230,1.01,2756.1,27.75,2.76,828708,121.74,-1.21,515.36,-4.71
2020-12-15,Chile,Los Lagos,12.91,107,0,0.0,22747,230,1.01,2744.88,27.75,2.74,828708,122.95,-0.73,520.07,-4.47
2020-12-14,Chile,Los Lagos,15.08,125,1,0.12,22640,230,1.02,2731.96,27.75,2.73,828708,123.68,-3.02,524.54,-15.93
2020-12-13,Chile,Los Lagos,20.39,169,3,0.36,22515,229,1.02,2716.88,27.63,2.72,828708,126.7,1.81,540.47,-13.64
2020-12-12,Chile,Los Lagos,24.13,200,3,0.36,22346,226,1.01,2696.49,27.27,2.7,828708,124.89,5.55,554.11,-5.43
2020-12-11,Chile,Los Lagos,12.19,101,0,0.0,22146,223,1.01,2672.35,26.91,2.67,828708,119.34,-7.84,559.54,-17.25
2020-12-10,Chile,Los Lagos,25.82,214,2,0.24,22045,223,1.01,2660.16,26.91,2.66,828708,127.18,9.65,576.79,-0.73
2020-12-09,Chile,Los Lagos,12.43,103,0,0.0,21831,221,1.01,2634.34,26.67,2.63,828708,117.53,2.66,577.52,-1.09
2020-12-08,Chile,Los Lagos,13.64,113,0,0.0,21728,221,1.02,2621.91,26.67,2.62,828708,114.87,0.49,578.61,-10.13
2020-12-07,Chile,Los Lagos,18.1,150,3,0.36,21615,221,1.02,2608.28,26.67,2.61,828708,114.38,3.02,588.74,-6.15
2020-12-06,Chile,Los Lagos,18.58,154,4,0.48,21465,218,1.02,2590.18,26.31,2.59,828708,111.36,-3.99,594.89,-4.23
2020-12-05,Chile,Los Lagos,18.58,154,1,0.12,21311,214,1.0,2571.59,25.82,2.57,828708,115.35,-3.14,599.12,-11.83
2020-12-04,Chile,Los Lagos,20.03,166,1,0.12,21157,213,1.01,2553.01,25.7,2.55,828708,118.49,0.48,610.95,-17.86
2020-12-03,Chile,Los Lagos,16.17,134,9,1.09,20991,212,1.01,2532.98,25.58,2.53,828708,118.01,-6.88,628.81,-2.78
2020-12-02,Chile,Los Lagos,9.77,81,0,0.0,20857,203,0.97,2516.81,24.5,2.52,828708,124.89,-0.73,631.59,-3.5
2020-12-01,Chile,Los Lagos,13.15,109,0,0.0,20776,203,0.98,2507.04,24.5,2.51,828708,125.62,0.96,635.09,-1.57
2020-11-30,Chile,Los Lagos,15.08,125,6,0.72,20667,203,0.98,2493.88,24.5,2.49,828708,124.66,-8.93,636.66,-12.19
2020-11-29,Chile,Los Lagos,22.57,187,2,0.24,20542,197,0.96,2478.8,23.77,2.48,828708,133.59,-3.13,648.85,-10.13
2020-11-28,Chile,Los Lagos,21.72,180,3,0.36,20355,195,0.96,2456.23,23.53,2.46,828708,136.72,-7.36,658.98,-3.14
2020-11-27,Chile,Los Lagos,19.55,162,6,0.72,20175,192,0.95,2434.51,23.17,2.43,828708,144.08,-5.31,662.12,-7.48
2020-11-26,Chile,Los Lagos,23.05,191,6,0.72,20013,186,0.93,2414.96,22.44,2.41,828708,149.39,-1.81,669.6,-2.53
2020-11-25,Chile,Los Lagos,10.5,87,0,0.0,19822,180,0.91,2391.92,21.72,2.39,828708,151.2,-5.43,672.13,-2.17
2020-11-24,Chile,Los Lagos,12.19,101,0,0.0,19735,180,0.91,2381.42,21.72,2.38,828708,156.63,-5.19,674.3,-6.76
2020-11-23,Chile,Los Lagos,24.01,199,6,0.72,19634,180,0.92,2369.23,21.72,2.37,828708,161.82,-7.0,681.06,0.72
2020-11-22,Chile,Los Lagos,25.7,213,3,0.36,19435,174,0.9,2345.22,21.0,2.35,828708,168.82,-8.33,680.34,-3.02
2020-11-21,Chile,Los Lagos,29.08,241,0,0.0,19222,171,0.89,2319.51,20.63,2.32,828708,177.15,-0.48,683.36,2.41
2020-11-20,Chile,Los Lagos,24.86,206,4,0.48,18981,171,0.9,2290.43,20.63,2.29,828708,177.63,-4.58,680.95,-6.63
2020-11-19,Chile,Los Lagos,24.86,206,5,0.6,18775,167,0.89,2265.57,20.15,2.27,828708,182.21,-1.69,687.58,-3.14
2020-11-18,Chile,Los Lagos,15.93,132,0,0.0,18569,162,0.87,2240.72,19.55,2.24,828708,183.9,2.41,690.72,-1.93
2020-11-17,Chile,Los Lagos,17.38,144,0,0.0,18437,162,0.88,2224.79,19.55,2.22,828708,181.49,-6.39,692.65,2.3
2020-11-16,Chile,Los Lagos,31.01,257,1,0.12,18293,162,0.89,2207.41,19.55,2.21,828708,187.88,6.76,690.35,10.38
2020-11-15,Chile,Los Lagos,34.03,282,3,0.36,18036,161,0.89,2176.4,19.43,2.18,828708,181.12,11.22,679.97,5.55
2020-11-14,Chile,Los Lagos,29.56,245,4,0.48,17754,158,0.89,2142.37,19.07,2.14,828708,169.9,-0.85,674.42,0.72
2020-11-13,Chile,Los Lagos,29.44,244,5,0.6,17509,154,0.88,2112.81,18.58,2.11,828708,170.75,-8.45,673.7,0.12
2020-11-12,Chile,Los Lagos,26.55,220,4,0.48,17265,149,0.86,2083.36,17.98,2.08,828708,179.2,7.6,673.58,11.59
2020-11-11,Chile,Los Lagos,13.52,112,0,0.0,17045,145,0.85,2056.82,17.5,2.06,828708,171.6,0.25,661.99,-0.36
2020-11-10,Chile,Los Lagos,23.77,197,0,0.0,16933,145,0.86,2043.3,17.5,2.04,828708,171.35,9.05,662.35,-0.24
2020-11-09,Chile,Los Lagos,24.25,201,5,0.6,16736,145,0.87,2019.53,17.5,2.02,828708,162.3,-3.02,662.59,8.56
2020-11-08,Chile,Los Lagos,22.81,189,1,0.12,16535,140,0.85,1995.27,16.89,2.0,828708,165.32,-9.89,654.03,-3.98
2020-11-07,Chile,Los Lagos,30.41,252,2,0.24,16346,139,0.85,1972.47,16.77,1.97,828708,175.21,5.55,658.01,8.81
2020-11-06,Chile,Los Lagos,37.89,314,2,0.24,16094,137,0.85,1942.06,16.53,1.94,828708,169.66,10.86,649.2,21.24
2020-11-05,Chile,Los Lagos,18.95,157,4,0.48,15780,135,0.86,1904.17,16.29,1.9,828708,158.8,-6.63,627.96,3.02
2020-11-04,Chile,Los Lagos,13.27,110,0,0.0,15623,131,0.84,1885.22,15.81,1.89,828708,165.43,0.6,624.94,2.41
2020-11-03,Chile,Los Lagos,14.72,122,0,0.0,15513,131,0.84,1871.95,15.81,1.87,828708,164.83,-4.23,622.53,-6.88
2020-11-02,Chile,Los Lagos,27.27,226,1,0.12,15391,131,0.85,1857.23,15.81,1.86,828708,169.06,3.98,629.41,5.67
2020-11-01,Chile,Los Lagos,32.7,271,0,0.0,15165,130,0.86,1829.96,15.69,1.83,828708,165.08,3.98,623.74,14.96
2020-10-31,Chile,Los Lagos,24.86,206,0,0.0,14894,130,0.87,1797.26,15.69,1.8,828708,161.1,-1.81,608.78,0.97
2020-10-30,Chile,Los Lagos,27.03,224,2,0.24,14688,130,0.89,1772.4,15.69,1.77,828708,162.91,-4.46,607.81,7.72
2020-10-29,Chile,Los Lagos,25.58,212,5,0.6,14464,128,0.88,1745.37,15.45,1.75,828708,167.37,-2.42,600.09,9.77
2020-10-28,Chile,Los Lagos,12.67,105,0,0.0,14252,123,0.86,1719.79,14.84,1.72,828708,169.79,-5.19,590.32,4.22
2020-10-27,Chile,Los Lagos,18.95,157,0,0.0,14147,123,0.87,1707.12,14.84,1.71,828708,174.98,3.87,586.1,-0.36
2020-10-26,Chile,Los Lagos,23.29,193,1,0.12,13990,123,0.88,1688.17,14.84,1.69,828708,171.11,2.66,586.46,2.9
2020-10-25,Chile,Los Lagos,28.72,238,3,0.36,13797,122,0.88,1664.88,14.72,1.66,828708,168.45,0.24,583.56,8.57
2020-10-24,Chile,Los Lagos,26.67,221,3,0.36,13559,119,0.88,1636.16,14.36,1.64,828708,168.21,-2.17,574.99,10.02
2020-10-23,Chile,Los Lagos,31.49,261,0,0.0,13338,116,0.87,1609.49,14.0,1.61,828708,170.38,2.17,564.97,4.7
2020-10-22,Chile,Los Lagos,28.0,232,1,0.12,13077,116,0.89,1578.0,14.0,1.58,828708,168.21,13.04,560.27,16.05
2020-10-21,Chile,Los Lagos,17.86,148,0,0.0,12845,115,0.9,1550.0,13.88,1.55,828708,155.17,3.98,544.22,10.98
2020-10-20,Chile,Los Lagos,15.08,125,0,0.0,12697,115,0.91,1532.14,13.88,1.53,828708,151.19,-8.93,533.24,8.56
2020-10-19,Chile,Los Lagos,20.63,171,2,0.24,12572,115,0.91,1517.06,13.88,1.52,828708,160.12,4.94,524.68,16.17
2020-10-18,Chile,Los Lagos,28.48,236,0,0.0,12401,113,0.91,1496.43,13.64,1.5,828708,155.18,1.69,508.51,16.29
2020-10-17,Chile,Los Lagos,28.84,239,2,0.24,12165,113,0.93,1467.95,13.64,1.47,828708,153.49,7.24,492.22,4.83
2020-10-16,Chile,Los Lagos,29.32,243,6,0.72,11926,111,0.93,1439.11,13.39,1.44,828708,146.25,12.67,487.39,20.75
2020-10-15,Chile,Los Lagos,14.96,124,0,0.0,11683,105,0.9,1409.78,12.67,1.41,828708,133.58,-0.97,466.64,2.89
2020-10-14,Chile,Los Lagos,13.88,115,0,0.0,11559,105,0.91,1394.82,12.67,1.39,828708,134.55,3.02,463.75,9.29
2020-10-13,Chile,Los Lagos,24.01,199,0,0.0,11444,105,0.92,1380.94,12.67,1.38,828708,131.53,2.41,454.46,12.55
2020-10-12,Chile,Los Lagos,15.69,130,2,0.24,11245,105,0.93,1356.93,12.67,1.36,828708,129.12,-5.91,441.91,7.97
2020-10-11,Chile,Los Lagos,26.79,222,0,0.0,11115,103,0.93,1341.24,12.43,1.34,828708,135.03,9.05,433.94,18.95
2020-10-10,Chile,Los Lagos,21.6,179,1,0.12,10893,103,0.95,1314.46,12.43,1.31,828708,125.98,-2.29,414.99,11.71
2020-10-09,Chile,Los Lagos,16.65,138,1,0.12,10714,102,0.95,1292.86,12.31,1.29,828708,128.27,-2.66,403.28,3.38
2020-10-08,Chile,Los Lagos,15.93,132,1,0.12,10576,101,0.95,1276.2,12.19,1.28,828708,130.93,0.12,399.9,11.47
2020-10-07,Chile,Los Lagos,10.86,90,0,0.0,10444,100,0.96,1260.28,12.07,1.26,828708,130.81,2.41,388.43,4.1
2020-10-06,Chile,Los Lagos,21.6,179,0,0.0,10354,100,0.97,1249.41,12.07,1.25,828708,128.4,2.29,384.33,17.62
2020-10-05,Chile,Los Lagos,21.6,179,2,0.24,10175,100,0.98,1227.81,12.07,1.23,828708,126.11,1.21,366.71,15.93
2020-10-04,Chile,Los Lagos,17.74,147,1,0.12,9996,98,0.98,1206.21,11.83,1.21,828708,124.9,-2.41,350.78,0.85
2020-10-03,Chile,Los Lagos,23.89,198,1,0.12,9849,97,0.98,1188.48,11.7,1.19,828708,127.31,7.24,349.93,13.27
2020-10-02,Chile,Los Lagos,19.31,160,0,0.0,9651,96,0.99,1164.58,11.58,1.16,828708,120.07,-7.48,336.66,11.23
2020-10-01,Chile,Los Lagos,15.81,131,1,0.12,9491,96,1.01,1145.28,11.58,1.15,828708,127.55,3.86,325.43,9.66
2020-09-30,Chile,Los Lagos,8.45,70,0,0.0,9360,95,1.01,1129.47,11.46,1.13,828708,123.69,1.57,315.77,-1.69
2020-09-29,Chile,Los Lagos,19.31,160,0,0.0,9290,95,1.02,1121.02,11.46,1.12,828708,122.12,12.79,317.46,13.16
2020-09-28,Chile,Los Lagos,20.39,169,1,0.12,9130,95,1.04,1101.71,11.46,1.1,828708,109.33,15.93,304.3,14.24
2020-09-27,Chile,Los Lagos,20.15,167,0,0.0,8961,94,1.05,1081.32,11.34,1.08,828708,93.4,7.96,290.06,7.0
2020-09-26,Chile,Los Lagos,16.65,138,2,0.24,8794,94,1.07,1061.17,11.34,1.06,828708,85.44,-7.36,283.06,8.32
2020-09-25,Chile,Los Lagos,26.79,222,1,0.12,8656,92,1.06,1044.52,11.1,1.04,828708,92.8,18.22,274.74,13.64
2020-09-24,Chile,Los Lagos,11.95,99,4,0.48,8434,91,1.08,1017.73,10.98,1.02,828708,74.58,-0.12,261.1,6.04
2020-09-23,Chile,Los Lagos,6.88,57,0,0.0,8335,87,1.04,1005.78,10.5,1.01,828708,74.7,2.29,255.06,-0.84
2020-09-22,Chile,Los Lagos,6.52,54,0,0.0,8278,87,1.05,998.9,10.5,1.0,828708,72.41,-4.94,255.9,1.81
2020-09-21,Chile,Los Lagos,4.46,37,0,0.0,8224,87,1.06,992.39,10.5,0.99,828708,77.35,-3.26,254.09,-2.3
2020-09-20,Chile,Los Lagos,12.19,101,2,0.24,8187,87,1.06,987.92,10.5,0.99,828708,80.61,4.35,256.39,0.36
2020-09-19,Chile,Los Lagos,24.01,199,1,0.12,8086,85,1.05,975.74,10.26,0.98,828708,76.26,14.12,256.03,15.56
2020-09-18,Chile,Los Lagos,8.57,71,0,0.0,7887,84,1.07,951.72,10.14,0.95,828708,62.14,-4.7,240.47,-1.69
2020-09-17,Chile,Los Lagos,12.07,100,3,0.36,7816,84,1.07,943.15,10.14,0.94,828708,66.84,7.61,242.16,0.12
2020-09-16,Chile,Los Lagos,4.59,38,0,0.0,7716,81,1.05,931.09,9.77,0.93,828708,59.23,-2.17,242.04,-2.29
2020-09-15,Chile,Los Lagos,11.46,95,0,0.0,7678,81,1.05,926.5,9.77,0.93,828708,61.4,7.48,244.33,3.74
2020-09-14,Chile,Los Lagos,7.72,64,3,0.36,7583,81,1.07,915.04,9.77,0.92,828708,53.92,2.05,240.59,1.93
2020-09-13,Chile,Los Lagos,7.84,65,1,0.12,7519,78,1.04,907.32,9.41,0.91,828708,51.87,-9.05,238.66,-7.0
2020-09-12,Chile,Los Lagos,9.89,82,1,0.12,7454,77,1.03,899.47,9.29,0.9,828708,60.92,-0.73,245.66,-1.21
2020-09-11,Chile,Los Lagos,13.27,110,2,0.24,7372,76,1.03,889.58,9.17,0.89,828708,61.65,5.19,246.87,0.96
2020-09-10,Chile,Los Lagos,4.46,37,2,0.24,7262,74,1.02,876.3,8.93,0.88,828708,56.46,-1.69,245.91,-4.59
2020-09-09,Chile,Los Lagos,6.76,56,0,0.0,7225,72,1.0,871.84,8.69,0.87,828708,58.15,-3.38,250.5,-4.82
2020-09-08,Chile,Los Lagos,3.98,33,0,0.0,7169,72,1.0,865.08,8.69,0.87,828708,61.53,-2.17,255.32,-1.93
2020-09-07,Chile,Los Lagos,5.67,47,0,0.0,7136,72,1.01,861.1,8.69,0.86,828708,63.7,-0.48,257.25,-3.02
2020-09-06,Chile,Los Lagos,16.89,140,0,0.0,7089,72,1.02,855.43,8.69,0.86,828708,64.18,3.74,260.27,1.44
2020-09-05,Chile,Los Lagos,10.62,88,0,0.0,6949,72,1.04,838.53,8.69,0.84,828708,60.44,2.29,258.83,-3.14
2020-09-04,Chile,Los Lagos,8.08,67,2,0.24,6861,72,1.05,827.92,8.69,0.83,828708,58.15,-5.07,261.97,-8.57
2020-09-03,Chile,Los Lagos,6.15,51,2,0.24,6794,70,1.03,819.83,8.45,0.82,828708,63.22,0.24,270.54,-5.43
2020-09-02,Chile,Los Lagos,10.14,84,0,0.0,6743,68,1.01,813.68,8.21,0.81,828708,62.98,2.42,275.97,-0.96
2020-09-01,Chile,Los Lagos,6.15,51,0,0.0,6659,68,1.02,803.54,8.21,0.8,828708,60.56,1.44,276.93,-8.69
2020-08-31,Chile,Los Lagos,6.15,51,1,0.12,6608,68,1.03,797.39,8.21,0.8,828708,59.12,-0.61,285.62,-1.33
2020-08-30,Chile,Los Lagos,13.15,109,0,0.0,6557,67,1.02,791.23,8.08,0.79,828708,59.73,1.32,286.95,-2.78
2020-08-29,Chile,Los Lagos,8.33,69,1,0.12,6448,67,1.04,778.08,8.08,0.78,828708,58.41,-0.12,289.73,-8.56
2020-08-28,Chile,Los Lagos,13.15,109,0,0.0,6379,66,1.03,769.75,7.96,0.77,828708,58.53,2.89,298.29,-1.57
2020-08-27,Chile,Los Lagos,5.91,49,0,0.0,6270,66,1.05,756.6,7.96,0.76,828708,55.64,-6.04,299.86,-4.11
2020-08-26,Chile,Los Lagos,7.72,64,0,0.0,6221,66,1.06,750.69,7.96,0.75,828708,61.68,0.84,303.97,-0.36
2020-08-25,Chile,Los Lagos,4.71,39,0,0.0,6157,66,1.07,742.96,7.96,0.74,828708,60.84,-3.01,304.33,-8.68
2020-08-24,Chile,Los Lagos,6.76,56,3,0.36,6118,66,1.08,738.26,7.96,0.74,828708,63.85,0.97,313.01,-7.96
2020-08-23,Chile,Los Lagos,11.83,98,0,0.0,6062,63,1.04,731.5,7.6,0.73,828708,62.88,-3.01,320.97,-5.18
2020-08-22,Chile,Los Lagos,8.45,70,2,0.24,5964,63,1.06,719.67,7.6,0.72,828708,65.89,-2.65,326.15,-7.48
2020-08-21,Chile,Los Lagos,10.26,85,1,0.12,5894,61,1.03,711.23,7.36,0.71,828708,68.54,-2.05,333.63,-4.34
2020-08-20,Chile,Los Lagos,11.95,99,3,0.36,5809,60,1.03,700.97,7.24,0.7,828708,70.59,2.9,337.97,2.9
2020-08-19,Chile,Los Lagos,6.88,57,0,0.0,5710,57,1.0,689.02,6.88,0.69,828708,67.69,-4.7,335.07,-1.93
2020-08-18,Chile,Los Lagos,7.72,64,0,0.0,5653,57,1.01,682.15,6.88,0.68,828708,72.39,1.81,337.0,-1.33
2020-08-17,Chile,Los Lagos,5.79,48,1,0.12,5589,57,1.02,674.42,6.88,0.67,828708,70.58,-2.9,338.33,2.89
2020-08-16,Chile,Los Lagos,14.84,123,0,0.0,5541,56,1.01,668.63,6.76,0.67,828708,73.48,-0.61,335.44,2.89
2020-08-15,Chile,Los Lagos,11.1,92,0,0.0,5418,56,1.03,653.79,6.76,0.65,828708,74.09,-2.66,332.55,7.12
2020-08-14,Chile,Los Lagos,12.31,102,2,0.24,5326,56,1.05,642.69,6.76,0.64,828708,76.75,-4.34,325.43,4.47
2020-08-13,Chile,Los Lagos,9.05,75,0,0.0,5224,54,1.03,630.38,6.52,0.63,828708,81.09,-2.53,320.96,-3.98
2020-08-12,Chile,Los Lagos,11.58,96,0,0.0,5149,54,1.05,621.33,6.52,0.62,828708,83.62,0.48,324.94,5.06
2020-08-11,Chile,Los Lagos,5.91,49,0,0.0,5053,54,1.07,609.74,6.52,0.61,828708,83.14,-8.93,319.88,-2.66
2020-08-10,Chile,Los Lagos,8.69,72,0,0.0,5004,54,1.08,603.83,6.52,0.6,828708,92.07,1.21,322.54,3.26
2020-08-09,Chile,Los Lagos,15.45,128,2,0.24,4932,54,1.09,595.14,6.52,0.6,828708,90.86,-0.48,319.28,7.73
2020-08-08,Chile,Los Lagos,13.76,114,1,0.12,4804,52,1.08,579.7,6.27,0.58,828708,91.34,-3.13,311.55,4.59
2020-08-07,Chile,Los Lagos,16.65,138,2,0.24,4690,51,1.09,565.94,6.15,0.57,828708,94.47,1.93,306.96,10.98
2020-08-06,Chile,Los Lagos,11.58,96,6,0.72,4552,49,1.08,549.29,5.91,0.55,828708,92.54,1.56,295.98,5.31
2020-08-05,Chile,Los Lagos,11.1,92,0,0.0,4456,43,0.96,537.7,5.19,0.54,828708,90.98,3.02,290.67,2.77
2020-08-04,Chile,Los Lagos,14.84,123,1,0.12,4364,43,0.99,526.6,5.19,0.53,828708,87.96,1.45,287.9,12.19
2020-08-03,Chile,Los Lagos,7.48,62,0,0.0,4241,42,0.99,511.76,5.07,0.51,828708,86.51,-7.24,275.71,4.34
2020-08-02,Chile,Los Lagos,15.93,132,1,0.12,4179,42,1.01,504.28,5.07,0.5,828708,93.75,-1.08,271.37,7.0
2020-08-01,Chile,Los Lagos,16.89,140,2,0.24,4047,41,1.01,488.35,4.95,0.49,828708,94.83,0.96,264.37,10.86
2020-07-31,Chile,Los Lagos,14.72,122,3,0.36,3907,39,1.0,471.46,4.71,0.47,828708,93.87,0.12,253.51,6.03
2020-07-30,Chile,Los Lagos,10.02,83,2,0.24,3785,36,0.95,456.74,4.34,0.46,828708,93.75,0.97,247.48,3.99
2020-07-29,Chile,Los Lagos,8.08,67,0,0.0,3702,34,0.92,446.72,4.1,0.45,828708,92.78,-0.73,243.49,4.7
2020-07-28,Chile,Los Lagos,13.39,111,0,0.0,3635,34,0.94,438.63,4.1,0.44,828708,93.51,4.34,238.79,11.7
2020-07-27,Chile,Los Lagos,14.72,122,0,0.0,3524,34,0.96,425.24,4.1,0.43,828708,89.17,11.82,227.09,10.74
2020-07-26,Chile,Los Lagos,17.01,141,1,0.12,3402,34,1.0,410.52,4.1,0.41,828708,77.35,5.06,216.35,12.67
2020-07-25,Chile,Los Lagos,15.93,132,0,0.0,3261,33,1.01,393.5,3.98,0.39,828708,72.29,11.95,203.68,12.07
2020-07-24,Chile,Los Lagos,14.6,121,0,0.0,3129,33,1.05,377.58,3.98,0.38,828708,60.34,6.76,191.61,10.26
2020-07-23,Chile,Los Lagos,9.05,75,1,0.12,3008,33,1.1,362.97,3.98,0.36,828708,53.58,-3.98,181.35,6.4
2020-07-22,Chile,Los Lagos,8.81,73,0,0.0,2933,32,1.09,353.92,3.86,0.35,828708,57.56,2.29,174.95,6.76
2020-07-21,Chile,Los Lagos,9.05,75,0,0.0,2860,32,1.12,345.12,3.86,0.35,828708,55.27,0.48,168.19,5.55
2020-07-20,Chile,Los Lagos,2.9,24,0,0.0,2785,32,1.15,336.07,3.86,0.34,828708,54.79,-2.53,162.64,-3.37
2020-07-19,Chile,Los Lagos,11.95,99,0,0.0,2761,32,1.16,333.17,3.86,0.33,828708,57.32,4.23,166.01,5.92
2020-07-18,Chile,Los Lagos,3.98,33,2,0.24,2662,32,1.2,321.22,3.86,0.32,828708,53.09,-5.19,160.09,-0.48
2020-07-17,Chile,Los Lagos,7.84,65,5,0.6,2629,30,1.14,317.24,3.62,0.32,828708,58.28,2.17,160.57,3.62
2020-07-16,Chile,Los Lagos,13.03,108,1,0.12,2564,25,0.98,309.4,3.02,0.31,828708,56.11,6.76,156.95,11.34
2020-07-15,Chile,Los Lagos,6.52,54,1,0.12,2456,24,0.98,296.36,2.9,0.3,828708,49.35,-1.81,145.61,-2.05
2020-07-14,Chile,Los Lagos,8.57,71,0,0.0,2402,23,0.96,289.85,2.78,0.29,828708,51.16,5.92,147.66,7.36
2020-07-13,Chile,Los Lagos,5.43,45,0,0.0,2331,23,0.99,281.28,2.78,0.28,828708,45.24,2.29,140.3,2.17
2020-07-12,Chile,Los Lagos,7.72,64,1,0.12,2286,23,1.01,275.85,2.78,0.28,828708,42.95,-1.21,138.13,3.74
2020-07-11,Chile,Los Lagos,9.17,76,0,0.0,2222,22,0.99,268.13,2.65,0.27,828708,44.16,3.14,134.39,6.15
2020-07-10,Chile,Los Lagos,5.67,47,0,0.0,2146,22,1.03,258.96,2.65,0.26,828708,41.02,-3.02,128.24,3.14
2020-07-09,Chile,Los Lagos,6.27,52,1,0.12,2099,22,1.05,253.29,2.65,0.25,828708,44.04,0.24,125.1,3.74
2020-07-08,Chile,Los Lagos,8.33,69,0,0.0,2047,21,1.03,247.01,2.53,0.25,828708,43.8,4.95,121.36,6.76
2020-07-07,Chile,Los Lagos,2.65,22,0,0.0,1978,21,1.06,238.68,2.53,0.24,828708,38.85,0.96,114.6,0.48
2020-07-06,Chile,Los Lagos,3.14,26,0,0.0,1956,21,1.07,236.03,2.53,0.24,828708,37.89,-0.84,114.12,2.3
2020-07-05,Chile,Los Lagos,8.93,74,0,0.0,1930,21,1.09,232.89,2.53,0.23,828708,38.73,4.59,111.82,6.76
2020-07-04,Chile,Los Lagos,6.03,50,0,0.0,1856,21,1.13,223.96,2.53,0.22,828708,34.14,2.17,105.06,3.98
2020-07-03,Chile,Los Lagos,8.69,72,0,0.0,1806,21,1.16,217.93,2.53,0.22,828708,31.97,4.35,101.08,3.62
2020-07-02,Chile,Los Lagos,6.03,50,0,0.0,1734,21,1.21,209.24,2.53,0.21,828708,27.62,3.38,97.46,4.46
2020-07-01,Chile,Los Lagos,3.38,28,0,0.0,1684,21,1.25,203.21,2.53,0.2,828708,24.24,1.33,93.0,1.09
2020-06-30,Chile,Los Lagos,1.69,14,0,0.0,1656,21,1.27,199.83,2.53,0.2,828708,22.91,-1.81,91.91,-2.05
2020-06-29,Chile,Los Lagos,3.98,33,0,0.0,1642,21,1.28,198.14,2.53,0.2,828708,24.72,-2.29,93.96,3.98
2020-06-28,Chile,Los Lagos,4.34,36,1,0.12,1609,21,1.31,194.16,2.53,0.19,828708,27.01,-1.69,89.98,3.98
2020-06-27,Chile,Los Lagos,3.86,32,0,0.0,1573,20,1.27,189.81,2.41,0.19,828708,28.7,-0.6,86.0,-0.73
2020-06-26,Chile,Los Lagos,4.34,36,1,0.12,1541,20,1.3,185.95,2.41,0.19,828708,29.3,0.12,86.73,3.37
2020-06-25,Chile,Los Lagos,2.65,22,1,0.12,1505,19,1.26,181.61,2.29,0.18,828708,29.18,0.96,83.36,-0.13
2020-06-24,Chile,Los Lagos,2.05,17,1,0.12,1483,18,1.21,178.95,2.17,0.18,828708,28.22,-6.52,83.49,0.84
2020-06-23,Chile,Los Lagos,3.5,29,0,0.0,1466,17,1.16,176.9,2.05,0.18,828708,34.74,2.29,82.65,1.33
2020-06-22,Chile,Los Lagos,6.27,52,0,0.0,1437,17,1.18,173.4,2.05,0.17,828708,32.45,3.01,81.32,3.01
2020-06-21,Chile,Los Lagos,6.03,50,2,0.24,1385,17,1.23,167.13,2.05,0.17,828708,29.44,2.05,78.31,4.94
2020-06-20,Chile,Los Lagos,4.46,37,1,0.12,1335,15,1.12,161.09,1.81,0.16,828708,27.39,1.44,73.37,3.25
2020-06-19,Chile,Los Lagos,4.22,35,0,0.0,1298,14,1.08,156.63,1.69,0.16,828708,25.95,1.69,70.12,1.32
2020-06-18,Chile,Los Lagos,1.69,14,0,0.0,1263,14,1.11,152.41,1.69,0.15,828708,24.26,-0.84,68.8,-1.57
2020-06-17,Chile,Los Lagos,8.57,71,1,0.12,1249,14,1.12,150.72,1.69,0.15,828708,25.1,7.0,70.37,7.36
2020-06-16,Chile,Los Lagos,1.21,10,0,0.0,1178,13,1.1,142.15,1.57,0.14,828708,18.1,-0.96,63.01,0.73
2020-06-15,Chile,Los Lagos,3.26,27,0,0.0,1168,13,1.11,140.94,1.57,0.14,828708,19.06,2.42,62.28,2.66
2020-06-14,Chile,Los Lagos,3.98,33,0,0.0,1141,13,1.14,137.68,1.57,0.14,828708,16.64,1.81,59.62,3.62
2020-06-13,Chile,Los Lagos,3.02,25,1,0.12,1108,13,1.17,133.7,1.57,0.13,828708,14.83,0.97,56.0,2.66
2020-06-12,Chile,Los Lagos,2.53,21,0,0.0,1083,12,1.11,130.69,1.45,0.13,828708,13.86,-2.54,53.34,1.56
2020-06-11,Chile,Los Lagos,2.53,21,0,0.0,1062,12,1.13,128.15,1.45,0.13,828708,16.4,0.96,51.78,1.93
2020-06-10,Chile,Los Lagos,1.57,13,0,0.0,1041,12,1.15,125.62,1.45,0.13,828708,15.44,-0.72,49.85,-2.53
2020-06-09,Chile,Los Lagos,2.17,18,0,0.0,1028,12,1.17,124.05,1.45,0.12,828708,16.16,-1.57,52.38,1.93
2020-06-08,Chile,Los Lagos,0.84,7,-1,-0.12,1010,12,1.19,121.88,1.45,0.12,828708,17.73,0.84,50.45,-1.21
2020-06-07,Chile,Los Lagos,2.17,18,0,0.0,1003,13,1.3,121.03,1.57,0.12,828708,16.89,1.81,51.66,0.24
2020-06-06,Chile,Los Lagos,2.05,17,0,0.0,985,13,1.32,118.86,1.57,0.12,828708,15.08,-2.54,51.42,0.72
2020-06-05,Chile,Los Lagos,5.07,42,0,0.0,968,13,1.34,116.81,1.57,0.12,828708,17.62,4.1,50.7,4.71
2020-06-04,Chile,Los Lagos,1.57,13,0,0.0,926,13,1.4,111.74,1.57,0.11,828708,13.52,-1.21,45.99,1.09
2020-06-03,Chile,Los Lagos,2.29,19,0,0.0,913,13,1.42,110.17,1.57,0.11,828708,14.73,1.08,44.9,0.36
2020-06-02,Chile,Los Lagos,3.74,31,0,0.0,894,13,1.45,107.88,1.57,0.11,828708,13.65,1.57,44.54,3.62
2020-06-01,Chile,Los Lagos,0.0,0,0,0.0,863,13,1.51,104.14,1.57,0.1,828708,12.08,-3.26,40.92,-0.84
2020-05-31,Chile,Los Lagos,0.36,3,0,0.0,863,13,1.51,104.14,1.57,0.1,828708,15.34,-0.73,41.76,-0.12
2020-05-30,Chile,Los Lagos,4.59,38,0,0.0,860,13,1.51,103.78,1.57,0.1,828708,16.07,3.38,41.88,3.14
2020-05-29,Chile,Los Lagos,0.97,8,0,0.0,822,13,1.58,99.19,1.57,0.1,828708,12.69,-1.93,38.74,-0.72
2020-05-28,Chile,Los Lagos,2.78,23,0,0.0,814,13,1.6,98.23,1.57,0.1,828708,14.62,-0.48,39.46,2.06
2020-05-27,Chile,Los Lagos,1.21,10,0,0.0,791,13,1.64,95.45,1.57,0.1,828708,15.1,0.0,37.4,0.73
2020-05-26,Chile,Los Lagos,2.17,18,0,0.0,781,13,1.66,94.24,1.57,0.09,828708,15.1,1.69,36.67,2.17
2020-05-25,Chile,Los Lagos,3.26,27,0,0.0,763,13,1.7,92.07,1.57,0.09,828708,13.41,2.66,34.5,2.78
2020-05-24,Chile,Los Lagos,1.09,9,0,0.0,736,13,1.77,88.81,1.57,0.09,828708,10.75,0.73,31.72,0.12
2020-05-23,Chile,Los Lagos,1.21,10,0,0.0,727,13,1.79,87.73,1.57,0.09,828708,10.02,0.85,31.6,0.61
2020-05-22,Chile,Los Lagos,2.9,24,0,0.0,717,13,1.81,86.52,1.57,0.09,828708,9.17,1.93,30.99,2.18
2020-05-21,Chile,Los Lagos,3.26,27,1,0.12,693,13,1.88,83.62,1.57,0.08,828708,7.24,2.66,28.81,2.17
2020-05-20,Chile,Los Lagos,1.21,10,0,0.0,666,12,1.8,80.37,1.45,0.08,828708,4.58,-2.89,26.64,-0.36
2020-05-19,Chile,Los Lagos,0.48,4,1,0.12,656,12,1.83,79.16,1.45,0.08,828708,7.47,0.24,27.0,-0.49
2020-05-18,Chile,Los Lagos,0.6,5,0,0.0,652,11,1.69,78.68,1.33,0.08,828708,7.23,-1.45,27.49,0.24
2020-05-17,Chile,Los Lagos,0.36,3,0,0.0,647,11,1.7,78.07,1.33,0.08,828708,8.68,-1.57,27.25,-0.24
2020-05-16,Chile,Los Lagos,0.36,3,0,0.0,644,11,1.71,77.71,1.33,0.08,828708,10.25,-0.97,27.49,-0.12
2020-05-15,Chile,Los Lagos,0.97,8,0,0.0,641,11,1.72,77.35,1.33,0.08,828708,11.22,0.61,27.61,-0.6
2020-05-14,Chile,Los Lagos,0.6,5,0,0.0,633,11,1.74,76.38,1.33,0.08,828708,10.61,0.12,28.21,-0.49
2020-05-13,Chile,Los Lagos,4.1,34,0,0.0,628,11,1.75,75.78,1.33,0.08,828708,10.49,2.17,28.7,3.5
2020-05-12,Chile,Los Lagos,0.24,2,1,0.12,594,11,1.85,71.68,1.33,0.07,828708,8.32,0.12,25.2,-0.36
2020-05-11,Chile,Los Lagos,2.05,17,0,0.0,592,10,1.69,71.44,1.21,0.07,828708,8.2,1.21,25.56,1.08
2020-05-10,Chile,Los Lagos,1.93,16,0,0.0,575,10,1.74,69.39,1.21,0.07,828708,6.99,1.45,24.48,0.96
2020-05-09,Chile,Los Lagos,1.33,11,0,0.0,559,10,1.79,67.45,1.21,0.07,828708,5.54,-0.12,23.52,-0.48
2020-05-08,Chile,Los Lagos,0.36,3,0,0.0,548,10,1.82,66.13,1.21,0.07,828708,5.66,-1.33,24.0,-0.73
2020-05-07,Chile,Los Lagos,0.48,4,0,0.0,545,10,1.83,65.77,1.21,0.07,828708,6.99,-0.24,24.73,-1.33
2020-05-06,Chile,Los Lagos,1.93,16,0,0.0,541,10,1.85,65.28,1.21,0.07,828708,7.23,1.45,26.06,-1.21
2020-05-05,Chile,Los Lagos,0.12,1,0,0.0,525,10,1.9,63.35,1.21,0.06,828708,5.78,0.12,27.27,-1.45
2020-05-04,Chile,Los Lagos,0.84,7,0,0.0,524,10,1.91,63.23,1.21,0.06,828708,5.66,0.36,28.72,-0.37
2020-05-03,Chile,Los Lagos,0.48,4,0,0.0,517,10,1.93,62.39,1.21,0.06,828708,5.3,-0.49,29.09,-1.57
2020-05-02,Chile,Los Lagos,1.45,12,0,0.0,513,10,1.95,61.9,1.21,0.06,828708,5.79,0.85,30.66,-1.57
2020-05-01,Chile,Los Lagos,1.69,14,0,0.0,501,10,2.0,60.46,1.21,0.06,828708,4.94,0.97,32.23,-2.05
2020-04-30,Chile,Los Lagos,0.72,6,1,0.12,487,10,2.05,58.77,1.21,0.06,828708,3.97,-0.37,34.28,-1.93
2020-04-29,Chile,Los Lagos,0.48,4,0,0.0,481,9,1.87,58.04,1.09,0.06,828708,4.34,-1.09,36.21,-3.14
2020-04-28,Chile,Los Lagos,0.0,0,1,0.12,477,9,1.89,57.56,1.09,0.06,828708,5.43,-0.97,39.35,-2.78
2020-04-27,Chile,Los Lagos,0.48,4,0,0.0,477,8,1.68,57.56,0.97,0.06,828708,6.4,0.12,42.13,-2.42
2020-04-26,Chile,Los Lagos,0.97,8,0,0.0,473,8,1.69,57.08,0.97,0.06,828708,6.28,0.37,44.55,-0.36
2020-04-25,Chile,Los Lagos,0.6,5,0,0.0,465,8,1.72,56.11,0.97,0.06,828708,5.91,0.12,44.91,-3.02
2020-04-24,Chile,Los Lagos,0.72,6,1,0.12,460,8,1.74,55.51,0.97,0.06,828708,5.79,-0.85,47.93,0.36
2020-04-23,Chile,Los Lagos,1.09,9,1,0.12,454,7,1.54,54.78,0.84,0.05,828708,6.64,0.0,47.57,-0.84
2020-04-22,Chile,Los Lagos,1.57,13,0,0.0,445,6,1.35,53.7,0.72,0.05,828708,6.64,0.97,48.41,0.6
2020-04-21,Chile,Los Lagos,0.97,8,0,0.0,432,6,1.39,52.13,0.72,0.05,828708,5.67,0.37,47.81,0.61
2020-04-20,Chile,Los Lagos,0.36,3,0,0.0,424,6,1.42,51.16,0.72,0.05,828708,5.3,-0.61,47.2,-0.85
2020-04-19,Chile,Los Lagos,0.6,5,0,0.0,421,6,1.43,50.8,0.72,0.05,828708,5.91,-0.37,48.05,0.24
2020-04-18,Chile,Los Lagos,0.48,4,0,0.0,416,6,1.44,50.2,0.72,0.05,828708,6.28,-1.33,47.81,0.24
2020-04-17,Chile,Los Lagos,1.57,13,1,0.12,412,6,1.46,49.72,0.72,0.05,828708,7.61,0.48,47.57,1.33
2020-04-16,Chile,Los Lagos,1.09,9,0,0.0,399,5,1.25,48.15,0.6,0.05,828708,7.13,-0.72,46.24,0.12
2020-04-15,Chile,Los Lagos,0.6,5,0,0.0,390,5,1.28,47.06,0.6,0.05,828708,7.85,-2.54,46.12,-0.24
2020-04-14,Chile,Los Lagos,0.6,5,0,0.0,385,5,1.3,46.46,0.6,0.05,828708,10.39,-0.97,46.36,0.6
2020-04-13,Chile,Los Lagos,0.97,8,0,0.0,380,5,1.32,45.85,0.6,0.05,828708,11.36,-0.24,45.76,0.97
2020-04-12,Chile,Los Lagos,0.97,8,0,0.0,372,5,1.34,44.89,0.6,0.04,828708,11.6,-1.08,44.79,0.97
2020-04-11,Chile,Los Lagos,1.81,15,3,0.36,364,5,1.37,43.92,0.6,0.04,828708,12.68,-1.21,43.82,1.81
2020-04-10,Chile,Los Lagos,1.09,9,0,0.0,349,2,0.57,42.11,0.24,0.04,828708,13.89,-2.65,42.01,1.09
2020-04-09,Chile,Los Lagos,1.81,15,0,0.0,340,2,0.59,41.03,0.24,0.04,828708,16.54,-0.84,40.92,1.81
2020-04-08,Chile,Los Lagos,3.14,26,0,0.0,325,2,0.62,39.22,0.24,0.04,828708,17.38,-0.48,39.11,3.14
2020-04-07,Chile,Los Lagos,1.57,13,0,0.0,299,2,0.67,36.08,0.24,0.04,828708,17.86,-1.21,35.97,1.57
2020-04-06,Chile,Los Lagos,1.21,10,1,0.12,286,2,0.7,34.51,0.24,0.03,828708,19.07,-1.69,34.4,1.21
2020-04-05,Chile,Los Lagos,2.05,17,1,0.12,276,1,0.36,33.3,0.12,0.03,828708,20.76,0.72,33.19,2.05
2020-04-04,Chile,Los Lagos,3.02,25,0,0.0,259,0,0.0,31.25,0.0,0.03,828708,20.04,-0.6,31.14,3.02
2020-04-03,Chile,Los Lagos,3.74,31,0,0.0,234,0,0.0,28.24,0.0,0.03,828708,20.64,3.38,28.12,3.74
2020-04-02,Chile,Los Lagos,2.65,22,0,0.0,203,0,0.0,24.5,0.0,0.02,828708,17.26,0.72,24.38,2.65
2020-04-01,Chile,Los Lagos,3.62,30,0,0.0,181,0,0.0,21.84,0.0,0.02,828708,16.54,2.65,21.73,3.62
2020-03-31,Chile,Los Lagos,2.78,23,0,0.0,151,0,0.0,18.22,0.0,0.02,828708,13.89,2.42,18.11,2.78
2020-03-30,Chile,Los Lagos,2.9,24,0,0.0,128,0,0.0,15.45,0.0,0.02,828708,11.47,1.69,15.33,2.9
2020-03-29,Chile,Los Lagos,1.33,11,0,0.0,104,0,0.0,12.55,0.0,0.01,828708,9.78,0.97,12.43,1.33
2020-03-28,Chile,Los Lagos,3.62,30,0,0.0,93,0,0.0,11.22,0.0,0.01,828708,8.81,3.38,11.1,3.62
2020-03-27,Chile,Los Lagos,0.36,3,0,0.0,63,0,0.0,7.6,0.0,0.01,828708,5.43,0.12,7.48,0.36
2020-03-26,Chile,Los Lagos,1.93,16,0,0.0,60,0,0.0,7.24,0.0,0.01,828708,5.31,0.96,7.12,1.93
2020-03-25,Chile,Los Lagos,0.97,8,0,0.0,44,0,0.0,5.31,0.0,0.01,828708,4.35,0.13,5.19,0.97
2020-03-24,Chile,Los Lagos,0.36,3,0,0.0,36,0,0.0,4.34,0.0,0.0,828708,4.22,0.36,4.22,0.36
2020-03-23,Chile,Los Lagos,1.21,10,0,0.0,33,0,0.0,3.98,0.0,0.0,828708,3.86,1.21,3.86,1.21
2020-03-22,Chile,Los Lagos,0.36,3,0,0.0,23,0,0.0,2.78,0.0,0.0,828708,2.65,0.36,2.65,0.36
2020-03-21,Chile,Los Lagos,0.24,2,0,0.0,20,0,0.0,2.41,0.0,0.0,828708,2.29,0.24,2.29,0.24
2020-03-20,Chile,Los Lagos,0.24,2,0,0.0,18,0,0.0,2.17,0.0,0.0,828708,2.05,0.24,2.05,0.24
2020-03-19,Chile,Los Lagos,0.97,8,0,0.0,16,0,0.0,1.93,0.0,0.0,828708,1.81,0.97,1.81,0.97
2020-03-18,Chile,Los Lagos,0.84,7,0,0.0,8,0,0.0,0.97,0.0,0.0,828708,0.84,0.84,0.84,0.84
2020-03-17,Chile,Los Lagos,0.0,0,0,0.0,1,0,0.0,0.12,0.0,0.0,828708,0.0,0.0,0.0,0.0
2020-03-16,Chile,Los Lagos,0.0,0,0,0.0,1,0,0.0,0.12,0.0,0.0,828708,0.0,0.0,0.0,0.0
2020-03-15,Chile,Los Lagos,0.0,0,0,0.0,1,0,0.0,0.12,0.0,0.0,828708,0.0,0.0,0.0,0.0
2020-03-14,Chile,Los Lagos,0.0,0,0,0.0,1,0,0.0,0.12,0.0,0.0,828708,0.0,0.0,0.0,0.0
2020-03-13,Chile,Los Lagos,0.0,0,0,0.0,1,0,0.0,0.12,0.0,0.0,828708,0.0,0.0,0.0,0.0
2020-03-12,Chile,Los Lagos,0.0,0,0,0.0,1,0,0.0,0.12,0.0,0.0,828708,0.0,0.0,0.0,0.0
2020-03-11,Chile,Los Lagos,0.0,0,0,0.0,1,0,0.0,0.12,0.0,0.0,828708,0.0,0.0,0.0,0.0
2020-03-10,Chile,Los Lagos,0.0,0,0,0.0,1,0,0.0,0.12,0.0,0.0,828708,0.0,0.0,0.0,0.0
2020-03-09,Chile,Los Lagos,0.0,0,0,0.0,1,0,0.0,0.12,0.0,0.0,828708,0.0,0.0,0.0,0.0
2020-03-08,Chile,Los Lagos,0.0,0,0,0.0,1,0,0.0,0.12,0.0,0.0,828708,0.0,0.0,0.0,0.0
2020-03-07,Chile,Los Lagos,0.0,0,0,0.0,1,0,0.0,0.12,0.0,0.0,828708,0.0,0.0,0.0,0.0
