date,prefecture,1day_cases_100k,new_cases,new_deaths,new_deaths_100k,total_cases,total_deaths,cfr%,total_cases_100k,total_deaths_100k,%infected,population,7day_cases_100k,7day_cases_change,28day_cases_100k,28day_cases_change
2021-07-15,Tochigi,0.67,13,0,0.0,7323,82,1.12,376.31,4.21,0.38,1946000,6.11,-0.31,29.45,0.1
2021-07-14,Tochigi,0.92,18,0,0.0,7310,82,1.12,375.64,4.21,0.38,1946000,6.42,0.2,29.35,0.15
2021-07-13,Tochigi,1.44,28,0,0.0,7292,82,1.12,374.72,4.21,0.37,1946000,6.22,0.16,29.2,0.16
2021-07-12,Tochigi,0.51,10,0,0.0,7264,82,1.13,373.28,4.21,0.37,1946000,6.06,-0.21,29.04,-0.36
2021-07-11,Tochigi,0.67,13,0,0.0,7254,82,1.13,372.76,4.21,0.37,1946000,6.27,0.1,29.4,0.21
2021-07-10,Tochigi,1.03,20,0,0.0,7241,82,1.13,372.1,4.21,0.37,1946000,6.17,-0.41,29.19,-0.72
2021-07-09,Tochigi,0.87,17,0,0.0,7221,82,1.14,371.07,4.21,0.37,1946000,6.58,-0.62,29.91,-0.47
2021-07-08,Tochigi,0.98,19,0,0.0,7204,82,1.14,370.2,4.21,0.37,1946000,7.2,-0.41,30.38,-0.66
2021-07-07,Tochigi,0.72,14,0,0.0,7185,82,1.14,369.22,4.21,0.37,1946000,7.61,-0.77,31.04,-1.03
2021-07-06,Tochigi,1.28,25,0,0.0,7171,82,1.14,368.5,4.21,0.37,1946000,8.38,0.3,32.07,-0.16
2021-07-05,Tochigi,0.72,14,0,0.0,7146,82,1.15,367.21,4.21,0.37,1946000,8.08,-0.2,32.23,-0.36
2021-07-04,Tochigi,0.57,11,0,0.0,7132,82,1.15,366.5,4.21,0.37,1946000,8.28,-0.46,32.59,-0.1
2021-07-03,Tochigi,1.44,28,1,0.05,7121,82,1.15,365.93,4.21,0.37,1946000,8.74,-0.46,32.69,0.16
2021-07-02,Tochigi,1.49,29,0,0.0,7093,81,1.14,364.49,4.16,0.36,1946000,9.2,0.1,32.53,0.31
2021-07-01,Tochigi,1.39,27,0,0.0,7064,81,1.15,363.0,4.16,0.36,1946000,9.1,0.41,32.22,0.11
2021-06-30,Tochigi,1.49,29,0,0.0,7037,81,1.15,361.61,4.16,0.36,1946000,8.69,0.36,32.11,0.1
2021-06-29,Tochigi,0.98,19,0,0.0,7008,81,1.16,360.12,4.16,0.36,1946000,8.33,-0.51,32.01,-0.72
2021-06-28,Tochigi,0.92,18,0,0.0,6989,81,1.16,359.15,4.16,0.36,1946000,8.84,0.15,32.73,0.25
2021-06-27,Tochigi,1.03,20,0,0.0,6971,81,1.16,358.22,4.16,0.36,1946000,8.69,0.26,32.48,-0.31
2021-06-26,Tochigi,1.9,37,0,0.0,6951,81,1.17,357.19,4.16,0.36,1946000,8.43,1.18,32.79,0.62
2021-06-25,Tochigi,1.39,27,0,0.0,6914,81,1.17,355.29,4.16,0.36,1946000,7.25,0.21,32.17,-1.28
2021-06-24,Tochigi,0.98,19,0,0.0,6887,81,1.18,353.91,4.16,0.35,1946000,7.04,0.41,33.45,-1.23
2021-06-23,Tochigi,1.13,22,0,0.0,6868,81,1.18,352.93,4.16,0.35,1946000,6.63,0.36,34.68,-1.29
2021-06-22,Tochigi,1.49,29,0,0.0,6846,81,1.18,351.8,4.16,0.35,1946000,6.27,0.21,35.97,0.05
2021-06-21,Tochigi,0.77,15,0,0.0,6817,81,1.19,350.31,4.16,0.35,1946000,6.06,-0.1,35.92,-0.62
2021-06-20,Tochigi,0.77,15,0,0.0,6802,81,1.19,349.54,4.16,0.35,1946000,6.16,0.31,36.54,-0.15
2021-06-19,Tochigi,0.72,14,0,0.0,6787,81,1.19,348.77,4.16,0.35,1946000,5.85,-1.03,36.69,-1.03
2021-06-18,Tochigi,1.18,23,1,0.05,6773,81,1.2,348.05,4.16,0.35,1946000,6.88,-0.16,37.72,-1.18
2021-06-17,Tochigi,0.57,11,0,0.0,6750,80,1.19,346.87,4.11,0.35,1946000,7.04,-1.07,38.9,-1.28
2021-06-16,Tochigi,0.77,15,0,0.0,6739,80,1.19,346.3,4.11,0.35,1946000,8.11,-0.98,40.18,-1.13
2021-06-15,Tochigi,1.28,25,0,0.0,6724,80,1.19,345.53,4.11,0.35,1946000,9.09,-0.16,41.31,-0.93
2021-06-14,Tochigi,0.87,17,0,0.0,6699,80,1.19,344.24,4.11,0.34,1946000,9.25,-0.21,42.24,-0.26
2021-06-13,Tochigi,0.46,9,0,0.0,6682,80,1.2,343.37,4.11,0.34,1946000,9.46,-0.21,42.5,-0.57
2021-06-12,Tochigi,1.75,34,0,0.0,6673,80,1.2,342.91,4.11,0.34,1946000,9.67,0.47,43.07,-0.46
2021-06-11,Tochigi,1.34,26,0,0.0,6639,80,1.21,341.16,4.11,0.34,1946000,9.2,0.16,43.53,-1.28
2021-06-10,Tochigi,1.64,32,0,0.0,6613,80,1.21,339.83,4.11,0.34,1946000,9.04,0.36,44.81,-0.88
2021-06-09,Tochigi,1.75,34,1,0.05,6581,80,1.22,338.18,4.11,0.34,1946000,8.68,0.36,45.69,0.11
2021-06-08,Tochigi,1.44,28,0,0.0,6547,79,1.21,336.43,4.06,0.34,1946000,8.32,-0.26,45.58,0.31
2021-06-07,Tochigi,1.08,21,1,0.05,6519,79,1.21,334.99,4.06,0.33,1946000,8.58,0.41,45.27,-0.36
2021-06-06,Tochigi,0.67,13,0,0.0,6498,78,1.2,333.92,4.01,0.33,1946000,8.17,-0.67,45.63,-0.82
2021-06-05,Tochigi,1.28,25,0,0.0,6485,78,1.2,333.25,4.01,0.33,1946000,8.84,0.0,46.45,-1.34
2021-06-04,Tochigi,1.18,23,0,0.0,6460,78,1.21,331.96,4.01,0.33,1946000,8.84,-1.49,47.79,-0.67
2021-06-03,Tochigi,1.28,25,0,0.0,6437,78,1.21,330.78,4.01,0.33,1946000,10.33,-0.93,48.46,0.46
2021-06-02,Tochigi,1.39,27,0,0.0,6412,78,1.22,329.5,4.01,0.33,1946000,11.26,-1.03,48.0,-0.05
2021-06-01,Tochigi,1.7,33,0,0.0,6385,78,1.22,328.11,4.01,0.33,1946000,12.29,0.26,48.05,0.67
2021-05-31,Tochigi,0.67,13,0,0.0,6352,78,1.23,326.41,4.01,0.33,1946000,12.03,-0.72,47.38,-0.31
2021-05-30,Tochigi,1.34,26,0,0.0,6339,78,1.23,325.75,4.01,0.33,1946000,12.75,0.42,47.69,0.26
2021-05-29,Tochigi,1.28,25,0,0.0,6313,78,1.24,324.41,4.01,0.32,1946000,12.33,-0.47,47.43,-0.31
2021-05-28,Tochigi,2.67,52,3,0.15,6288,78,1.24,323.12,4.01,0.32,1946000,12.8,0.31,47.74,2.16
2021-05-27,Tochigi,2.21,43,0,0.0,6236,75,1.2,320.45,3.85,0.32,1946000,12.49,0.36,45.58,0.62
2021-05-26,Tochigi,2.42,47,0,0.0,6193,75,1.21,318.24,3.85,0.32,1946000,12.13,0.52,44.96,0.93
2021-05-25,Tochigi,1.44,28,0,0.0,6146,75,1.22,315.83,3.85,0.32,1946000,11.61,-0.77,44.03,-0.56
2021-05-24,Tochigi,1.39,27,0,0.0,6118,75,1.23,314.39,3.85,0.31,1946000,12.38,0.26,44.59,0.62
2021-05-23,Tochigi,0.92,18,1,0.05,6091,75,1.23,313.0,3.85,0.31,1946000,12.12,-0.11,43.97,-0.52
2021-05-22,Tochigi,1.75,34,0,0.0,6073,74,1.22,312.08,3.8,0.31,1946000,12.23,-0.46,44.49,0.41
2021-05-21,Tochigi,2.36,46,0,0.0,6039,74,1.23,310.33,3.8,0.31,1946000,12.69,-0.26,44.08,1.18
2021-05-20,Tochigi,1.85,36,0,0.0,5993,74,1.23,307.97,3.8,0.31,1946000,12.95,-0.67,42.9,0.72
2021-05-19,Tochigi,1.9,37,0,0.0,5957,74,1.24,306.12,3.8,0.31,1946000,13.62,0.26,42.18,0.62
2021-05-18,Tochigi,2.21,43,0,0.0,5920,74,1.25,304.21,3.8,0.3,1946000,13.36,1.08,41.56,1.03
2021-05-17,Tochigi,1.13,22,0,0.0,5877,74,1.26,302.0,3.8,0.3,1946000,12.28,-0.31,40.53,0.51
2021-05-16,Tochigi,1.03,20,0,0.0,5855,74,1.26,300.87,3.8,0.3,1946000,12.59,-0.46,40.02,0.46
2021-05-15,Tochigi,2.21,43,0,0.0,5835,74,1.27,299.85,3.8,0.3,1946000,13.05,-0.41,39.56,0.67
2021-05-14,Tochigi,2.62,51,0,0.0,5792,74,1.28,297.64,3.8,0.3,1946000,13.46,0.77,38.89,1.59
2021-05-13,Tochigi,2.52,49,0,0.0,5741,74,1.29,295.02,3.8,0.3,1946000,12.69,1.7,37.3,1.39
2021-05-12,Tochigi,1.64,32,0,0.0,5692,74,1.3,292.5,3.8,0.29,1946000,10.99,0.2,35.91,0.05
2021-05-11,Tochigi,1.13,22,1,0.05,5660,74,1.31,290.85,3.8,0.29,1946000,10.79,0.1,35.86,0.46
2021-05-10,Tochigi,1.44,28,0,0.0,5638,73,1.29,289.72,3.75,0.29,1946000,10.69,0.46,35.4,0.72
2021-05-09,Tochigi,1.49,29,0,0.0,5610,73,1.3,288.28,3.75,0.29,1946000,10.23,0.41,34.68,1.13
2021-05-08,Tochigi,2.62,51,0,0.0,5581,73,1.31,286.79,3.75,0.29,1946000,9.82,1.03,33.55,1.13
2021-05-07,Tochigi,1.85,36,1,0.05,5530,73,1.32,284.17,3.75,0.28,1946000,8.79,1.34,32.42,-0.26
2021-05-06,Tochigi,0.82,16,0,0.0,5494,72,1.31,282.32,3.7,0.28,1946000,7.45,-0.77,32.68,-0.46
2021-05-05,Tochigi,1.44,28,0,0.0,5478,72,1.31,281.5,3.7,0.28,1946000,8.22,-0.05,33.14,0.21
2021-05-04,Tochigi,1.03,20,0,0.0,5450,72,1.32,280.06,3.7,0.28,1946000,8.27,-0.97,32.93,-0.2
2021-05-03,Tochigi,0.98,19,0,0.0,5430,72,1.33,279.03,3.7,0.28,1946000,9.24,0.21,33.13,-0.1
2021-05-02,Tochigi,1.08,21,0,0.0,5411,72,1.33,278.06,3.7,0.28,1946000,9.03,-0.36,33.23,-0.15
2021-05-01,Tochigi,1.59,31,0,0.0,5390,72,1.34,276.98,3.7,0.28,1946000,9.39,0.25,33.38,-0.52
2021-04-30,Tochigi,0.51,10,0,0.0,5359,72,1.34,275.39,3.7,0.28,1946000,9.14,-0.67,33.9,-1.13
2021-04-29,Tochigi,1.59,31,0,0.0,5349,72,1.35,274.87,3.7,0.27,1946000,9.81,0.46,35.03,0.51
2021-04-28,Tochigi,1.49,29,0,0.0,5318,72,1.35,273.28,3.7,0.27,1946000,9.35,0.21,34.52,-0.98
2021-04-27,Tochigi,2.0,39,0,0.0,5289,72,1.36,271.79,3.7,0.27,1946000,9.14,0.82,35.5,0.51
2021-04-26,Tochigi,0.77,15,1,0.05,5250,72,1.37,269.78,3.7,0.27,1946000,8.32,0.15,34.99,-0.05
2021-04-25,Tochigi,1.44,28,0,0.0,5235,71,1.36,269.01,3.65,0.27,1946000,8.17,0.87,35.04,0.46
2021-04-24,Tochigi,1.34,26,0,0.0,5207,71,1.36,267.57,3.65,0.27,1946000,7.3,-0.2,34.58,0.21
2021-04-23,Tochigi,1.18,23,0,0.0,5181,71,1.37,266.24,3.65,0.27,1946000,7.5,0.15,34.37,-0.36
2021-04-22,Tochigi,1.13,22,0,0.0,5158,71,1.38,265.06,3.65,0.27,1946000,7.35,0.0,34.73,0.77
2021-04-21,Tochigi,1.28,25,0,0.0,5136,71,1.38,263.93,3.65,0.26,1946000,7.35,-0.31,33.96,0.46
2021-04-20,Tochigi,1.18,23,0,0.0,5111,71,1.39,262.64,3.65,0.26,1946000,7.66,0.51,33.5,0.15
2021-04-19,Tochigi,0.62,12,0,0.0,5088,71,1.4,261.46,3.65,0.26,1946000,7.15,-0.1,33.35,0.16
2021-04-18,Tochigi,0.57,11,0,0.0,5076,71,1.4,260.84,3.65,0.26,1946000,7.25,0.21,33.19,0.42
2021-04-17,Tochigi,1.54,30,0,0.0,5065,71,1.4,260.28,3.65,0.26,1946000,7.04,0.05,32.77,0.05
2021-04-16,Tochigi,1.03,20,0,0.0,5035,71,1.41,258.74,3.65,0.26,1946000,6.99,-1.08,32.72,-0.82
2021-04-15,Tochigi,1.13,22,0,0.0,5015,71,1.42,257.71,3.65,0.26,1946000,8.07,-0.15,33.54,0.15
2021-04-14,Tochigi,1.59,31,0,0.0,4993,71,1.42,256.58,3.65,0.26,1946000,8.22,0.36,33.39,0.05
2021-04-13,Tochigi,0.67,13,0,0.0,4962,71,1.43,254.98,3.65,0.25,1946000,7.86,-0.56,33.34,-0.2
2021-04-12,Tochigi,0.72,14,0,0.0,4949,71,1.43,254.32,3.65,0.25,1946000,8.42,-0.36,33.54,0.51
2021-04-11,Tochigi,0.36,7,0,0.0,4935,71,1.44,253.6,3.65,0.25,1946000,8.78,-0.87,33.03,-0.87
2021-04-10,Tochigi,1.49,29,0,0.0,4928,71,1.44,253.24,3.65,0.25,1946000,9.65,-0.62,33.9,0.57
2021-04-09,Tochigi,2.11,41,0,0.0,4899,71,1.45,251.75,3.65,0.25,1946000,10.27,0.47,33.33,1.19
2021-04-08,Tochigi,1.28,25,0,0.0,4858,71,1.46,249.64,3.65,0.25,1946000,9.8,0.2,32.14,0.41
2021-04-07,Tochigi,1.23,24,0,0.0,4833,71,1.47,248.36,3.65,0.25,1946000,9.6,-1.24,31.73,0.56
2021-04-06,Tochigi,1.23,24,0,0.0,4809,71,1.48,247.12,3.65,0.25,1946000,10.84,-0.26,31.17,0.1
2021-04-05,Tochigi,1.08,21,0,0.0,4785,71,1.48,245.89,3.65,0.25,1946000,11.1,0.26,31.07,0.77
2021-04-04,Tochigi,1.23,24,0,0.0,4764,71,1.49,244.81,3.65,0.24,1946000,10.84,0.25,30.3,0.77
2021-04-03,Tochigi,2.11,41,0,0.0,4740,71,1.5,243.58,3.65,0.24,1946000,10.59,0.98,29.53,1.49
2021-04-02,Tochigi,1.64,32,0,0.0,4699,71,1.51,241.47,3.65,0.24,1946000,9.61,0.1,28.04,0.92
2021-04-01,Tochigi,1.08,21,0,0.0,4667,71,1.52,239.83,3.65,0.24,1946000,9.51,0.72,27.12,0.51
2021-03-31,Tochigi,2.47,48,0,0.0,4646,71,1.53,238.75,3.65,0.24,1946000,8.79,1.65,26.61,2.11
2021-03-30,Tochigi,1.49,29,0,0.0,4598,71,1.54,236.28,3.65,0.24,1946000,7.14,0.46,24.5,0.87
2021-03-29,Tochigi,0.82,16,0,0.0,4569,71,1.55,234.79,3.65,0.23,1946000,6.68,0.36,23.63,0.41
2021-03-28,Tochigi,0.98,19,0,0.0,4553,71,1.56,233.97,3.65,0.23,1946000,6.32,0.83,23.22,0.83
2021-03-27,Tochigi,1.13,22,0,0.0,4534,71,1.57,232.99,3.65,0.23,1946000,5.49,-0.36,22.39,0.51
2021-03-26,Tochigi,1.54,30,0,0.0,4512,71,1.57,231.86,3.65,0.23,1946000,5.85,-0.31,21.88,1.28
2021-03-25,Tochigi,0.36,7,0,0.0,4482,71,1.58,230.32,3.65,0.23,1946000,6.16,-0.62,20.6,-0.31
2021-03-24,Tochigi,0.82,16,0,0.0,4475,71,1.59,229.96,3.65,0.23,1946000,6.78,-0.72,20.91,0.2
2021-03-23,Tochigi,1.03,20,0,0.0,4459,71,1.59,229.14,3.65,0.23,1946000,7.5,0.16,20.71,0.46
2021-03-22,Tochigi,0.46,9,0,0.0,4439,71,1.6,228.11,3.65,0.23,1946000,7.34,0.25,20.25,0.46
2021-03-21,Tochigi,0.15,3,0,0.0,4430,71,1.6,227.65,3.65,0.23,1946000,7.09,-1.08,19.79,-0.31
2021-03-20,Tochigi,1.49,29,0,0.0,4427,71,1.6,227.49,3.65,0.23,1946000,8.17,0.57,20.1,0.67
2021-03-19,Tochigi,1.85,36,0,0.0,4398,71,1.61,226.0,3.65,0.23,1946000,7.6,0.93,19.43,1.49
2021-03-18,Tochigi,0.98,19,1,0.05,4362,71,1.63,224.15,3.65,0.22,1946000,6.67,0.11,17.94,-0.15
2021-03-17,Tochigi,1.54,30,0,0.0,4343,70,1.61,223.18,3.6,0.22,1946000,6.56,0.87,18.09,1.08
2021-03-16,Tochigi,0.87,17,0,0.0,4313,70,1.62,221.63,3.6,0.22,1946000,5.69,-0.26,17.01,0.36
2021-03-15,Tochigi,0.21,4,1,0.05,4296,70,1.63,220.76,3.6,0.22,1946000,5.95,-0.1,16.65,-0.25
2021-03-14,Tochigi,1.23,24,0,0.0,4292,69,1.61,220.55,3.55,0.22,1946000,6.05,0.77,16.9,0.82
2021-03-13,Tochigi,0.92,18,0,0.0,4268,69,1.62,219.32,3.55,0.22,1946000,5.28,0.3,16.08,0.1
2021-03-12,Tochigi,0.92,18,0,0.0,4250,69,1.62,218.4,3.55,0.22,1946000,4.98,0.2,15.98,0.35
2021-03-11,Tochigi,0.87,17,0,0.0,4232,69,1.63,217.47,3.55,0.22,1946000,4.78,0.3,15.63,0.41
2021-03-10,Tochigi,0.67,13,0,0.0,4215,69,1.64,216.6,3.55,0.22,1946000,4.48,0.31,15.22,-0.36
2021-03-09,Tochigi,1.13,22,0,0.0,4202,69,1.64,215.93,3.55,0.22,1946000,4.17,0.51,15.58,0.41
2021-03-08,Tochigi,0.31,6,0,0.0,4180,69,1.65,214.8,3.55,0.21,1946000,3.66,-0.1,15.17,0.16
2021-03-07,Tochigi,0.46,9,0,0.0,4174,69,1.65,214.49,3.55,0.21,1946000,3.76,0.31,15.01,-0.05
2021-03-06,Tochigi,0.62,12,0,0.0,4165,69,1.66,214.03,3.55,0.21,1946000,3.45,0.0,15.06,-0.25
2021-03-05,Tochigi,0.72,14,1,0.05,4153,69,1.66,213.41,3.55,0.21,1946000,3.45,0.46,15.31,-0.51
2021-03-04,Tochigi,0.57,11,0,0.0,4139,68,1.64,212.69,3.49,0.21,1946000,2.99,-0.1,15.82,-0.82
2021-03-03,Tochigi,0.36,7,0,0.0,4128,68,1.65,212.13,3.49,0.21,1946000,3.09,-0.26,16.64,-0.26
2021-03-02,Tochigi,0.62,12,1,0.05,4121,68,1.65,211.77,3.49,0.21,1946000,3.35,0.05,16.9,-0.25
2021-03-01,Tochigi,0.41,8,0,0.0,4109,67,1.63,211.15,3.44,0.21,1946000,3.3,0.41,17.15,0.26
2021-02-28,Tochigi,0.15,3,0,0.0,4101,67,1.63,210.74,3.44,0.21,1946000,2.89,-0.31,16.89,-0.67
2021-02-27,Tochigi,0.62,12,0,0.0,4098,67,1.63,210.59,3.44,0.21,1946000,3.2,-0.2,17.56,-0.61
2021-02-26,Tochigi,0.26,5,0,0.0,4086,67,1.64,209.97,3.44,0.21,1946000,3.4,-0.1,18.17,-2.0
2021-02-25,Tochigi,0.67,13,1,0.05,4081,67,1.64,209.71,3.44,0.21,1946000,3.5,-0.46,20.17,-1.08
2021-02-24,Tochigi,0.62,12,0,0.0,4068,66,1.62,209.04,3.39,0.21,1946000,3.96,0.16,21.25,-1.33
2021-02-23,Tochigi,0.57,11,0,0.0,4056,66,1.63,208.43,3.39,0.21,1946000,3.8,0.06,22.58,-1.54
2021-02-22,Tochigi,0.0,0,0,0.0,4045,66,1.63,207.86,3.39,0.21,1946000,3.74,-0.46,24.12,-0.92
2021-02-21,Tochigi,0.46,9,1,0.05,4045,66,1.63,207.86,3.39,0.21,1946000,4.2,0.05,25.04,-1.03
2021-02-20,Tochigi,0.82,16,3,0.15,4036,65,1.61,207.4,3.34,0.21,1946000,4.15,0.0,26.07,-1.24
2021-02-19,Tochigi,0.36,7,1,0.05,4020,62,1.54,206.58,3.19,0.21,1946000,4.15,-0.21,27.31,-2.41
2021-02-18,Tochigi,1.13,22,0,0.0,4013,61,1.52,206.22,3.13,0.21,1946000,4.36,0.67,29.72,-1.39
2021-02-17,Tochigi,0.46,9,0,0.0,3991,61,1.53,205.09,3.13,0.21,1946000,3.69,-0.57,31.11,-1.8
2021-02-16,Tochigi,0.51,10,1,0.05,3982,61,1.53,204.62,3.13,0.2,1946000,4.26,-0.21,32.91,-4.32
2021-02-15,Tochigi,0.46,9,1,0.05,3972,60,1.51,204.11,3.08,0.2,1946000,4.47,0.31,37.23,-3.86
2021-02-14,Tochigi,0.41,8,0,0.0,3963,59,1.49,203.65,3.03,0.2,1946000,4.16,-0.1,41.09,-2.36
2021-02-13,Tochigi,0.82,16,0,0.0,3955,59,1.49,203.24,3.03,0.2,1946000,4.26,-0.05,43.45,-4.11
2021-02-12,Tochigi,0.57,11,1,0.05,3939,59,1.5,202.42,3.03,0.2,1946000,4.31,-0.66,47.56,-4.36
2021-02-11,Tochigi,0.46,9,0,0.0,3928,58,1.48,201.85,2.98,0.2,1946000,4.97,-0.93,51.92,-3.5
2021-02-10,Tochigi,1.03,20,0,0.0,3919,58,1.48,201.39,2.98,0.2,1946000,5.9,0.41,55.42,-6.22
2021-02-09,Tochigi,0.72,14,1,0.05,3899,58,1.49,200.36,2.98,0.2,1946000,5.49,-0.15,61.64,-3.55
2021-02-08,Tochigi,0.15,3,1,0.05,3885,57,1.47,199.64,2.93,0.2,1946000,5.64,0.0,65.19,-5.3
2021-02-07,Tochigi,0.51,10,2,0.1,3882,56,1.44,199.49,2.88,0.2,1946000,5.64,-0.31,70.49,-5.55
2021-02-06,Tochigi,0.87,17,4,0.21,3872,54,1.39,198.97,2.77,0.2,1946000,5.95,-0.36,76.04,-6.22
2021-02-05,Tochigi,1.23,24,0,0.0,3855,50,1.3,198.1,2.57,0.2,1946000,6.31,-1.03,82.26,-6.48
2021-02-04,Tochigi,1.39,27,0,0.0,3831,50,1.31,196.87,2.57,0.2,1946000,7.34,-0.36,88.74,-5.29
2021-02-03,Tochigi,0.62,12,0,0.0,3804,50,1.31,195.48,2.57,0.2,1946000,7.7,-1.33,94.03,-6.16
2021-02-02,Tochigi,0.87,17,2,0.1,3792,50,1.32,194.86,2.57,0.19,1946000,9.03,-1.24,100.19,-4.83
2021-02-01,Tochigi,0.15,3,1,0.05,3775,48,1.27,193.99,2.47,0.19,1946000,10.27,-0.77,105.02,-3.4
2021-01-31,Tochigi,0.82,16,1,0.05,3772,47,1.25,193.83,2.42,0.19,1946000,11.04,-0.67,108.42,-2.88
2021-01-30,Tochigi,1.23,24,3,0.15,3756,46,1.22,193.01,2.36,0.19,1946000,11.71,-0.83,111.3,-1.65
2021-01-29,Tochigi,2.26,44,1,0.05,3732,43,1.15,191.78,2.21,0.19,1946000,12.54,-0.51,112.95,-0.62
2021-01-28,Tochigi,1.75,34,1,0.05,3688,42,1.14,189.52,2.16,0.19,1946000,13.05,-0.77,113.57,-2.0
2021-01-27,Tochigi,1.95,38,0,0.0,3654,41,1.12,187.77,2.11,0.19,1946000,13.82,-0.31,115.57,-0.93
2021-01-26,Tochigi,2.11,41,2,0.1,3616,41,1.13,185.82,2.11,0.19,1946000,14.13,-2.72,116.5,-2.16
2021-01-25,Tochigi,0.92,18,2,0.1,3575,39,1.09,183.71,2.0,0.18,1946000,16.85,-3.4,118.66,-0.67
2021-01-24,Tochigi,1.49,29,1,0.05,3557,37,1.04,182.79,1.9,0.18,1946000,20.25,-1.28,119.33,0.05
2021-01-23,Tochigi,2.06,40,2,0.1,3528,36,1.02,181.29,1.85,0.18,1946000,21.53,-2.87,119.28,-0.1
2021-01-22,Tochigi,2.77,54,4,0.21,3488,34,0.97,179.24,1.75,0.18,1946000,24.4,-2.16,119.38,0.97
2021-01-21,Tochigi,2.52,49,1,0.05,3434,30,0.87,176.46,1.54,0.18,1946000,26.56,-1.44,118.41,1.29
2021-01-20,Tochigi,2.26,44,5,0.26,3385,29,0.86,173.95,1.49,0.17,1946000,28.0,-4.99,117.12,0.56
2021-01-19,Tochigi,4.83,94,4,0.21,3341,24,0.72,171.69,1.23,0.17,1946000,32.99,0.56,116.56,3.08
2021-01-18,Tochigi,4.32,84,1,0.05,3247,20,0.62,166.86,1.03,0.17,1946000,32.43,-1.13,113.48,3.45
2021-01-17,Tochigi,2.77,54,0,0.0,3163,19,0.6,162.54,0.98,0.16,1946000,33.56,-3.29,110.03,1.74
2021-01-16,Tochigi,4.93,96,1,0.05,3109,19,0.61,159.76,0.98,0.16,1946000,36.85,-2.16,108.29,4.26
2021-01-15,Tochigi,4.93,96,1,0.05,3013,18,0.6,154.83,0.92,0.15,1946000,39.01,-2.78,104.03,3.85
2021-01-14,Tochigi,3.96,77,0,0.0,2917,17,0.58,149.9,0.87,0.15,1946000,41.79,-2.72,100.18,2.42
2021-01-13,Tochigi,7.25,141,0,0.0,2840,17,0.6,145.94,0.87,0.15,1946000,44.51,0.47,97.76,6.07
2021-01-12,Tochigi,4.27,83,4,0.21,2699,17,0.63,138.69,0.87,0.14,1946000,44.04,-1.43,91.69,2.47
2021-01-11,Tochigi,5.45,106,2,0.1,2616,13,0.5,134.43,0.67,0.13,1946000,45.47,1.9,89.22,4.94
2021-01-10,Tochigi,6.06,118,2,0.1,2510,11,0.44,128.98,0.57,0.13,1946000,43.57,2.36,84.28,5.55
2021-01-09,Tochigi,7.09,138,0,0.0,2392,9,0.38,122.92,0.46,0.12,1946000,41.21,4.21,78.73,6.01
2021-01-08,Tochigi,7.71,150,2,0.1,2254,9,0.4,115.83,0.46,0.12,1946000,37.0,4.83,72.72,6.84
2021-01-07,Tochigi,6.68,130,0,0.0,2104,7,0.33,108.12,0.36,0.11,1946000,32.17,2.93,65.88,5.55
2021-01-06,Tochigi,6.78,132,0,0.0,1974,7,0.35,101.44,0.36,0.1,1946000,29.24,3.9,60.33,5.86
2021-01-05,Tochigi,5.7,111,1,0.05,1842,7,0.38,94.66,0.36,0.09,1946000,25.34,1.43,54.47,4.83
2021-01-04,Tochigi,3.55,69,0,0.0,1731,6,0.35,88.95,0.31,0.09,1946000,23.91,1.96,49.64,2.73
2021-01-03,Tochigi,3.7,72,0,0.0,1662,6,0.36,85.41,0.31,0.09,1946000,21.95,2.26,46.91,2.83
2021-01-02,Tochigi,2.88,56,0,0.0,1590,6,0.38,81.71,0.31,0.08,1946000,19.69,0.72,44.08,2.21
2021-01-01,Tochigi,2.88,56,0,0.0,1534,6,0.39,78.83,0.31,0.08,1946000,18.97,1.08,41.87,2.01
2020-12-31,Tochigi,3.75,73,0,0.0,1478,6,0.41,75.95,0.31,0.08,1946000,17.89,2.52,39.86,3.03
2020-12-30,Tochigi,2.88,56,0,0.0,1405,6,0.43,72.2,0.31,0.07,1946000,15.37,1.18,36.83,1.65
2020-12-29,Tochigi,4.27,83,0,0.0,1349,6,0.44,69.32,0.31,0.07,1946000,14.19,2.52,35.18,2.93
2020-12-28,Tochigi,1.59,31,0,0.0,1266,6,0.47,65.06,0.31,0.07,1946000,11.67,0.72,32.25,1.38
2020-12-27,Tochigi,1.44,28,0,0.0,1235,6,0.49,63.46,0.31,0.06,1946000,10.95,0.41,30.87,0.67
2020-12-26,Tochigi,2.16,42,0,0.0,1207,6,0.5,62.02,0.31,0.06,1946000,10.54,1.49,30.2,1.54
2020-12-25,Tochigi,1.8,35,0,0.0,1165,6,0.52,59.87,0.31,0.06,1946000,9.05,0.72,28.66,1.39
2020-12-24,Tochigi,1.23,24,1,0.05,1130,6,0.53,58.07,0.31,0.06,1946000,8.33,-0.31,27.27,1.02
2020-12-23,Tochigi,1.7,33,0,0.0,1106,5,0.45,56.83,0.26,0.06,1946000,8.64,0.52,26.25,1.13
2020-12-22,Tochigi,1.75,34,0,0.0,1073,5,0.47,55.14,0.26,0.06,1946000,8.12,-0.05,25.12,1.18
2020-12-21,Tochigi,0.87,17,0,0.0,1039,5,0.48,53.39,0.26,0.05,1946000,8.17,0.36,23.94,0.82
2020-12-20,Tochigi,1.03,20,0,0.0,1022,5,0.49,52.52,0.26,0.05,1946000,7.81,0.52,23.12,0.31
2020-12-19,Tochigi,0.67,13,1,0.05,1002,5,0.5,51.49,0.26,0.05,1946000,7.29,-0.41,22.81,0.26
2020-12-18,Tochigi,1.08,21,1,0.05,989,4,0.4,50.82,0.21,0.05,1946000,7.7,0.21,22.55,0.67
2020-12-17,Tochigi,1.54,30,0,0.0,968,3,0.31,49.74,0.15,0.05,1946000,7.49,0.41,21.88,0.77
2020-12-16,Tochigi,1.18,23,0,0.0,938,3,0.32,48.2,0.15,0.05,1946000,7.08,0.26,21.11,0.97
2020-12-15,Tochigi,1.8,35,0,0.0,915,3,0.33,47.02,0.15,0.05,1946000,6.82,0.93,20.14,1.49
2020-12-14,Tochigi,0.51,10,0,0.0,880,3,0.34,45.22,0.15,0.05,1946000,5.89,-0.31,18.65,0.46
2020-12-13,Tochigi,0.51,10,0,0.0,870,3,0.34,44.71,0.15,0.04,1946000,6.2,-0.36,18.19,0.36
2020-12-12,Tochigi,1.08,21,0,0.0,860,3,0.35,44.19,0.15,0.04,1946000,6.56,0.41,17.83,0.87
2020-12-11,Tochigi,0.87,17,0,0.0,839,3,0.36,43.11,0.15,0.04,1946000,6.15,0.0,16.96,0.77
2020-12-10,Tochigi,1.13,22,0,0.0,822,3,0.36,42.24,0.15,0.04,1946000,6.15,0.41,16.19,1.03
2020-12-09,Tochigi,0.92,18,1,0.05,800,3,0.38,41.11,0.15,0.04,1946000,5.74,-0.31,15.16,0.82
2020-12-08,Tochigi,0.87,17,0,0.0,782,2,0.26,40.18,0.1,0.04,1946000,6.05,-0.47,14.34,0.66
2020-12-07,Tochigi,0.82,16,0,0.0,765,2,0.26,39.31,0.1,0.04,1946000,6.52,0.61,13.68,0.77
2020-12-06,Tochigi,0.87,17,0,0.0,749,2,0.27,38.49,0.1,0.04,1946000,5.91,0.1,12.91,0.87
2020-12-05,Tochigi,0.67,13,0,0.0,732,2,0.27,37.62,0.1,0.04,1946000,5.81,0.05,12.04,0.57
2020-12-04,Tochigi,0.87,17,0,0.0,719,2,0.28,36.95,0.1,0.04,1946000,5.76,0.46,11.47,0.77
2020-12-03,Tochigi,0.72,14,0,0.0,702,2,0.28,36.07,0.1,0.04,1946000,5.3,0.51,10.7,0.67
2020-12-02,Tochigi,1.23,24,0,0.0,688,2,0.29,35.35,0.1,0.04,1946000,4.79,0.66,10.03,1.18
2020-12-01,Tochigi,1.34,26,0,0.0,664,2,0.3,34.12,0.1,0.03,1946000,4.13,0.77,8.85,1.24
2020-11-30,Tochigi,0.21,4,0,0.0,638,2,0.31,32.79,0.1,0.03,1946000,3.36,0.16,7.61,0.16
2020-11-29,Tochigi,0.77,15,0,0.0,634,2,0.32,32.58,0.1,0.03,1946000,3.2,0.05,7.45,0.77
2020-11-28,Tochigi,0.62,12,0,0.0,619,2,0.32,31.81,0.1,0.03,1946000,3.15,0.21,6.68,0.52
2020-11-27,Tochigi,0.41,8,0,0.0,607,2,0.33,31.19,0.1,0.03,1946000,2.94,0.0,6.16,0.26
2020-11-26,Tochigi,0.21,4,0,0.0,599,2,0.33,30.78,0.1,0.03,1946000,2.94,-0.56,5.9,0.11
2020-11-25,Tochigi,0.57,11,0,0.0,595,2,0.34,30.58,0.1,0.03,1946000,3.5,0.36,5.79,0.47
2020-11-24,Tochigi,0.57,11,0,0.0,584,2,0.34,30.01,0.1,0.03,1946000,3.14,0.26,5.32,0.42
2020-11-23,Tochigi,0.05,1,0,0.0,573,2,0.35,29.45,0.1,0.03,1946000,2.88,0.0,4.9,0.05
2020-11-22,Tochigi,0.72,14,0,0.0,572,2,0.35,29.39,0.1,0.03,1946000,2.88,0.57,4.85,0.67
2020-11-21,Tochigi,0.41,8,0,0.0,558,2,0.36,28.67,0.1,0.03,1946000,2.31,0.2,4.18,0.41
2020-11-20,Tochigi,0.41,8,0,0.0,550,2,0.36,28.26,0.1,0.03,1946000,2.11,0.31,3.77,0.26
2020-11-19,Tochigi,0.77,15,0,0.0,542,2,0.37,27.85,0.1,0.03,1946000,1.8,0.67,3.51,0.77
2020-11-18,Tochigi,0.21,4,0,0.0,527,2,0.38,27.08,0.1,0.03,1946000,1.13,0.11,2.74,0.11
2020-11-17,Tochigi,0.31,6,0,0.0,523,2,0.38,26.88,0.1,0.03,1946000,1.02,0.1,2.63,0.05
2020-11-16,Tochigi,0.05,1,0,0.0,517,2,0.39,26.57,0.1,0.03,1946000,0.92,0.0,2.58,0.0
2020-11-15,Tochigi,0.15,3,0,0.0,516,2,0.39,26.52,0.1,0.03,1946000,0.92,0.15,2.58,0.05
2020-11-14,Tochigi,0.21,4,0,0.0,513,2,0.39,26.36,0.1,0.03,1946000,0.77,0.11,2.53,-0.05
2020-11-13,Tochigi,0.1,2,1,0.05,509,2,0.39,26.16,0.1,0.03,1946000,0.66,0.0,2.58,-0.16
2020-11-12,Tochigi,0.1,2,0,0.0,507,1,0.2,26.05,0.05,0.03,1946000,0.66,0.05,2.74,0.05
2020-11-11,Tochigi,0.1,2,0,0.0,505,1,0.2,25.95,0.05,0.03,1946000,0.61,0.05,2.69,-0.31
2020-11-10,Tochigi,0.21,4,0,0.0,503,1,0.2,25.85,0.05,0.03,1946000,0.56,0.11,3.0,0.21
2020-11-09,Tochigi,0.05,1,0,0.0,499,1,0.2,25.64,0.05,0.03,1946000,0.45,0.0,2.79,0.05
2020-11-08,Tochigi,0.0,0,0,0.0,498,1,0.2,25.59,0.05,0.03,1946000,0.45,0.0,2.74,0.0
2020-11-07,Tochigi,0.1,2,0,0.0,498,1,0.2,25.59,0.05,0.03,1946000,0.45,0.0,2.74,0.0
2020-11-06,Tochigi,0.1,2,0,0.0,496,1,0.2,25.49,0.05,0.03,1946000,0.45,-0.05,2.74,0.1
2020-11-05,Tochigi,0.05,1,0,0.0,494,1,0.2,25.39,0.05,0.03,1946000,0.5,-0.05,2.64,0.05
2020-11-04,Tochigi,0.05,1,0,0.0,493,1,0.2,25.33,0.05,0.03,1946000,0.55,-0.05,2.59,0.0
2020-11-03,Tochigi,0.1,2,0,0.0,492,1,0.2,25.28,0.05,0.03,1946000,0.6,-0.05,2.59,-0.11
2020-11-02,Tochigi,0.05,1,0,0.0,490,1,0.2,25.18,0.05,0.03,1946000,0.65,0.05,2.7,0.0
2020-11-01,Tochigi,0.0,0,0,0.0,489,1,0.2,25.13,0.05,0.03,1946000,0.6,-0.05,2.7,-0.1
2020-10-31,Tochigi,0.1,2,0,0.0,489,1,0.2,25.13,0.05,0.03,1946000,0.65,0.1,2.8,0.0
2020-10-30,Tochigi,0.15,3,0,0.0,487,1,0.21,25.03,0.05,0.03,1946000,0.55,0.0,2.8,0.1
2020-10-29,Tochigi,0.1,2,0,0.0,484,1,0.21,24.87,0.05,0.02,1946000,0.55,0.1,2.7,0.05
2020-10-28,Tochigi,0.1,2,0,0.0,482,1,0.21,24.77,0.05,0.02,1946000,0.45,0.0,2.65,-0.05
2020-10-27,Tochigi,0.15,3,0,0.0,480,1,0.21,24.67,0.05,0.02,1946000,0.45,-0.11,2.7,0.1
2020-10-26,Tochigi,0.0,0,0,0.0,477,1,0.21,24.51,0.05,0.02,1946000,0.56,-0.05,2.6,0.0
2020-10-25,Tochigi,0.05,1,0,0.0,477,1,0.21,24.51,0.05,0.02,1946000,0.61,-0.05,2.6,0.05
2020-10-24,Tochigi,0.0,0,0,0.0,476,1,0.21,24.46,0.05,0.02,1946000,0.66,-0.26,2.55,-0.05
2020-10-23,Tochigi,0.15,3,0,0.0,476,1,0.21,24.46,0.05,0.02,1946000,0.92,-0.11,2.6,-0.62
2020-10-22,Tochigi,0.0,0,0,0.0,473,1,0.21,24.31,0.05,0.02,1946000,1.03,-0.05,3.22,-0.15
2020-10-21,Tochigi,0.1,2,0,0.0,473,1,0.21,24.31,0.05,0.02,1946000,1.08,-0.31,3.37,-0.21
2020-10-20,Tochigi,0.26,5,0,0.0,471,1,0.21,24.2,0.05,0.02,1946000,1.39,0.26,3.58,0.21
2020-10-19,Tochigi,0.05,1,0,0.0,466,1,0.21,23.95,0.05,0.02,1946000,1.13,0.05,3.37,-0.62
2020-10-18,Tochigi,0.1,2,0,0.0,465,1,0.22,23.9,0.05,0.02,1946000,1.08,0.1,3.99,0.0
2020-10-17,Tochigi,0.26,5,0,0.0,463,1,0.22,23.79,0.05,0.02,1946000,0.98,0.16,3.99,-0.2
2020-10-16,Tochigi,0.26,5,0,0.0,458,1,0.22,23.54,0.05,0.02,1946000,0.82,0.26,4.19,0.21
2020-10-15,Tochigi,0.05,1,0,0.0,453,1,0.22,23.28,0.05,0.02,1946000,0.56,0.05,3.98,-0.26
2020-10-14,Tochigi,0.41,8,0,0.0,452,1,0.22,23.23,0.05,0.02,1946000,0.51,0.36,4.24,0.36
2020-10-13,Tochigi,0.0,0,0,0.0,444,1,0.23,22.82,0.05,0.02,1946000,0.15,-0.21,3.88,-0.46
2020-10-12,Tochigi,0.0,0,0,0.0,444,1,0.23,22.82,0.05,0.02,1946000,0.36,-0.05,4.34,-1.08
2020-10-11,Tochigi,0.0,0,0,0.0,444,1,0.23,22.82,0.05,0.02,1946000,0.41,-0.1,5.42,0.0
2020-10-10,Tochigi,0.1,2,0,0.0,444,1,0.23,22.82,0.05,0.02,1946000,0.51,0.0,5.42,-0.41
2020-10-09,Tochigi,0.0,0,0,0.0,442,1,0.23,22.71,0.05,0.02,1946000,0.51,-0.05,5.83,-0.26
2020-10-08,Tochigi,0.0,0,0,0.0,442,1,0.23,22.71,0.05,0.02,1946000,0.56,-0.05,6.09,-0.21
2020-10-07,Tochigi,0.05,1,0,0.0,442,1,0.23,22.71,0.05,0.02,1946000,0.61,-0.1,6.3,-0.1
2020-10-06,Tochigi,0.21,4,0,0.0,441,1,0.23,22.66,0.05,0.02,1946000,0.71,0.16,6.4,0.11
2020-10-05,Tochigi,0.05,1,0,0.0,437,1,0.23,22.46,0.05,0.02,1946000,0.55,0.05,6.29,-0.16
2020-10-04,Tochigi,0.1,2,0,0.0,436,1,0.23,22.4,0.05,0.02,1946000,0.5,0.1,6.45,0.05
2020-10-03,Tochigi,0.1,2,0,0.0,434,1,0.23,22.3,0.05,0.02,1946000,0.4,0.05,6.4,0.1
2020-10-02,Tochigi,0.05,1,0,0.0,432,1,0.23,22.2,0.05,0.02,1946000,0.35,-0.72,6.3,0.0
2020-10-01,Tochigi,0.05,1,0,0.0,431,1,0.23,22.15,0.05,0.02,1946000,1.07,-0.1,6.3,0.0
2020-09-30,Tochigi,0.15,3,0,0.0,430,1,0.23,22.1,0.05,0.02,1946000,1.17,-0.16,6.3,0.1
2020-09-29,Tochigi,0.05,1,0,0.0,427,1,0.23,21.94,0.05,0.02,1946000,1.33,0.0,6.2,-0.1
2020-09-28,Tochigi,0.0,0,0,0.0,426,1,0.23,21.89,0.05,0.02,1946000,1.33,-0.67,6.3,0.0
2020-09-27,Tochigi,0.0,0,0,0.0,426,1,0.23,21.89,0.05,0.02,1946000,2.0,-0.1,6.3,0.0
2020-09-26,Tochigi,0.05,1,0,0.0,426,1,0.23,21.89,0.05,0.02,1946000,2.1,-0.41,6.3,0.0
2020-09-25,Tochigi,0.77,15,0,0.0,425,1,0.24,21.84,0.05,0.02,1946000,2.51,0.72,6.3,0.41
2020-09-24,Tochigi,0.15,3,0,0.0,410,1,0.24,21.07,0.05,0.02,1946000,1.79,-0.16,5.89,0.1
2020-09-23,Tochigi,0.31,6,0,0.0,407,1,0.25,20.91,0.05,0.02,1946000,1.95,0.26,5.79,0.05
2020-09-22,Tochigi,0.05,1,0,0.0,401,1,0.25,20.61,0.05,0.02,1946000,1.69,-0.41,5.74,0.05
2020-09-21,Tochigi,0.67,13,0,0.0,400,1,0.25,20.55,0.05,0.02,1946000,2.1,-0.41,5.69,0.67
2020-09-20,Tochigi,0.1,2,0,0.0,387,1,0.26,19.89,0.05,0.02,1946000,2.51,0.1,5.02,0.05
2020-09-19,Tochigi,0.46,9,0,0.0,385,1,0.26,19.78,0.05,0.02,1946000,2.41,-0.05,4.97,0.46
2020-09-18,Tochigi,0.05,1,0,0.0,376,1,0.27,19.32,0.05,0.02,1946000,2.46,-0.21,4.51,-0.05
2020-09-17,Tochigi,0.31,6,0,0.0,375,1,0.27,19.27,0.05,0.02,1946000,2.67,0.1,4.56,0.21
2020-09-16,Tochigi,0.05,1,0,0.0,369,1,0.27,18.96,0.05,0.02,1946000,2.57,-0.1,4.35,-0.05
2020-09-15,Tochigi,0.46,9,0,0.0,368,1,0.27,18.91,0.05,0.02,1946000,2.67,0.36,4.4,0.2
2020-09-14,Tochigi,1.08,21,0,0.0,359,1,0.28,18.45,0.05,0.02,1946000,2.31,0.87,4.2,1.03
2020-09-13,Tochigi,0.0,0,0,0.0,338,1,0.3,17.37,0.05,0.02,1946000,1.44,-0.05,3.17,-0.36
2020-09-12,Tochigi,0.51,10,0,0.0,338,1,0.3,17.37,0.05,0.02,1946000,1.49,0.51,3.53,0.51
2020-09-11,Tochigi,0.26,5,0,0.0,328,1,0.3,16.86,0.05,0.02,1946000,0.98,0.21,3.02,0.05
2020-09-10,Tochigi,0.21,4,0,0.0,323,1,0.31,16.6,0.05,0.02,1946000,0.77,0.16,2.97,0.0
2020-09-09,Tochigi,0.15,3,0,0.0,319,1,0.31,16.39,0.05,0.02,1946000,0.61,0.1,2.97,-0.31
2020-09-08,Tochigi,0.1,2,0,0.0,316,1,0.32,16.24,0.05,0.02,1946000,0.51,-0.05,3.28,-0.05
2020-09-07,Tochigi,0.21,4,0,0.0,314,1,0.32,16.14,0.05,0.02,1946000,0.56,0.21,3.33,0.06
2020-09-06,Tochigi,0.05,1,0,0.0,310,1,0.32,15.93,0.05,0.02,1946000,0.35,0.05,3.27,-0.1
2020-09-05,Tochigi,0.0,0,0,0.0,309,1,0.32,15.88,0.05,0.02,1946000,0.3,-0.05,3.37,-0.26
2020-09-04,Tochigi,0.05,1,0,0.0,309,1,0.32,15.88,0.05,0.02,1946000,0.35,-0.31,3.63,-0.36
2020-09-03,Tochigi,0.05,1,0,0.0,308,1,0.32,15.83,0.05,0.02,1946000,0.66,0.0,3.99,-0.26
2020-09-02,Tochigi,0.05,1,0,0.0,307,1,0.33,15.78,0.05,0.02,1946000,0.66,-0.21,4.25,-0.82
2020-09-01,Tochigi,0.15,3,0,0.0,306,1,0.33,15.72,0.05,0.02,1946000,0.87,0.15,5.07,-0.11
2020-08-31,Tochigi,0.0,0,0,0.0,303,1,0.33,15.57,0.05,0.02,1946000,0.72,0.0,5.18,-0.15
2020-08-30,Tochigi,0.0,0,0,0.0,303,1,0.33,15.57,0.05,0.02,1946000,0.72,-0.05,5.33,-0.21
2020-08-29,Tochigi,0.05,1,0,0.0,303,1,0.33,15.57,0.05,0.02,1946000,0.77,0.05,5.54,0.05
2020-08-28,Tochigi,0.36,7,0,0.0,302,1,0.33,15.52,0.05,0.02,1946000,0.72,0.26,5.49,0.15
2020-08-27,Tochigi,0.05,1,0,0.0,295,1,0.34,15.16,0.05,0.02,1946000,0.46,-0.05,5.34,-0.26
2020-08-26,Tochigi,0.26,5,0,0.0,294,1,0.34,15.11,0.05,0.02,1946000,0.51,0.16,5.6,-0.46
2020-08-25,Tochigi,0.0,0,0,0.0,289,1,0.35,14.85,0.05,0.01,1946000,0.35,-0.26,6.06,-0.21
2020-08-24,Tochigi,0.0,0,0,0.0,289,1,0.35,14.85,0.05,0.01,1946000,0.61,-0.05,6.27,-0.21
2020-08-23,Tochigi,0.05,1,0,0.0,289,1,0.35,14.85,0.05,0.01,1946000,0.66,-0.31,6.48,-0.16
2020-08-22,Tochigi,0.0,0,0,0.0,288,1,0.35,14.8,0.05,0.01,1946000,0.97,0.0,6.64,-0.41
2020-08-21,Tochigi,0.1,2,0,0.0,288,1,0.35,14.8,0.05,0.01,1946000,0.97,-0.11,7.05,-0.11
2020-08-20,Tochigi,0.1,2,0,0.0,286,1,0.35,14.7,0.05,0.01,1946000,1.08,-0.11,7.16,-0.16
2020-08-19,Tochigi,0.1,2,0,0.0,284,1,0.35,14.59,0.05,0.01,1946000,1.19,-0.36,7.32,-0.05
2020-08-18,Tochigi,0.26,5,0,0.0,282,1,0.35,14.49,0.05,0.01,1946000,1.55,0.11,7.37,0.11
2020-08-17,Tochigi,0.05,1,0,0.0,277,1,0.36,14.23,0.05,0.01,1946000,1.44,-0.1,7.26,-0.1
2020-08-16,Tochigi,0.36,7,0,0.0,276,1,0.36,14.18,0.05,0.01,1946000,1.54,0.21,7.36,-0.1
2020-08-15,Tochigi,0.0,0,0,0.0,269,1,0.37,13.82,0.05,0.01,1946000,1.33,-0.26,7.46,-0.31
2020-08-14,Tochigi,0.21,4,0,0.0,269,1,0.37,13.82,0.05,0.01,1946000,1.59,-0.2,7.77,-0.1
2020-08-13,Tochigi,0.21,4,0,0.0,265,1,0.38,13.62,0.05,0.01,1946000,1.79,-0.1,7.87,-0.05
2020-08-12,Tochigi,0.46,9,0,0.0,261,1,0.38,13.41,0.05,0.01,1946000,1.89,-0.41,7.92,0.25
2020-08-11,Tochigi,0.15,3,1,0.05,252,1,0.4,12.95,0.05,0.01,1946000,2.3,-0.11,7.67,-0.11
2020-08-10,Tochigi,0.15,3,0,0.0,249,0,0.0,12.8,0.0,0.01,1946000,2.41,0.0,7.78,0.0
2020-08-09,Tochigi,0.15,3,0,0.0,246,0,0.0,12.64,0.0,0.01,1946000,2.41,-0.06,7.78,0.05
2020-08-08,Tochigi,0.26,5,0,0.0,243,0,0.0,12.49,0.0,0.01,1946000,2.47,0.26,7.73,0.26
2020-08-07,Tochigi,0.41,8,0,0.0,238,0,0.0,12.23,0.0,0.01,1946000,2.21,0.2,7.47,0.26
2020-08-06,Tochigi,0.31,6,0,0.0,230,0,0.0,11.82,0.0,0.01,1946000,2.01,0.0,7.21,0.31
2020-08-05,Tochigi,0.87,17,0,0.0,224,0,0.0,11.51,0.0,0.01,1946000,2.01,0.15,6.9,0.77
2020-08-04,Tochigi,0.26,5,0,0.0,207,0,0.0,10.64,0.0,0.01,1946000,1.86,0.05,6.13,0.21
2020-08-03,Tochigi,0.15,3,0,0.0,202,0,0.0,10.38,0.0,0.01,1946000,1.81,-0.06,5.92,0.15
2020-08-02,Tochigi,0.21,4,0,0.0,199,0,0.0,10.23,0.0,0.01,1946000,1.87,0.0,5.77,0.16
2020-08-01,Tochigi,0.0,0,0,0.0,195,0,0.0,10.02,0.0,0.01,1946000,1.87,-0.41,5.61,0.0
2020-07-31,Tochigi,0.21,4,0,0.0,195,0,0.0,10.02,0.0,0.01,1946000,2.28,0.0,5.61,0.11
2020-07-30,Tochigi,0.31,6,0,0.0,191,0,0.0,9.82,0.0,0.01,1946000,2.28,0.05,5.5,0.21
2020-07-29,Tochigi,0.72,14,0,0.0,185,0,0.0,9.51,0.0,0.01,1946000,2.23,0.57,5.29,0.57
2020-07-28,Tochigi,0.21,4,0,0.0,171,0,0.0,8.79,0.0,0.01,1946000,1.66,0.06,4.72,0.06
2020-07-27,Tochigi,0.21,4,0,0.0,167,0,0.0,8.58,0.0,0.01,1946000,1.6,0.06,4.66,0.11
2020-07-26,Tochigi,0.21,4,0,0.0,163,0,0.0,8.38,0.0,0.01,1946000,1.54,-0.25,4.55,-0.05
2020-07-25,Tochigi,0.41,8,0,0.0,159,0,0.0,8.17,0.0,0.01,1946000,1.79,0.1,4.6,0.26
2020-07-24,Tochigi,0.21,4,0,0.0,151,0,0.0,7.76,0.0,0.01,1946000,1.69,-0.1,4.34,0.21
2020-07-23,Tochigi,0.26,5,0,0.0,147,0,0.0,7.55,0.0,0.01,1946000,1.79,0.0,4.13,0.26
2020-07-22,Tochigi,0.15,3,0,0.0,142,0,0.0,7.3,0.0,0.01,1946000,1.79,-0.06,3.87,0.15
2020-07-21,Tochigi,0.15,3,0,0.0,139,0,0.0,7.14,0.0,0.01,1946000,1.85,-0.11,3.72,0.15
2020-07-20,Tochigi,0.15,3,0,0.0,136,0,0.0,6.99,0.0,0.01,1946000,1.96,0.0,3.57,0.15
2020-07-19,Tochigi,0.46,9,0,0.0,133,0,0.0,6.83,0.0,0.01,1946000,1.96,0.36,3.42,0.46
2020-07-18,Tochigi,0.31,6,0,0.0,124,0,0.0,6.37,0.0,0.01,1946000,1.6,0.31,2.96,0.31
2020-07-17,Tochigi,0.31,6,0,0.0,118,0,0.0,6.06,0.0,0.01,1946000,1.29,0.16,2.65,0.31
2020-07-16,Tochigi,0.26,5,0,0.0,112,0,0.0,5.76,0.0,0.01,1946000,1.13,0.26,2.34,0.26
2020-07-15,Tochigi,0.21,4,0,0.0,107,0,0.0,5.5,0.0,0.01,1946000,0.87,0.11,2.08,0.21
2020-07-14,Tochigi,0.26,5,0,0.0,103,0,0.0,5.29,0.0,0.01,1946000,0.76,0.21,1.87,0.26
2020-07-13,Tochigi,0.15,3,0,0.0,98,0,0.0,5.04,0.0,0.01,1946000,0.55,0.15,1.61,0.15
2020-07-12,Tochigi,0.1,2,0,0.0,95,0,0.0,4.88,0.0,0.0,1946000,0.4,0.05,1.46,0.1
2020-07-11,Tochigi,0.0,0,0,0.0,93,0,0.0,4.78,0.0,0.0,1946000,0.35,0.0,1.36,0.0
2020-07-10,Tochigi,0.15,3,0,0.0,93,0,0.0,4.78,0.0,0.0,1946000,0.35,0.05,1.36,0.15
2020-07-09,Tochigi,0.0,0,0,0.0,90,0,0.0,4.62,0.0,0.0,1946000,0.3,-0.1,1.21,0.0
2020-07-08,Tochigi,0.1,2,0,0.0,90,0,0.0,4.62,0.0,0.0,1946000,0.4,-0.05,1.21,0.1
2020-07-07,Tochigi,0.05,1,0,0.0,88,0,0.0,4.52,0.0,0.0,1946000,0.45,-0.1,1.11,0.05
2020-07-06,Tochigi,0.0,0,0,0.0,87,0,0.0,4.47,0.0,0.0,1946000,0.55,-0.1,1.06,0.0
2020-07-05,Tochigi,0.05,1,0,0.0,87,0,0.0,4.47,0.0,0.0,1946000,0.65,-0.21,1.06,0.05
2020-07-04,Tochigi,0.0,0,0,0.0,86,0,0.0,4.42,0.0,0.0,1946000,0.86,-0.15,1.01,0.0
2020-07-03,Tochigi,0.1,2,0,0.0,86,0,0.0,4.42,0.0,0.0,1946000,1.01,0.1,1.01,0.1
2020-07-02,Tochigi,0.1,2,0,0.0,84,0,0.0,4.32,0.0,0.0,1946000,0.91,0.1,0.91,0.1
2020-07-01,Tochigi,0.15,3,0,0.0,82,0,0.0,4.21,0.0,0.0,1946000,0.81,0.15,0.81,0.15
2020-06-30,Tochigi,0.15,3,0,0.0,79,0,0.0,4.06,0.0,0.0,1946000,0.66,0.15,0.66,0.1
2020-06-29,Tochigi,0.1,2,0,0.0,76,0,0.0,3.91,0.0,0.0,1946000,0.51,0.1,0.56,0.1
2020-06-28,Tochigi,0.26,5,0,0.0,74,0,0.0,3.8,0.0,0.0,1946000,0.41,0.26,0.46,0.26
2020-06-27,Tochigi,0.15,3,0,0.0,69,0,0.0,3.55,0.0,0.0,1946000,0.15,0.15,0.2,0.15
2020-06-26,Tochigi,0.0,0,0,0.0,66,0,0.0,3.39,0.0,0.0,1946000,-0.0,0.0,0.05,0.0
2020-06-25,Tochigi,0.0,0,0,0.0,66,0,0.0,3.39,0.0,0.0,1946000,-0.0,0.0,0.05,0.0
2020-06-24,Tochigi,0.0,0,0,0.0,66,0,0.0,3.39,0.0,0.0,1946000,-0.0,0.0,0.05,0.0
2020-06-23,Tochigi,0.0,0,0,0.0,66,0,0.0,3.39,0.0,0.0,1946000,-0.0,0.0,0.05,0.0
2020-06-22,Tochigi,0.0,0,0,0.0,66,0,0.0,3.39,0.0,0.0,1946000,-0.0,0.0,0.05,-0.05
2020-06-21,Tochigi,0.0,0,0,0.0,66,0,0.0,3.39,0.0,0.0,1946000,-0.0,0.0,0.1,0.0
2020-06-20,Tochigi,0.0,0,0,0.0,66,0,0.0,3.39,0.0,0.0,1946000,-0.0,0.0,0.1,0.0
2020-06-19,Tochigi,0.0,0,0,0.0,66,0,0.0,3.39,0.0,0.0,1946000,-0.0,0.0,0.1,0.0
2020-06-18,Tochigi,0.0,0,0,0.0,66,0,0.0,3.39,0.0,0.0,1946000,-0.0,0.0,0.1,0.0
2020-06-17,Tochigi,0.0,0,0,0.0,66,0,0.0,3.39,0.0,0.0,1946000,-0.0,0.0,0.1,-0.1
2020-06-16,Tochigi,0.0,0,0,0.0,66,0,0.0,3.39,0.0,0.0,1946000,-0.0,0.0,0.2,-0.05
2020-06-15,Tochigi,0.0,0,0,0.0,66,0,0.0,3.39,0.0,0.0,1946000,-0.0,0.0,0.25,-0.05
2020-06-14,Tochigi,0.0,0,0,0.0,66,0,0.0,3.39,0.0,0.0,1946000,-0.0,0.0,0.3,0.0
2020-06-13,Tochigi,0.0,0,0,0.0,66,0,0.0,3.39,0.0,0.0,1946000,-0.0,0.0,0.3,0.0
2020-06-12,Tochigi,0.0,0,0,0.0,66,0,0.0,3.39,0.0,0.0,1946000,-0.0,0.0,0.3,-0.1
2020-06-11,Tochigi,0.0,0,0,0.0,66,0,0.0,3.39,0.0,0.0,1946000,-0.0,0.0,0.4,-0.05
2020-06-10,Tochigi,0.0,0,0,0.0,66,0,0.0,3.39,0.0,0.0,1946000,-0.0,0.0,0.45,0.0
2020-06-09,Tochigi,0.0,0,0,0.0,66,0,0.0,3.39,0.0,0.0,1946000,-0.0,-0.05,0.45,-0.05
2020-06-08,Tochigi,0.0,0,0,0.0,66,0,0.0,3.39,0.0,0.0,1946000,0.05,0.0,0.5,0.0
2020-06-07,Tochigi,0.0,0,0,0.0,66,0,0.0,3.39,0.0,0.0,1946000,0.05,0.0,0.5,0.0
2020-06-06,Tochigi,0.0,0,0,0.0,66,0,0.0,3.39,0.0,0.0,1946000,0.05,0.0,0.5,0.0
2020-06-05,Tochigi,0.0,0,0,0.0,66,0,0.0,3.39,0.0,0.0,1946000,0.05,0.0,0.5,-0.05
2020-06-04,Tochigi,0.0,0,0,0.0,66,0,0.0,3.39,0.0,0.0,1946000,0.05,0.0,0.55,-0.05
2020-06-03,Tochigi,0.0,0,0,0.0,66,0,0.0,3.39,0.0,0.0,1946000,0.05,0.0,0.6,0.0
2020-06-02,Tochigi,0.05,1,0,0.0,66,0,0.0,3.39,0.0,0.0,1946000,0.05,0.05,0.6,0.05
2020-06-01,Tochigi,0.0,0,0,0.0,65,0,0.0,3.34,0.0,0.0,1946000,-0.0,-0.05,0.55,0.0
2020-05-31,Tochigi,0.0,0,0,0.0,65,0,0.0,3.34,0.0,0.0,1946000,0.05,0.0,0.55,0.0
2020-05-30,Tochigi,0.0,0,0,0.0,65,0,0.0,3.34,0.0,0.0,1946000,0.05,0.0,0.55,0.0
2020-05-29,Tochigi,0.0,0,0,0.0,65,0,0.0,3.34,0.0,0.0,1946000,0.05,0.0,0.55,0.0
2020-05-28,Tochigi,0.0,0,0,0.0,65,0,0.0,3.34,0.0,0.0,1946000,0.05,0.0,0.55,0.0
2020-05-27,Tochigi,0.0,0,0,0.0,65,0,0.0,3.34,0.0,0.0,1946000,0.05,-0.1,0.55,0.0
2020-05-26,Tochigi,0.0,0,0,0.0,65,0,0.0,3.34,0.0,0.0,1946000,0.15,-0.05,0.55,0.0
2020-05-25,Tochigi,0.05,1,0,0.0,65,0,0.0,3.34,0.0,0.0,1946000,0.2,0.0,0.55,0.05
2020-05-24,Tochigi,0.0,0,0,0.0,64,0,0.0,3.29,0.0,0.0,1946000,0.2,0.0,0.5,-0.1
2020-05-23,Tochigi,0.0,0,0,0.0,64,0,0.0,3.29,0.0,0.0,1946000,0.2,0.0,0.6,0.0
2020-05-22,Tochigi,0.0,0,0,0.0,64,0,0.0,3.29,0.0,0.0,1946000,0.2,-0.1,0.6,0.0
2020-05-21,Tochigi,0.0,0,0,0.0,64,0,0.0,3.29,0.0,0.0,1946000,0.3,-0.05,0.6,0.0
2020-05-20,Tochigi,0.1,2,0,0.0,64,0,0.0,3.29,0.0,0.0,1946000,0.35,0.1,0.6,0.05
2020-05-19,Tochigi,0.05,1,0,0.0,62,0,0.0,3.19,0.0,0.0,1946000,0.25,0.0,0.55,-0.05
2020-05-18,Tochigi,0.05,1,0,0.0,61,0,0.0,3.13,0.0,0.0,1946000,0.25,0.05,0.6,-0.1
2020-05-17,Tochigi,0.0,0,0,0.0,60,0,0.0,3.08,0.0,0.0,1946000,0.2,0.0,0.7,-0.1
2020-05-16,Tochigi,0.0,0,0,0.0,60,0,0.0,3.08,0.0,0.0,1946000,0.2,0.0,0.8,0.0
2020-05-15,Tochigi,0.1,2,0,0.0,60,0,0.0,3.08,0.0,0.0,1946000,0.2,0.05,0.8,0.0
2020-05-14,Tochigi,0.05,1,0,0.0,58,0,0.0,2.98,0.0,0.0,1946000,0.15,0.0,0.8,-0.05
2020-05-13,Tochigi,0.0,0,0,0.0,57,0,0.0,2.93,0.0,0.0,1946000,0.15,0.0,0.85,-0.15
2020-05-12,Tochigi,0.05,1,0,0.0,57,0,0.0,2.93,0.0,0.0,1946000,0.15,0.05,1.0,0.0
2020-05-11,Tochigi,0.0,0,0,0.0,56,0,0.0,2.88,0.0,0.0,1946000,0.1,0.0,1.0,-0.05
2020-05-10,Tochigi,0.0,0,0,0.0,56,0,0.0,2.88,0.0,0.0,1946000,0.1,0.0,1.05,0.0
2020-05-09,Tochigi,0.0,0,0,0.0,56,0,0.0,2.88,0.0,0.0,1946000,0.1,0.0,1.05,0.0
2020-05-08,Tochigi,0.05,1,0,0.0,56,0,0.0,2.88,0.0,0.0,1946000,0.1,0.05,1.05,-0.16
2020-05-07,Tochigi,0.05,1,0,0.0,55,0,0.0,2.83,0.0,0.0,1946000,0.05,0.05,1.21,-0.21
2020-05-06,Tochigi,0.0,0,0,0.0,54,0,0.0,2.77,0.0,0.0,1946000,-0.0,0.0,1.42,-0.31
2020-05-05,Tochigi,0.0,0,0,0.0,54,0,0.0,2.77,0.0,0.0,1946000,-0.0,0.0,1.73,-0.15
2020-05-04,Tochigi,0.0,0,0,0.0,54,0,0.0,2.77,0.0,0.0,1946000,-0.0,0.0,1.88,0.0
2020-05-03,Tochigi,0.0,0,0,0.0,54,0,0.0,2.77,0.0,0.0,1946000,-0.0,-0.1,1.88,0.0
2020-05-02,Tochigi,0.0,0,0,0.0,54,0,0.0,2.77,0.0,0.0,1946000,0.1,0.0,1.88,0.0
2020-05-01,Tochigi,0.0,0,0,0.0,54,0,0.0,2.77,0.0,0.0,1946000,0.1,0.0,1.88,0.0
2020-04-30,Tochigi,0.0,0,0,0.0,54,0,0.0,2.77,0.0,0.0,1946000,0.1,0.0,1.88,0.0
2020-04-29,Tochigi,0.0,0,0,0.0,54,0,0.0,2.77,0.0,0.0,1946000,0.1,-0.05,1.88,-0.15
2020-04-28,Tochigi,0.0,0,0,0.0,54,0,0.0,2.77,0.0,0.0,1946000,0.15,-0.1,2.03,-0.1
2020-04-27,Tochigi,0.0,0,0,0.0,54,0,0.0,2.77,0.0,0.0,1946000,0.25,-0.15,2.13,0.0
2020-04-26,Tochigi,0.1,2,0,0.0,54,0,0.0,2.77,0.0,0.0,1946000,0.4,0.0,2.13,0.05
2020-04-25,Tochigi,0.0,0,0,0.0,52,0,0.0,2.67,0.0,0.0,1946000,0.4,0.0,2.08,0.0
2020-04-24,Tochigi,0.0,0,0,0.0,52,0,0.0,2.67,0.0,0.0,1946000,0.4,-0.1,2.08,0.0
2020-04-23,Tochigi,0.0,0,0,0.0,52,0,0.0,2.67,0.0,0.0,1946000,0.5,-0.1,2.08,-0.05
2020-04-22,Tochigi,0.05,1,0,0.0,52,0,0.0,2.67,0.0,0.0,1946000,0.6,-0.1,2.13,-0.16
2020-04-21,Tochigi,0.1,2,0,0.0,51,0,0.0,2.62,0.0,0.0,1946000,0.7,0.05,2.29,0.0
2020-04-20,Tochigi,0.15,3,0,0.0,49,0,0.0,2.52,0.0,0.0,1946000,0.65,0.1,2.29,0.15
2020-04-19,Tochigi,0.1,2,0,0.0,46,0,0.0,2.36,0.0,0.0,1946000,0.55,0.1,2.14,0.1
2020-04-18,Tochigi,0.0,0,0,0.0,44,0,0.0,2.26,0.0,0.0,1946000,0.45,0.0,2.04,0.0
2020-04-17,Tochigi,0.1,2,0,0.0,44,0,0.0,2.26,0.0,0.0,1946000,0.45,-0.11,2.04,0.05
2020-04-16,Tochigi,0.1,2,0,0.0,42,0,0.0,2.16,0.0,0.0,1946000,0.56,-0.16,1.99,0.1
2020-04-15,Tochigi,0.15,3,0,0.0,40,0,0.0,2.06,0.0,0.0,1946000,0.72,-0.16,1.89,0.1
2020-04-14,Tochigi,0.05,1,0,0.0,37,0,0.0,1.9,0.0,0.0,1946000,0.88,-0.1,1.79,0.05
2020-04-13,Tochigi,0.05,1,0,0.0,36,0,0.0,1.85,0.0,0.0,1946000,0.98,0.05,1.74,0.05
2020-04-12,Tochigi,0.0,0,0,0.0,35,0,0.0,1.8,0.0,0.0,1946000,0.93,0.0,1.69,0.0
2020-04-11,Tochigi,0.0,0,0,0.0,35,0,0.0,1.8,0.0,0.0,1946000,0.93,0.0,1.69,0.0
2020-04-10,Tochigi,0.21,4,0,0.0,35,0,0.0,1.8,0.0,0.0,1946000,0.93,0.21,1.69,0.21
2020-04-09,Tochigi,0.26,5,0,0.0,31,0,0.0,1.59,0.0,0.0,1946000,0.72,0.26,1.48,0.26
2020-04-08,Tochigi,0.31,6,0,0.0,26,0,0.0,1.34,0.0,0.0,1946000,0.46,0.16,1.22,0.31
2020-04-07,Tochigi,0.15,3,0,0.0,20,0,0.0,1.03,0.0,0.0,1946000,0.3,0.05,0.91,0.15
2020-04-06,Tochigi,0.0,0,0,0.0,17,0,0.0,0.87,0.0,0.0,1946000,0.25,0.0,0.76,0.0
2020-04-05,Tochigi,0.0,0,0,0.0,17,0,0.0,0.87,0.0,0.0,1946000,0.25,-0.05,0.76,0.0
2020-04-04,Tochigi,0.0,0,0,0.0,17,0,0.0,0.87,0.0,0.0,1946000,0.3,0.0,0.76,0.0
2020-04-03,Tochigi,0.0,0,0,0.0,17,0,0.0,0.87,0.0,0.0,1946000,0.3,0.0,0.76,0.0
2020-04-02,Tochigi,0.0,0,0,0.0,17,0,0.0,0.87,0.0,0.0,1946000,0.3,-0.05,0.76,-0.05
2020-04-01,Tochigi,0.15,3,0,0.0,17,0,0.0,0.87,0.0,0.0,1946000,0.35,-0.06,0.81,0.15
2020-03-31,Tochigi,0.1,2,0,0.0,14,0,0.0,0.72,0.0,0.0,1946000,0.41,0.0,0.66,0.1
2020-03-30,Tochigi,0.0,0,0,0.0,12,0,0.0,0.62,0.0,0.0,1946000,0.41,0.0,0.56,0.0
2020-03-29,Tochigi,0.05,1,0,0.0,12,0,0.0,0.62,0.0,0.0,1946000,0.41,0.05,0.56,0.05
2020-03-28,Tochigi,0.0,0,0,0.0,11,0,0.0,0.57,0.0,0.0,1946000,0.36,0.0,0.51,0.0
2020-03-27,Tochigi,0.0,0,0,0.0,11,0,0.0,0.57,0.0,0.0,1946000,0.36,-0.05,0.51,0.0
2020-03-26,Tochigi,0.05,1,0,0.0,11,0,0.0,0.57,0.0,0.0,1946000,0.41,0.05,0.51,0.05
2020-03-25,Tochigi,0.21,4,0,0.0,10,0,0.0,0.51,0.0,0.0,1946000,0.36,0.16,0.46,0.21
2020-03-24,Tochigi,0.1,2,0,0.0,6,0,0.0,0.31,0.0,0.0,1946000,0.2,0.1,0.25,0.1
2020-03-23,Tochigi,0.0,0,0,0.0,4,0,0.0,0.21,0.0,0.0,1946000,0.1,0.0,0.15,0.0
2020-03-22,Tochigi,0.0,0,0,0.0,4,0,0.0,0.21,0.0,0.0,1946000,0.1,0.0,0.15,0.0
2020-03-21,Tochigi,0.0,0,0,0.0,4,0,0.0,0.21,0.0,0.0,1946000,0.1,0.0,0.15,-0.05
2020-03-20,Tochigi,0.05,1,0,0.0,4,0,0.0,0.21,0.0,0.0,1946000,0.1,0.05,0.2,0.05
2020-03-19,Tochigi,0.0,0,0,0.0,3,0,0.0,0.15,0.0,0.0,1946000,0.05,0.0,0.15,0.0
2020-03-18,Tochigi,0.05,1,0,0.0,3,0,0.0,0.15,0.0,0.0,1946000,0.05,0.05,0.15,0.05
2020-03-17,Tochigi,0.0,0,0,0.0,2,0,0.0,0.1,0.0,0.0,1946000,0.0,0.0,0.1,0.0
2020-03-16,Tochigi,0.0,0,0,0.0,2,0,0.0,0.1,0.0,0.0,1946000,0.0,0.0,0.1,0.0
2020-03-15,Tochigi,0.0,0,0,0.0,2,0,0.0,0.1,0.0,0.0,1946000,0.0,0.0,0.1,0.0
2020-03-14,Tochigi,0.0,0,0,0.0,2,0,0.0,0.1,0.0,0.0,1946000,0.0,0.0,0.1,0.0
2020-03-13,Tochigi,0.0,0,0,0.0,2,0,0.0,0.1,0.0,0.0,1946000,0.0,0.0,0.1,0.0
2020-03-12,Tochigi,0.0,0,0,0.0,2,0,0.0,0.1,0.0,0.0,1946000,0.0,-0.05,0.1,0.0
2020-03-11,Tochigi,0.0,0,0,0.0,2,0,0.0,0.1,0.0,0.0,1946000,0.05,0.0,0.1,0.0
2020-03-10,Tochigi,0.0,0,0,0.0,2,0,0.0,0.1,0.0,0.0,1946000,0.05,0.0,0.1,0.0
2020-03-09,Tochigi,0.0,0,0,0.0,2,0,0.0,0.1,0.0,0.0,1946000,0.05,0.0,0.1,0.0
2020-03-08,Tochigi,0.0,0,0,0.0,2,0,0.0,0.1,0.0,0.0,1946000,0.05,0.0,0.1,0.0
2020-03-07,Tochigi,0.0,0,0,0.0,2,0,0.0,0.1,0.0,0.0,1946000,0.05,0.0,0.1,0.0
2020-03-06,Tochigi,0.0,0,0,0.0,2,0,0.0,0.1,0.0,0.0,1946000,0.05,0.0,0.1,0.0
2020-03-05,Tochigi,0.05,1,0,0.0,2,0,0.0,0.1,0.0,0.0,1946000,0.05,0.05,0.1,0.05
2020-03-04,Tochigi,0.0,0,0,0.0,1,0,0.0,0.05,0.0,0.0,1946000,0.0,0.0,0.05,0.0
2020-03-03,Tochigi,0.0,0,0,0.0,1,0,0.0,0.05,0.0,0.0,1946000,0.0,0.0,0.05,0.0
2020-03-02,Tochigi,0.0,0,0,0.0,1,0,0.0,0.05,0.0,0.0,1946000,0.0,0.0,0.05,0.0
2020-03-01,Tochigi,0.0,0,0,0.0,1,0,0.0,0.05,0.0,0.0,1946000,0.0,0.0,0.05,0.0
2020-02-29,Tochigi,0.0,0,0,0.0,1,0,0.0,0.05,0.0,0.0,1946000,0.0,-0.05,0.05,0.0
2020-02-28,Tochigi,0.0,0,0,0.0,1,0,0.0,0.05,0.0,0.0,1946000,0.05,0.0,0.05,0.0
2020-02-27,Tochigi,0.0,0,0,0.0,1,0,0.0,0.05,0.0,0.0,1946000,0.05,0.0,0.05,0.0
2020-02-26,Tochigi,0.0,0,0,0.0,1,0,0.0,0.05,0.0,0.0,1946000,0.05,0.0,0.05,0.0
2020-02-25,Tochigi,0.0,0,0,0.0,1,0,0.0,0.05,0.0,0.0,1946000,0.05,0.0,0.05,0.0
2020-02-24,Tochigi,0.0,0,0,0.0,1,0,0.0,0.05,0.0,0.0,1946000,0.05,0.0,0.05,0.0
2020-02-23,Tochigi,0.0,0,0,0.0,1,0,0.0,0.05,0.0,0.0,1946000,0.05,0.0,0.05,0.0
2020-02-22,Tochigi,0.05,1,0,0.0,1,0,0.0,0.05,0.0,0.0,1946000,0.05,0.05,0.05,0.05
2020-02-21,Tochigi,0.0,0,0,0.0,0,0,0.0,0.0,0.0,0.0,1946000,0.0,0.0,0.0,0.0
2020-02-20,Tochigi,0.0,0,0,0.0,0,0,0.0,0.0,0.0,0.0,1946000,0.0,0.0,0.0,0.0
2020-02-19,Tochigi,0.0,0,0,0.0,0,0,0.0,0.0,0.0,0.0,1946000,0.0,0.0,0.0,0.0
2020-02-18,Tochigi,0.0,0,0,0.0,0,0,0.0,0.0,0.0,0.0,1946000,0.0,0.0,0.0,0.0
2020-02-17,Tochigi,0.0,0,0,0.0,0,0,0.0,0.0,0.0,0.0,1946000,0.0,0.0,0.0,0.0
2020-02-16,Tochigi,0.0,0,0,0.0,0,0,0.0,0.0,0.0,0.0,1946000,0.0,0.0,0.0,0.0
2020-02-15,Tochigi,0.0,0,0,0.0,0,0,0.0,0.0,0.0,0.0,1946000,0.0,0.0,0.0,0.0
2020-02-14,Tochigi,0.0,0,0,0.0,0,0,0.0,0.0,0.0,0.0,1946000,0.0,0.0,0.0,0.0
2020-02-13,Tochigi,0.0,0,0,0.0,0,0,0.0,0.0,0.0,0.0,1946000,0.0,0.0,0.0,0.0
2020-02-12,Tochigi,0.0,0,0,0.0,0,0,0.0,0.0,0.0,0.0,1946000,0.0,0.0,0.0,0.0
2020-02-11,Tochigi,0.0,0,0,0.0,0,0,0.0,0.0,0.0,0.0,1946000,0.0,0.0,0.0,0.0
2020-02-10,Tochigi,0.0,0,0,0.0,0,0,0.0,0.0,0.0,0.0,1946000,0.0,0.0,0.0,0.0
2020-02-09,Tochigi,0.0,0,0,0.0,0,0,0.0,0.0,0.0,0.0,1946000,0.0,0.0,0.0,0.0
2020-02-08,Tochigi,0.0,0,0,0.0,0,0,0.0,0.0,0.0,0.0,1946000,0.0,0.0,0.0,0.0
2020-02-07,Tochigi,0.0,0,0,0.0,0,0,0.0,0.0,0.0,0.0,1946000,0.0,0.0,0.0,0.0
2020-02-06,Tochigi,0.0,0,0,0.0,0,0,0.0,0.0,0.0,0.0,1946000,0.0,0.0,0.0,0.0
2020-02-05,Tochigi,0.0,0,0,0.0,0,0,0.0,0.0,0.0,0.0,1946000,0.0,0.0,0.0,0.0
2020-02-04,Tochigi,0.0,0,0,0.0,0,0,0.0,0.0,0.0,0.0,1946000,0.0,0.0,0.0,0.0
2020-02-03,Tochigi,0.0,0,0,0.0,0,0,0.0,0.0,0.0,0.0,1946000,0.0,0.0,0.0,0.0
2020-02-02,Tochigi,0.0,0,0,0.0,0,0,0.0,0.0,0.0,0.0,1946000,0.0,0.0,0.0,0.0
2020-02-01,Tochigi,0.0,0,0,0.0,0,0,0.0,0.0,0.0,0.0,1946000,0.0,0.0,0.0,0.0
2020-01-31,Tochigi,0.0,0,0,0.0,0,0,0.0,0.0,0.0,0.0,1946000,0.0,0.0,0.0,0.0
2020-01-30,Tochigi,0.0,0,0,0.0,0,0,0.0,0.0,0.0,0.0,1946000,0.0,0.0,0.0,0.0
2020-01-29,Tochigi,0.0,0,0,0.0,0,0,0.0,0.0,0.0,0.0,1946000,0.0,0.0,0.0,0.0
2020-01-28,Tochigi,0.0,0,0,0.0,0,0,0.0,0.0,0.0,0.0,1946000,0.0,0.0,0.0,0.0
2020-01-27,Tochigi,0.0,0,0,0.0,0,0,0.0,0.0,0.0,0.0,1946000,0.0,0.0,0.0,0.0
2020-01-26,Tochigi,0.0,0,0,0.0,0,0,0.0,0.0,0.0,0.0,1946000,0.0,0.0,0.0,0.0
2020-01-25,Tochigi,0.0,0,0,0.0,0,0,0.0,0.0,0.0,0.0,1946000,0.0,0.0,0.0,0.0
2020-01-24,Tochigi,0.0,0,0,0.0,0,0,0.0,0.0,0.0,0.0,1946000,0.0,0.0,0.0,0.0
2020-01-23,Tochigi,0.0,0,0,0.0,0,0,0.0,0.0,0.0,0.0,1946000,0.0,0.0,0.0,0.0
2020-01-22,Tochigi,0.0,0,0,0.0,0,0,0.0,0.0,0.0,0.0,1946000,0.0,0.0,0.0,0.0
2020-01-21,Tochigi,0.0,0,0,0.0,0,0,0.0,0.0,0.0,0.0,1946000,0.0,0.0,0.0,0.0
2020-01-20,Tochigi,0.0,0,0,0.0,0,0,0.0,0.0,0.0,0.0,1946000,0.0,0.0,0.0,0.0
2020-01-19,Tochigi,0.0,0,0,0.0,0,0,0.0,0.0,0.0,0.0,1946000,0.0,0.0,0.0,0.0
2020-01-18,Tochigi,0.0,0,0,0.0,0,0,0.0,0.0,0.0,0.0,1946000,0.0,0.0,0.0,0.0
2020-01-17,Tochigi,0.0,0,0,0.0,0,0,0.0,0.0,0.0,0.0,1946000,0.0,0.0,0.0,0.0
2020-01-16,Tochigi,0.0,0,0,0.0,0,0,0.0,0.0,0.0,0.0,1946000,0.0,0.0,0.0,0.0
2020-01-15,Tochigi,0.0,0,0,0.0,0,0,0.0,0.0,0.0,0.0,1946000,0.0,0.0,0.0,0.0
2020-01-14,Tochigi,0.0,0,0,0.0,0,0,0.0,0.0,0.0,0.0,1946000,0.0,0.0,0.0,0.0
2020-01-13,Tochigi,0.0,0,0,0.0,0,0,0.0,0.0,0.0,0.0,1946000,0.0,0.0,0.0,0.0
2020-01-12,Tochigi,0.0,0,0,0.0,0,0,0.0,0.0,0.0,0.0,1946000,0.0,0.0,0.0,0.0
2020-01-11,Tochigi,0.0,0,0,0.0,0,0,0.0,0.0,0.0,0.0,1946000,0.0,0.0,0.0,0.0
2020-01-10,Tochigi,0.0,0,0,0.0,0,0,0.0,0.0,0.0,0.0,1946000,0.0,0.0,0.0,0.0
2020-01-09,Tochigi,0.0,0,0,0.0,0,0,0.0,0.0,0.0,0.0,1946000,0.0,0.0,0.0,0.0
2020-01-08,Tochigi,0.0,0,0,0.0,0,0,0.0,0.0,0.0,0.0,1946000,0.0,0.0,0.0,0.0
