LAD20CD,date,local_authority,1day_cases_100k,new_cases,total_cases,total_cases_100k,%infected,population,7day_cases_100k,7day_cases_change,28day_cases_100k,28day_cases_change
E07000029,2021-09-06,Copeland,13.2,9,6330,9283.84,9.28,68183,334.41,-26.4,1290.67,-51.33
E07000029,2021-09-05,Copeland,48.4,33,6321,9270.64,9.27,68183,360.81,19.07,1342.0,23.47
E07000029,2021-09-04,Copeland,41.07,28,6288,9222.24,9.22,68183,341.74,16.14,1318.53,11.74
E07000029,2021-09-03,Copeland,61.6,42,6260,9181.17,9.18,68183,325.6,4.4,1306.79,17.6
E07000029,2021-09-02,Copeland,63.07,43,6218,9119.58,9.12,68183,321.2,7.34,1289.19,-7.33
E07000029,2021-09-01,Copeland,48.4,33,6175,9056.51,9.06,68183,313.86,4.4,1296.52,-7.33
E07000029,2021-08-31,Copeland,58.67,40,6142,9008.11,9.01,68183,309.46,1.47,1303.85,19.07
E07000029,2021-08-30,Copeland,39.6,27,6102,8949.44,8.95,68183,307.99,-16.13,1284.78,-16.13
E07000029,2021-08-29,Copeland,29.33,20,6075,8909.85,8.91,68183,324.12,-26.4,1300.91,-8.8
E07000029,2021-08-28,Copeland,24.93,17,6055,8880.51,8.88,68183,350.52,-16.14,1309.71,1.46
E07000029,2021-08-27,Copeland,57.2,39,6038,8855.58,8.86,68183,366.66,10.27,1308.25,14.67
E07000029,2021-08-26,Copeland,55.73,38,5999,8798.38,8.8,68183,356.39,11.73,1293.58,19.06
E07000029,2021-08-25,Copeland,44.0,30,5961,8742.65,8.74,68183,344.66,14.67,1274.52,5.87
E07000029,2021-08-24,Copeland,57.2,39,5931,8698.65,8.7,68183,329.99,17.6,1268.65,2.93
E07000029,2021-08-23,Copeland,55.73,38,5892,8641.45,8.64,68183,312.39,10.26,1265.72,19.06
E07000029,2021-08-22,Copeland,55.73,38,5854,8585.72,8.59,68183,302.13,10.26,1246.66,0.0
E07000029,2021-08-21,Copeland,41.07,28,5816,8529.99,8.53,68183,291.87,13.2,1246.66,2.94
E07000029,2021-08-20,Copeland,46.93,32,5788,8488.92,8.49,68183,278.67,-8.8,1243.72,-17.6
E07000029,2021-08-19,Copeland,44.0,30,5756,8441.99,8.44,68183,287.47,-14.67,1261.32,-24.93
E07000029,2021-08-18,Copeland,29.33,20,5726,8397.99,8.4,68183,302.14,-20.54,1286.25,-64.54
E07000029,2021-08-17,Copeland,39.6,27,5706,8368.65,8.37,68183,322.68,-13.2,1350.79,-48.4
E07000029,2021-08-16,Copeland,45.47,31,5679,8329.06,8.33,68183,335.88,-19.06,1399.19,-101.19
E07000029,2021-08-15,Copeland,45.47,31,5648,8283.59,8.28,68183,354.94,20.54,1500.38,-70.39
E07000029,2021-08-14,Copeland,27.87,19,5617,8238.12,8.24,68183,334.4,-1.46,1570.77,-90.93
E07000029,2021-08-13,Copeland,55.73,38,5598,8210.26,8.21,68183,335.86,11.73,1661.7,-110.0
E07000029,2021-08-12,Copeland,58.67,40,5560,8154.53,8.15,68183,324.13,-11.73,1771.7,-181.86
E07000029,2021-08-11,Copeland,49.87,34,5520,8095.86,8.1,68183,335.86,-5.86,1953.56,-175.99
E07000029,2021-08-10,Copeland,52.8,36,5486,8045.99,8.05,68183,341.72,13.2,2129.55,-111.46
E07000029,2021-08-09,Copeland,64.53,44,5450,7993.19,7.99,68183,328.52,8.8,2241.01,-54.27
E07000029,2021-08-08,Copeland,24.93,17,5406,7928.66,7.93,68183,319.72,-13.2,2295.28,-39.6
E07000029,2021-08-07,Copeland,29.33,20,5389,7903.73,7.9,68183,332.92,5.86,2334.88,-19.07
E07000029,2021-08-06,Copeland,44.0,30,5369,7874.4,7.87,68183,327.06,1.47,2353.95,-23.47
E07000029,2021-08-05,Copeland,70.4,48,5339,7830.4,7.83,68183,325.59,33.73,2377.42,-5.87
E07000029,2021-08-04,Copeland,55.73,38,5291,7760.0,7.76,68183,291.86,17.6,2383.29,-27.87
E07000029,2021-08-03,Copeland,39.6,27,5253,7704.27,7.7,68183,274.26,-14.67,2411.16,-42.53
E07000029,2021-08-02,Copeland,55.73,38,5226,7664.67,7.66,68183,288.93,19.06,2453.69,-29.34
E07000029,2021-08-01,Copeland,38.13,26,5188,7608.93,7.61,68183,269.87,-17.6,2483.03,-8.8
E07000029,2021-07-31,Copeland,23.47,16,5162,7570.8,7.57,68183,287.47,-14.66,2491.83,-2.93
E07000029,2021-07-30,Copeland,42.53,29,5146,7547.34,7.55,68183,302.13,-22.0,2494.76,5.86
E07000029,2021-07-29,Copeland,36.67,25,5117,7504.8,7.5,68183,324.13,-32.26,2488.9,13.2
E07000029,2021-07-28,Copeland,38.13,26,5092,7468.14,7.47,68183,356.39,-55.74,2475.7,4.4
E07000029,2021-07-27,Copeland,54.27,37,5066,7430.0,7.43,68183,412.13,-33.73,2471.3,36.67
E07000029,2021-07-26,Copeland,36.67,25,5029,7375.74,7.38,68183,445.86,-109.99,2434.63,13.2
E07000029,2021-07-25,Copeland,55.73,38,5004,7339.07,7.34,68183,555.85,-60.13,2421.43,39.6
E07000029,2021-07-24,Copeland,38.13,26,4966,7283.34,7.28,68183,615.98,-80.67,2381.83,22.0
E07000029,2021-07-23,Copeland,64.53,44,4940,7245.21,7.25,68183,696.65,-101.2,2359.83,55.73
E07000029,2021-07-22,Copeland,68.93,47,4896,7180.68,7.18,68183,797.85,-171.6,2304.1,42.53
E07000029,2021-07-21,Copeland,93.87,64,4849,7111.74,7.11,68183,969.45,-131.99,2261.57,79.2
E07000029,2021-07-20,Copeland,88.0,60,4785,7017.88,7.02,68183,1101.44,-76.26,2182.37,70.4
E07000029,2021-07-19,Copeland,146.66,100,4725,6929.88,6.93,68183,1177.7,27.86,2111.97,127.59
E07000029,2021-07-18,Copeland,115.86,79,4625,6783.22,6.78,68183,1149.84,51.33,1984.38,104.13
E07000029,2021-07-17,Copeland,118.8,81,4546,6667.35,6.67,68183,1098.51,70.4,1880.25,104.13
E07000029,2021-07-16,Copeland,165.73,113,4465,6548.55,6.55,68183,1028.11,98.26,1776.12,146.66
E07000029,2021-07-15,Copeland,240.53,164,4352,6382.82,6.38,68183,929.85,164.26,1629.46,231.73
E07000029,2021-07-14,Copeland,225.86,154,4188,6142.29,6.14,68183,765.59,142.26,1397.73,224.39
E07000029,2021-07-13,Copeland,164.26,112,4034,5916.43,5.92,68183,623.33,82.13,1173.34,159.86
E07000029,2021-07-12,Copeland,118.8,81,3922,5752.17,5.75,68183,541.2,33.73,1013.48,111.47
E07000029,2021-07-11,Copeland,64.53,44,3841,5633.37,5.63,68183,507.47,17.6,902.01,58.66
E07000029,2021-07-10,Copeland,48.4,33,3797,5568.84,5.57,68183,489.87,22.0,843.35,45.47
E07000029,2021-07-09,Copeland,67.47,46,3764,5520.44,5.52,68183,467.87,30.8,797.88,66.0
E07000029,2021-07-08,Copeland,76.27,52,3718,5452.97,5.45,68183,437.07,52.8,731.88,66.0
E07000029,2021-07-07,Copeland,83.6,57,3666,5376.71,5.38,68183,384.27,49.87,665.88,76.27
E07000029,2021-07-06,Copeland,82.13,56,3609,5293.11,5.29,68183,334.4,64.53,589.61,73.33
E07000029,2021-07-05,Copeland,85.07,58,3553,5210.98,5.21,68183,269.87,61.6,516.28,79.2
E07000029,2021-07-04,Copeland,46.93,32,3495,5125.91,5.13,68183,208.27,30.8,437.08,46.93
E07000029,2021-07-03,Copeland,26.4,18,3463,5078.98,5.08,68183,177.47,10.27,390.15,24.93
E07000029,2021-07-02,Copeland,36.67,25,3445,5052.58,5.05,68183,167.2,27.87,365.22,32.27
E07000029,2021-07-01,Copeland,23.47,16,3420,5015.91,5.02,68183,139.33,-2.93,332.95,19.07
E07000029,2021-06-30,Copeland,33.73,23,3404,4992.45,4.99,68183,142.26,19.06,313.88,27.86
E07000029,2021-06-29,Copeland,17.6,12,3381,4958.71,4.96,68183,123.2,0.0,286.02,16.13
E07000029,2021-06-28,Copeland,23.47,16,3369,4941.11,4.94,68183,123.2,4.4,269.89,23.47
E07000029,2021-06-27,Copeland,16.13,11,3353,4917.65,4.92,68183,118.8,4.4,246.42,13.2
E07000029,2021-06-26,Copeland,16.13,11,3342,4901.52,4.9,68183,114.4,1.46,233.22,13.2
E07000029,2021-06-25,Copeland,8.8,6,3331,4885.38,4.89,68183,112.94,-10.27,220.02,4.4
E07000029,2021-06-24,Copeland,26.4,18,3325,4876.58,4.88,68183,123.21,17.6,215.62,24.93
E07000029,2021-06-23,Copeland,14.67,10,3307,4850.18,4.85,68183,105.61,13.2,190.69,14.67
E07000029,2021-06-22,Copeland,17.6,12,3297,4835.52,4.84,68183,92.41,13.2,176.02,17.6
E07000029,2021-06-21,Copeland,19.07,13,3285,4817.92,4.82,68183,79.21,11.74,158.42,16.14
E07000029,2021-06-20,Copeland,11.73,8,3272,4798.85,4.8,68183,67.47,5.86,142.28,7.33
E07000029,2021-06-19,Copeland,14.67,10,3264,4787.12,4.79,68183,61.61,11.74,134.95,14.67
E07000029,2021-06-18,Copeland,19.07,13,3254,4772.45,4.77,68183,49.87,17.6,120.28,19.07
E07000029,2021-06-17,Copeland,8.8,6,3241,4753.38,4.75,68183,32.27,-1.47,101.21,7.33
E07000029,2021-06-16,Copeland,1.47,1,3235,4744.58,4.74,68183,33.74,-5.86,93.88,0.0
E07000029,2021-06-15,Copeland,4.4,3,3234,4743.12,4.74,68183,39.6,-4.4,93.88,1.47
E07000029,2021-06-14,Copeland,7.33,5,3231,4738.72,4.74,68183,44.0,1.46,92.41,7.33
E07000029,2021-06-13,Copeland,5.87,4,3226,4731.38,4.73,68183,42.54,5.87,85.08,4.4
E07000029,2021-06-12,Copeland,2.93,2,3222,4725.52,4.73,68183,36.67,1.46,80.68,2.93
E07000029,2021-06-11,Copeland,1.47,1,3220,4722.58,4.72,68183,35.21,-2.93,77.75,-2.93
E07000029,2021-06-10,Copeland,10.27,7,3219,4721.12,4.72,68183,38.14,5.87,80.68,10.27
E07000029,2021-06-09,Copeland,7.33,5,3212,4710.85,4.71,68183,32.27,1.46,70.41,7.33
E07000029,2021-06-08,Copeland,8.8,6,3207,4703.52,4.7,68183,30.81,7.33,63.08,5.87
E07000029,2021-06-07,Copeland,5.87,4,3201,4694.72,4.69,68183,23.48,5.87,57.21,5.87
E07000029,2021-06-06,Copeland,0.0,0,3197,4688.85,4.69,68183,17.61,-2.93,51.34,-5.87
E07000029,2021-06-05,Copeland,1.47,1,3197,4688.85,4.69,68183,20.54,-1.46,57.21,0.0
E07000029,2021-06-04,Copeland,4.4,3,3196,4687.39,4.69,68183,22.0,0.0,57.21,2.93
E07000029,2021-06-03,Copeland,4.4,3,3193,4682.99,4.68,68183,22.0,2.93,54.28,1.47
E07000029,2021-06-02,Copeland,5.87,4,3190,4678.59,4.68,68183,19.07,5.87,52.81,5.87
E07000029,2021-06-01,Copeland,1.47,1,3186,4672.72,4.67,68183,13.2,1.47,46.94,1.47
E07000029,2021-05-31,Copeland,0.0,0,3185,4671.25,4.67,68183,11.73,-2.93,45.47,0.0
E07000029,2021-05-30,Copeland,2.93,2,3185,4671.25,4.67,68183,14.66,-1.47,45.47,2.93
E07000029,2021-05-29,Copeland,2.93,2,3183,4668.32,4.67,68183,16.13,2.93,42.54,2.93
E07000029,2021-05-28,Copeland,4.4,3,3181,4665.39,4.67,68183,13.2,4.4,39.61,4.4
E07000029,2021-05-27,Copeland,1.47,1,3178,4660.99,4.66,68183,8.8,0.0,35.21,-1.46
E07000029,2021-05-26,Copeland,0.0,0,3177,4659.52,4.66,68183,8.8,-1.47,36.67,0.0
E07000029,2021-05-25,Copeland,0.0,0,3177,4659.52,4.66,68183,10.27,-2.93,36.67,0.0
E07000029,2021-05-24,Copeland,2.93,2,3177,4659.52,4.66,68183,13.2,2.93,36.67,1.46
E07000029,2021-05-23,Copeland,4.4,3,3175,4656.59,4.66,68183,10.27,2.93,35.21,1.47
E07000029,2021-05-22,Copeland,0.0,0,3172,4652.19,4.65,68183,7.34,0.0,33.74,0.0
E07000029,2021-05-21,Copeland,0.0,0,3172,4652.19,4.65,68183,7.34,-4.4,33.74,-2.93
E07000029,2021-05-20,Copeland,1.47,1,3172,4652.19,4.65,68183,11.74,1.47,36.67,0.0
E07000029,2021-05-19,Copeland,1.47,1,3171,4650.72,4.65,68183,10.27,1.47,36.67,1.47
E07000029,2021-05-18,Copeland,2.93,2,3170,4649.25,4.65,68183,8.8,0.0,35.2,1.46
E07000029,2021-05-17,Copeland,0.0,0,3168,4646.32,4.65,68183,8.8,0.0,33.74,-4.4
E07000029,2021-05-16,Copeland,1.47,1,3168,4646.32,4.65,68183,8.8,-4.4,38.14,-2.93
E07000029,2021-05-15,Copeland,0.0,0,3167,4644.85,4.64,68183,13.2,-1.47,41.07,-1.47
E07000029,2021-05-14,Copeland,4.4,3,3167,4644.85,4.64,68183,14.67,2.93,42.54,2.93
E07000029,2021-05-13,Copeland,0.0,0,3164,4640.45,4.64,68183,11.74,-2.93,39.61,-1.47
E07000029,2021-05-12,Copeland,0.0,0,3164,4640.45,4.64,68183,14.67,0.0,41.08,-1.47
E07000029,2021-05-11,Copeland,2.93,2,3164,4640.45,4.64,68183,14.67,2.93,42.55,1.46
E07000029,2021-05-10,Copeland,0.0,0,3162,4637.52,4.64,68183,11.74,0.0,41.09,-4.4
E07000029,2021-05-09,Copeland,5.87,4,3162,4637.52,4.64,68183,11.74,5.87,45.49,5.87
E07000029,2021-05-08,Copeland,1.47,1,3158,4631.65,4.63,68183,5.87,1.47,39.62,1.47
E07000029,2021-05-07,Copeland,1.47,1,3157,4630.19,4.63,68183,4.4,1.47,38.15,-5.86
E07000029,2021-05-06,Copeland,2.93,2,3156,4628.72,4.63,68183,2.93,0.0,44.01,2.93
E07000029,2021-05-05,Copeland,0.0,0,3154,4625.79,4.63,68183,2.93,0.0,41.08,-2.93
E07000029,2021-05-04,Copeland,0.0,0,3154,4625.79,4.63,68183,2.93,0.0,44.01,-8.8
E07000029,2021-05-03,Copeland,0.0,0,3154,4625.79,4.63,68183,2.93,-1.47,52.81,-4.4
E07000029,2021-05-02,Copeland,0.0,0,3154,4625.79,4.63,68183,4.4,-2.93,57.21,-2.93
E07000029,2021-05-01,Copeland,0.0,0,3154,4625.79,4.63,68183,7.33,0.0,60.14,-2.93
E07000029,2021-04-30,Copeland,0.0,0,3154,4625.79,4.63,68183,7.33,-2.93,63.07,-1.47
E07000029,2021-04-29,Copeland,2.93,2,3154,4625.79,4.63,68183,10.26,1.46,64.54,1.46
E07000029,2021-04-28,Copeland,0.0,0,3152,4622.85,4.62,68183,8.8,0.0,63.08,-1.47
E07000029,2021-04-27,Copeland,0.0,0,3152,4622.85,4.62,68183,8.8,-1.47,64.55,-1.47
E07000029,2021-04-26,Copeland,1.47,1,3152,4622.85,4.62,68183,10.27,-2.93,66.02,-1.46
E07000029,2021-04-25,Copeland,2.93,2,3151,4621.39,4.62,68183,13.2,-1.47,67.48,0.0
E07000029,2021-04-24,Copeland,0.0,0,3149,4618.45,4.62,68183,14.67,-1.47,67.48,-2.93
E07000029,2021-04-23,Copeland,2.93,2,3149,4618.45,4.62,68183,16.14,1.46,70.41,0.0
E07000029,2021-04-22,Copeland,1.47,1,3147,4615.52,4.62,68183,14.68,0.0,70.41,-13.2
E07000029,2021-04-21,Copeland,0.0,0,3146,4614.05,4.61,68183,14.68,-1.47,83.61,-2.93
E07000029,2021-04-20,Copeland,1.47,1,3146,4614.05,4.61,68183,16.15,0.0,86.54,-7.33
E07000029,2021-04-19,Copeland,4.4,3,3145,4612.59,4.61,68183,16.15,0.0,93.87,-2.93
E07000029,2021-04-18,Copeland,4.4,3,3142,4608.19,4.61,68183,16.15,4.4,96.8,1.47
E07000029,2021-04-17,Copeland,1.47,1,3139,4603.79,4.6,68183,11.75,1.47,95.33,0.0
E07000029,2021-04-16,Copeland,1.47,1,3138,4602.32,4.6,68183,10.28,-5.86,95.33,0.0
E07000029,2021-04-15,Copeland,1.47,1,3137,4600.85,4.6,68183,16.14,1.47,95.33,0.0
E07000029,2021-04-14,Copeland,1.47,1,3136,4599.39,4.6,68183,14.67,-1.46,95.33,1.47
E07000029,2021-04-13,Copeland,1.47,1,3135,4597.92,4.6,68183,16.13,-7.33,93.86,0.0
E07000029,2021-04-12,Copeland,4.4,3,3134,4596.45,4.6,68183,23.46,0.0,93.86,2.93
E07000029,2021-04-11,Copeland,0.0,0,3131,4592.05,4.59,68183,23.46,-2.93,90.93,0.0
E07000029,2021-04-10,Copeland,0.0,0,3131,4592.05,4.59,68183,26.39,-2.93,90.93,-1.47
E07000029,2021-04-09,Copeland,7.33,5,3131,4592.05,4.59,68183,29.32,5.86,92.4,1.46
E07000029,2021-04-08,Copeland,0.0,0,3126,4584.72,4.58,68183,23.46,-1.47,90.94,-2.93
E07000029,2021-04-07,Copeland,2.93,2,3126,4584.72,4.58,68183,24.93,1.46,93.87,-1.47
E07000029,2021-04-06,Copeland,8.8,6,3124,4581.79,4.58,68183,23.47,7.33,95.34,5.87
E07000029,2021-04-05,Copeland,4.4,3,3118,4572.99,4.57,68183,16.14,1.47,89.47,-2.93
E07000029,2021-04-04,Copeland,2.93,2,3115,4568.59,4.57,68183,14.67,0.0,92.4,0.0
E07000029,2021-04-03,Copeland,2.93,2,3113,4565.65,4.57,68183,14.67,0.0,92.4,2.93
E07000029,2021-04-02,Copeland,1.47,1,3111,4562.72,4.56,68183,14.67,-1.46,89.47,-2.93
E07000029,2021-04-01,Copeland,1.47,1,3110,4561.25,4.56,68183,16.13,-13.2,92.4,-5.86
E07000029,2021-03-31,Copeland,1.47,1,3109,4559.79,4.56,68183,29.33,-1.46,98.26,-8.8
E07000029,2021-03-30,Copeland,1.47,1,3108,4558.32,4.56,68183,30.79,-7.33,107.06,-4.4
E07000029,2021-03-29,Copeland,2.93,2,3107,4556.85,4.56,68183,38.12,-4.4,111.46,-11.74
E07000029,2021-03-28,Copeland,2.93,2,3105,4553.92,4.55,68183,42.52,0.0,123.2,-4.4
E07000029,2021-03-27,Copeland,2.93,2,3103,4550.99,4.55,68183,42.52,1.46,127.6,-10.27
E07000029,2021-03-26,Copeland,2.93,2,3101,4548.05,4.55,68183,41.06,1.46,137.87,-5.87
E07000029,2021-03-25,Copeland,14.67,10,3099,4545.12,4.55,68183,39.6,13.2,143.74,2.94
E07000029,2021-03-24,Copeland,2.93,2,3089,4530.45,4.53,68183,26.4,2.93,140.8,-8.8
E07000029,2021-03-23,Copeland,8.8,6,3087,4527.52,4.53,68183,23.47,7.33,149.6,-10.27
E07000029,2021-03-22,Copeland,7.33,5,3081,4518.72,4.52,68183,16.14,5.86,159.87,-14.67
E07000029,2021-03-21,Copeland,2.93,2,3076,4511.39,4.51,68183,10.28,2.93,174.54,-10.27
E07000029,2021-03-20,Copeland,1.47,1,3074,4508.46,4.51,68183,7.35,0.0,184.81,-8.8
E07000029,2021-03-19,Copeland,1.47,1,3073,4506.99,4.51,68183,7.35,-4.4,193.61,-10.26
E07000029,2021-03-18,Copeland,1.47,1,3072,4505.52,4.51,68183,11.75,-1.46,203.87,-17.6
E07000029,2021-03-17,Copeland,0.0,0,3071,4504.06,4.5,68183,13.21,-4.4,221.47,-13.2
E07000029,2021-03-16,Copeland,1.47,1,3071,4504.06,4.5,68183,17.61,-1.46,234.67,-13.2
E07000029,2021-03-15,Copeland,1.47,1,3070,4502.59,4.5,68183,19.07,-5.86,247.87,-27.86
E07000029,2021-03-14,Copeland,0.0,0,3069,4501.12,4.5,68183,24.93,-2.93,275.73,-17.6
E07000029,2021-03-13,Copeland,1.47,1,3069,4501.12,4.5,68183,27.86,1.47,293.33,-16.13
E07000029,2021-03-12,Copeland,5.87,4,3068,4499.66,4.5,68183,26.39,1.47,309.46,-23.46
E07000029,2021-03-11,Copeland,2.93,2,3064,4493.79,4.49,68183,24.92,-4.4,332.92,-29.34
E07000029,2021-03-10,Copeland,4.4,3,3062,4490.86,4.49,68183,29.32,-5.87,362.26,-33.73
E07000029,2021-03-09,Copeland,2.93,2,3059,4486.46,4.49,68183,35.19,-2.94,395.99,-29.34
E07000029,2021-03-08,Copeland,7.33,5,3057,4483.52,4.48,68183,38.13,-7.34,425.33,-58.67
E07000029,2021-03-07,Copeland,2.93,2,3052,4476.19,4.48,68183,45.47,-4.4,484.0,-19.07
E07000029,2021-03-06,Copeland,0.0,0,3050,4473.26,4.47,68183,49.87,-13.2,503.07,-29.33
E07000029,2021-03-05,Copeland,4.4,3,3050,4473.26,4.47,68183,63.07,-4.4,532.4,-17.6
E07000029,2021-03-04,Copeland,7.33,5,3047,4468.86,4.47,68183,67.47,-4.4,550.0,-22.0
E07000029,2021-03-03,Copeland,10.27,7,3042,4461.52,4.46,68183,71.87,-1.46,572.0,-5.86
E07000029,2021-03-02,Copeland,5.87,4,3035,4451.26,4.45,68183,73.33,-13.2,577.86,-22.0
E07000029,2021-03-01,Copeland,14.67,10,3031,4445.39,4.45,68183,86.53,-7.33,599.86,-19.06
E07000029,2021-02-28,Copeland,7.33,5,3021,4430.72,4.43,68183,93.86,-5.87,618.92,-5.87
E07000029,2021-02-27,Copeland,13.2,9,3016,4423.39,4.42,68183,99.73,2.93,624.79,-4.4
E07000029,2021-02-26,Copeland,8.8,6,3007,4410.19,4.41,68183,96.8,-2.93,629.19,-32.27
E07000029,2021-02-25,Copeland,11.73,8,3001,4401.39,4.4,68183,99.73,-7.34,661.46,-16.14
E07000029,2021-02-24,Copeland,11.73,8,2993,4389.66,4.39,68183,107.07,-1.47,677.6,-10.27
E07000029,2021-02-23,Copeland,19.07,13,2985,4377.92,4.38,68183,108.54,4.4,687.87,-23.46
E07000029,2021-02-22,Copeland,22.0,15,2972,4358.86,4.36,68183,104.14,-7.33,711.33,-22.0
E07000029,2021-02-21,Copeland,13.2,9,2957,4336.86,4.34,68183,111.47,-4.4,733.33,-2.93
E07000029,2021-02-20,Copeland,10.27,7,2948,4323.66,4.32,68183,115.87,-7.33,736.26,-7.33
E07000029,2021-02-19,Copeland,11.73,8,2941,4313.39,4.31,68183,123.2,-17.6,743.59,-39.6
E07000029,2021-02-18,Copeland,19.07,13,2933,4301.66,4.3,68183,140.8,-13.2,783.19,-23.46
E07000029,2021-02-17,Copeland,13.2,9,2920,4282.59,4.28,68183,154.0,-24.93,806.65,-35.2
E07000029,2021-02-16,Copeland,14.67,10,2911,4269.39,4.27,68183,178.93,-17.6,841.85,-51.33
E07000029,2021-02-15,Copeland,29.33,20,2901,4254.73,4.25,68183,196.53,-36.67,893.18,-58.67
E07000029,2021-02-14,Copeland,17.6,12,2881,4225.39,4.23,68183,233.2,-4.4,951.85,-22.0
E07000029,2021-02-13,Copeland,17.6,12,2869,4207.79,4.21,68183,237.6,-11.73,973.85,-11.73
E07000029,2021-02-12,Copeland,29.33,20,2857,4190.19,4.19,68183,249.33,7.33,985.58,-26.4
E07000029,2021-02-11,Copeland,32.27,22,2837,4160.86,4.16,68183,242.0,2.94,1011.98,-36.66
E07000029,2021-02-10,Copeland,38.13,26,2815,4128.6,4.13,68183,239.06,22.0,1048.64,-32.27
E07000029,2021-02-09,Copeland,32.27,22,2789,4090.46,4.09,68183,217.06,4.4,1080.91,-20.53
E07000029,2021-02-08,Copeland,66.0,45,2767,4058.2,4.06,68183,212.66,32.27,1101.44,-24.93
E07000029,2021-02-07,Copeland,22.0,15,2722,3992.2,3.99,68183,180.39,8.8,1126.37,-48.4
E07000029,2021-02-06,Copeland,29.33,20,2707,3970.2,3.97,68183,171.59,11.73,1174.77,-2.94
E07000029,2021-02-05,Copeland,22.0,15,2687,3940.87,3.94,68183,159.86,-19.07,1177.71,-54.27
E07000029,2021-02-04,Copeland,29.33,20,2672,3918.87,3.92,68183,178.93,1.46,1231.98,-38.14
E07000029,2021-02-03,Copeland,16.13,11,2652,3889.53,3.89,68183,177.47,-5.87,1270.12,-54.27
E07000029,2021-02-02,Copeland,27.87,19,2641,3873.4,3.87,68183,183.34,-14.66,1324.39,-51.33
E07000029,2021-02-01,Copeland,33.73,23,2622,3845.53,3.85,68183,198.0,-10.27,1375.72,-92.4
E07000029,2021-01-31,Copeland,13.2,9,2599,3811.8,3.81,68183,208.27,-2.93,1468.12,-82.13
E07000029,2021-01-30,Copeland,17.6,12,2590,3798.6,3.8,68183,211.2,0.0,1550.25,-48.4
E07000029,2021-01-29,Copeland,41.07,28,2578,3781.0,3.78,68183,211.2,-10.26,1598.65,5.87
E07000029,2021-01-28,Copeland,27.87,19,2550,3739.94,3.74,68183,221.46,-14.66,1592.78,-42.53
E07000029,2021-01-27,Copeland,22.0,15,2531,3712.07,3.71,68183,236.12,-26.4,1635.31,-41.07
E07000029,2021-01-26,Copeland,42.53,29,2516,3690.07,3.69,68183,262.52,-23.47,1676.38,1.46
E07000029,2021-01-25,Copeland,44.0,30,2487,3647.54,3.65,68183,285.99,-44.0,1674.92,10.27
E07000029,2021-01-24,Copeland,16.13,11,2457,3603.54,3.6,68183,329.99,-23.47,1664.65,-4.4
E07000029,2021-01-23,Copeland,17.6,12,2446,3587.4,3.59,68183,353.46,-11.73,1669.05,5.87
E07000029,2021-01-22,Copeland,51.33,35,2434,3569.8,3.57,68183,365.19,-4.4,1663.18,41.06
E07000029,2021-01-21,Copeland,42.53,29,2399,3518.47,3.52,68183,369.59,-26.4,1622.12,23.46
E07000029,2021-01-20,Copeland,48.4,33,2370,3475.94,3.48,68183,395.99,-22.0,1598.66,41.07
E07000029,2021-01-19,Copeland,66.0,45,2337,3427.54,3.43,68183,417.99,13.2,1557.59,52.8
E07000029,2021-01-18,Copeland,88.0,60,2292,3361.54,3.36,68183,404.79,-2.93,1504.79,67.47
E07000029,2021-01-17,Copeland,39.6,27,2232,3273.54,3.27,68183,407.72,-30.8,1437.32,29.33
E07000029,2021-01-16,Copeland,29.33,20,2205,3233.94,3.23,68183,438.52,-2.94,1407.99,27.86
E07000029,2021-01-15,Copeland,55.73,38,2185,3204.61,3.2,68183,441.46,-20.54,1380.13,46.93
E07000029,2021-01-14,Copeland,68.93,47,2147,3148.88,3.15,68183,462.0,1.46,1333.2,63.06
E07000029,2021-01-13,Copeland,70.4,48,2100,3079.95,3.08,68183,460.54,0.0,1270.14,66.0
E07000029,2021-01-12,Copeland,52.8,36,2052,3009.55,3.01,68183,460.54,-26.4,1204.14,44.0
E07000029,2021-01-11,Copeland,90.93,62,2016,2956.75,2.96,68183,486.94,-35.2,1160.14,89.46
E07000029,2021-01-10,Copeland,70.4,48,1954,2865.82,2.87,68183,522.14,-24.93,1070.68,66.0
E07000029,2021-01-09,Copeland,32.27,22,1906,2795.42,2.8,68183,547.07,-33.73,1004.68,32.27
E07000029,2021-01-08,Copeland,76.27,52,1884,2763.15,2.76,68183,580.8,41.07,972.41,74.8
E07000029,2021-01-07,Copeland,67.47,46,1832,2686.89,2.69,68183,539.73,-2.93,897.61,61.6
E07000029,2021-01-06,Copeland,70.4,48,1786,2619.42,2.62,68183,542.66,7.33,836.01,70.4
E07000029,2021-01-05,Copeland,79.2,54,1738,2549.02,2.55,68183,535.33,38.13,765.61,71.87
E07000029,2021-01-04,Copeland,126.13,86,1684,2469.82,2.47,68183,497.2,92.4,693.74,121.73
E07000029,2021-01-03,Copeland,95.33,65,1598,2343.69,2.34,68183,404.8,74.8,572.01,92.4
E07000029,2021-01-02,Copeland,66.0,45,1533,2248.36,2.25,68183,330.0,54.27,479.61,64.53
E07000029,2021-01-01,Copeland,35.2,24,1488,2182.36,2.18,68183,275.73,24.93,415.08,30.8
E07000029,2020-12-31,Copeland,70.4,48,1464,2147.16,2.15,68183,250.8,51.33,384.28,63.07
E07000029,2020-12-30,Copeland,63.07,43,1416,2076.76,2.08,68183,199.47,55.74,321.21,61.6
E07000029,2020-12-29,Copeland,41.07,28,1373,2013.7,2.01,68183,143.73,27.87,259.61,32.27
E07000029,2020-12-28,Copeland,33.73,23,1345,1972.63,1.97,68183,115.86,13.2,227.34,22.0
E07000029,2020-12-27,Copeland,20.53,14,1322,1938.9,1.94,68183,102.66,10.26,205.34,19.06
E07000029,2020-12-26,Copeland,11.73,8,1308,1918.37,1.92,68183,92.4,10.26,186.28,8.8
E07000029,2020-12-25,Copeland,10.27,7,1300,1906.63,1.91,68183,82.14,1.47,177.48,0.0
E07000029,2020-12-24,Copeland,19.07,13,1293,1896.37,1.9,68183,80.67,13.2,177.48,10.27
E07000029,2020-12-23,Copeland,7.33,5,1280,1877.3,1.88,68183,67.47,2.93,167.21,4.4
E07000029,2020-12-22,Copeland,13.2,9,1275,1869.97,1.87,68183,64.54,4.4,162.81,1.47
E07000029,2020-12-21,Copeland,20.53,14,1266,1856.77,1.86,68183,60.14,19.06,161.34,13.2
E07000029,2020-12-20,Copeland,10.27,7,1252,1836.23,1.84,68183,41.08,5.87,148.14,-2.93
E07000029,2020-12-19,Copeland,1.47,1,1245,1825.97,1.83,68183,35.21,1.47,151.07,-4.4
E07000029,2020-12-18,Copeland,8.8,6,1244,1824.5,1.82,68183,33.74,7.33,155.47,-5.87
E07000029,2020-12-17,Copeland,5.87,4,1238,1815.7,1.82,68183,26.41,0.0,161.34,-4.4
E07000029,2020-12-16,Copeland,4.4,3,1234,1809.84,1.81,68183,26.41,4.4,165.74,-20.53
E07000029,2020-12-15,Copeland,8.8,6,1231,1805.44,1.81,68183,22.01,1.47,186.27,-4.4
E07000029,2020-12-14,Copeland,1.47,1,1225,1796.64,1.8,68183,20.54,-2.93,190.67,-14.66
E07000029,2020-12-13,Copeland,4.4,3,1224,1795.17,1.8,68183,23.47,1.47,205.33,-10.27
E07000029,2020-12-12,Copeland,0.0,0,1221,1790.77,1.79,68183,22.0,-1.47,215.6,-14.67
E07000029,2020-12-11,Copeland,1.47,1,1221,1790.77,1.79,68183,23.47,-2.93,230.27,-14.66
E07000029,2020-12-10,Copeland,5.87,4,1220,1789.3,1.79,68183,26.4,-1.46,244.93,-17.6
E07000029,2020-12-09,Copeland,0.0,0,1216,1783.44,1.78,68183,27.86,-1.47,262.53,-41.07
E07000029,2020-12-08,Copeland,7.33,5,1216,1783.44,1.78,68183,29.33,-1.47,303.6,-29.34
E07000029,2020-12-07,Copeland,4.4,3,1211,1776.1,1.78,68183,30.8,-7.33,332.94,-46.93
E07000029,2020-12-06,Copeland,2.93,2,1208,1771.7,1.77,68183,38.13,1.46,379.87,-20.54
E07000029,2020-12-05,Copeland,1.47,1,1206,1768.77,1.77,68183,36.67,-1.46,400.41,-16.13
E07000029,2020-12-04,Copeland,4.4,3,1205,1767.3,1.77,68183,38.13,-5.87,416.54,-23.47
E07000029,2020-12-03,Copeland,7.33,5,1202,1762.9,1.76,68183,44.0,-1.47,440.01,-30.8
E07000029,2020-12-02,Copeland,1.47,1,1197,1755.57,1.76,68183,45.47,-1.46,470.81,-35.2
E07000029,2020-12-01,Copeland,8.8,6,1196,1754.1,1.75,68183,46.93,-2.93,506.01,-22.0
E07000029,2020-11-30,Copeland,11.73,8,1190,1745.3,1.75,68183,49.86,4.4,528.01,-27.87
E07000029,2020-11-29,Copeland,1.47,1,1182,1733.57,1.73,68183,45.46,-11.73,555.88,-32.26
E07000029,2020-11-28,Copeland,2.93,2,1181,1732.1,1.73,68183,57.19,-2.94,588.14,-20.54
E07000029,2020-11-27,Copeland,10.27,7,1179,1729.17,1.73,68183,60.13,-4.4,608.68,-27.86
E07000029,2020-11-26,Copeland,8.8,6,1172,1718.9,1.72,68183,64.53,-1.47,636.54,-23.47
E07000029,2020-11-25,Copeland,2.93,2,1166,1710.1,1.71,68183,66.0,-22.0,660.01,-24.94
E07000029,2020-11-24,Copeland,11.73,8,1164,1707.17,1.71,68183,88.0,-1.47,684.95,-14.67
E07000029,2020-11-23,Copeland,7.33,5,1156,1695.44,1.7,68183,89.47,-8.8,699.62,-19.07
E07000029,2020-11-22,Copeland,13.2,9,1151,1688.1,1.69,68183,98.27,-1.47,718.69,-8.8
E07000029,2020-11-21,Copeland,5.87,4,1142,1674.9,1.67,68183,99.74,-8.8,727.49,-10.26
E07000029,2020-11-20,Copeland,14.67,10,1138,1669.04,1.67,68183,108.54,-1.46,737.75,-11.73
E07000029,2020-11-19,Copeland,10.27,7,1128,1654.37,1.65,68183,110.0,-13.2,749.48,-22.0
E07000029,2020-11-18,Copeland,24.93,17,1121,1644.1,1.64,68183,123.2,-16.14,771.48,5.86
E07000029,2020-11-17,Copeland,13.2,9,1104,1619.17,1.62,68183,139.34,-23.47,765.62,-2.93
E07000029,2020-11-16,Copeland,16.13,11,1095,1605.97,1.61,68183,162.81,-35.2,768.55,0.0
E07000029,2020-11-15,Copeland,14.67,10,1084,1589.84,1.59,68183,198.01,-8.8,768.55,-1.46
E07000029,2020-11-14,Copeland,14.67,10,1074,1575.17,1.58,68183,206.81,-2.93,770.01,4.4
E07000029,2020-11-13,Copeland,16.13,11,1064,1560.51,1.56,68183,209.74,-11.74,765.61,1.46
E07000029,2020-11-12,Copeland,23.47,16,1053,1544.37,1.54,68183,221.48,-14.66,764.15,14.67
E07000029,2020-11-11,Copeland,41.07,28,1037,1520.91,1.52,68183,236.14,4.4,749.48,27.87
E07000029,2020-11-10,Copeland,36.67,25,1009,1479.84,1.48,68183,231.74,5.87,721.61,30.8
E07000029,2020-11-09,Copeland,51.33,35,984,1443.17,1.44,68183,225.87,11.73,690.81,39.6
E07000029,2020-11-08,Copeland,23.47,16,949,1391.84,1.39,68183,214.14,-10.26,651.21,16.14
E07000029,2020-11-07,Copeland,17.6,12,933,1368.38,1.37,68183,224.4,-5.87,635.07,11.73
E07000029,2020-11-06,Copeland,27.87,19,921,1350.78,1.35,68183,230.27,-10.26,623.34,11.74
E07000029,2020-11-05,Copeland,38.13,26,902,1322.91,1.32,68183,240.53,5.86,611.6,27.86
E07000029,2020-11-04,Copeland,36.67,25,876,1284.78,1.28,68183,234.67,8.8,583.74,14.67
E07000029,2020-11-03,Copeland,30.8,21,851,1248.11,1.25,68183,225.87,4.4,569.07,22.0
E07000029,2020-11-02,Copeland,39.6,27,830,1217.31,1.22,68183,221.47,13.2,547.07,27.87
E07000029,2020-11-01,Copeland,33.73,23,803,1177.71,1.18,68183,208.27,11.73,519.2,33.73
E07000029,2020-10-31,Copeland,23.47,16,780,1143.98,1.14,68183,196.54,7.34,485.47,17.6
E07000029,2020-10-30,Copeland,38.13,26,764,1120.51,1.12,68183,189.2,11.73,467.87,27.86
E07000029,2020-10-29,Copeland,32.27,22,738,1082.38,1.08,68183,177.47,0.0,440.01,27.87
E07000029,2020-10-28,Copeland,27.87,19,716,1050.12,1.05,68183,177.47,8.8,412.14,22.0
E07000029,2020-10-27,Copeland,26.4,18,697,1022.25,1.02,68183,168.67,10.27,390.14,17.6
E07000029,2020-10-26,Copeland,26.4,18,679,995.85,1.0,68183,158.4,10.27,372.54,22.0
E07000029,2020-10-25,Copeland,22.0,15,661,969.45,0.97,68183,148.13,5.87,350.54,17.6
E07000029,2020-10-24,Copeland,16.13,11,646,947.45,0.95,68183,142.26,5.86,332.94,14.66
E07000029,2020-10-23,Copeland,26.4,18,635,931.32,0.93,68183,136.4,11.73,318.28,20.53
E07000029,2020-10-22,Copeland,32.27,22,617,904.92,0.9,68183,124.67,23.47,297.75,26.4
E07000029,2020-10-21,Copeland,19.07,13,595,872.65,0.87,68183,101.2,5.87,271.35,14.67
E07000029,2020-10-20,Copeland,16.13,11,582,853.59,0.85,68183,95.33,10.26,256.68,5.86
E07000029,2020-10-19,Copeland,16.13,11,571,837.45,0.84,68183,85.07,4.4,250.82,11.73
E07000029,2020-10-18,Copeland,16.13,11,560,821.32,0.82,68183,80.67,8.8,239.09,13.2
E07000029,2020-10-17,Copeland,10.27,7,549,805.19,0.81,68183,71.87,4.4,225.89,10.27
E07000029,2020-10-16,Copeland,14.67,10,542,794.92,0.79,68183,67.47,-1.46,215.62,7.34
E07000029,2020-10-15,Copeland,8.8,6,532,780.25,0.78,68183,68.93,-1.47,208.28,8.8
E07000029,2020-10-14,Copeland,13.2,9,526,771.45,0.77,68183,70.4,-8.8,199.48,13.2
E07000029,2020-10-13,Copeland,5.87,4,517,758.25,0.76,68183,79.2,-2.93,186.28,4.4
E07000029,2020-10-12,Copeland,11.73,8,513,752.39,0.75,68183,82.13,0.0,181.88,7.33
E07000029,2020-10-11,Copeland,7.33,5,505,740.65,0.74,68183,82.13,7.33,174.55,-1.47
E07000029,2020-10-10,Copeland,5.87,4,500,733.32,0.73,68183,74.8,0.0,176.02,4.4
E07000029,2020-10-09,Copeland,16.13,11,496,727.45,0.73,68183,74.8,5.86,171.62,14.66
E07000029,2020-10-08,Copeland,10.27,7,485,711.32,0.71,68183,68.94,5.87,156.96,10.27
E07000029,2020-10-07,Copeland,22.0,15,478,701.05,0.7,68183,63.07,16.13,146.69,20.53
E07000029,2020-10-06,Copeland,8.8,6,463,679.05,0.68,68183,46.94,0.0,126.16,8.8
E07000029,2020-10-05,Copeland,11.73,8,457,670.26,0.67,68183,46.94,7.33,117.36,8.8
E07000029,2020-10-04,Copeland,0.0,0,449,658.52,0.66,68183,39.61,-4.4,108.56,0.0
E07000029,2020-10-03,Copeland,5.87,4,449,658.52,0.66,68183,44.01,4.4,108.56,5.87
E07000029,2020-10-02,Copeland,10.27,7,445,652.66,0.65,68183,39.61,4.4,102.69,10.27
E07000029,2020-10-01,Copeland,4.4,3,438,642.39,0.64,68183,35.21,-1.47,92.42,2.93
E07000029,2020-09-30,Copeland,5.87,4,435,637.99,0.64,68183,36.68,1.47,89.49,5.87
E07000029,2020-09-29,Copeland,8.8,6,431,632.12,0.63,68183,35.21,-1.47,83.62,7.33
E07000029,2020-09-28,Copeland,4.4,3,425,623.32,0.62,68183,36.68,0.0,76.29,4.4
E07000029,2020-09-27,Copeland,4.4,3,422,618.92,0.62,68183,36.68,1.47,71.89,4.4
E07000029,2020-09-26,Copeland,1.47,1,419,614.52,0.61,68183,35.21,1.47,67.49,1.47
E07000029,2020-09-25,Copeland,5.87,4,418,613.06,0.61,68183,33.74,-1.46,66.02,2.94
E07000029,2020-09-24,Copeland,5.87,4,414,607.19,0.61,68183,35.2,5.87,63.08,5.87
E07000029,2020-09-23,Copeland,4.4,3,410,601.32,0.6,68183,29.33,4.4,57.21,4.4
E07000029,2020-09-22,Copeland,10.27,7,407,596.92,0.6,68183,24.93,8.8,52.81,8.8
E07000029,2020-09-21,Copeland,4.4,3,400,586.66,0.59,68183,16.13,0.0,44.01,2.93
E07000029,2020-09-20,Copeland,2.93,2,397,582.26,0.58,68183,16.13,-5.87,41.08,2.93
E07000029,2020-09-19,Copeland,0.0,0,395,579.32,0.58,68183,22.0,-1.47,38.15,-2.93
E07000029,2020-09-18,Copeland,7.33,5,395,579.32,0.58,68183,23.47,5.86,41.08,5.86
E07000029,2020-09-17,Copeland,0.0,0,390,571.99,0.57,68183,17.61,0.0,35.22,-1.47
E07000029,2020-09-16,Copeland,0.0,0,390,571.99,0.57,68183,17.61,-1.47,36.69,0.0
E07000029,2020-09-15,Copeland,1.47,1,390,571.99,0.57,68183,19.08,1.47,36.69,1.47
E07000029,2020-09-14,Copeland,4.4,3,389,570.52,0.57,68183,17.61,1.47,35.22,4.4
E07000029,2020-09-13,Copeland,8.8,6,386,566.12,0.57,68183,16.14,8.8,30.82,7.33
E07000029,2020-09-12,Copeland,1.47,1,380,557.32,0.56,68183,7.34,1.47,23.49,1.47
E07000029,2020-09-11,Copeland,1.47,1,379,555.86,0.56,68183,5.87,1.47,22.02,1.47
E07000029,2020-09-10,Copeland,0.0,0,378,554.39,0.55,68183,4.4,-1.47,20.55,0.0
E07000029,2020-09-09,Copeland,1.47,1,378,554.39,0.55,68183,5.87,1.47,20.55,0.0
E07000029,2020-09-08,Copeland,0.0,0,377,552.92,0.55,68183,4.4,-1.47,20.55,0.0
E07000029,2020-09-07,Copeland,2.93,2,377,552.92,0.55,68183,5.87,2.93,20.55,1.46
E07000029,2020-09-06,Copeland,0.0,0,375,549.99,0.55,68183,2.94,0.0,19.09,-2.93
E07000029,2020-09-05,Copeland,0.0,0,375,549.99,0.55,68183,2.94,0.0,22.02,-4.4
E07000029,2020-09-04,Copeland,0.0,0,375,549.99,0.55,68183,2.94,-2.93,26.42,0.0
E07000029,2020-09-03,Copeland,1.47,1,375,549.99,0.55,68183,5.87,1.47,26.42,-1.46
E07000029,2020-09-02,Copeland,0.0,0,374,548.52,0.55,68183,4.4,0.0,27.88,0.0
E07000029,2020-09-01,Copeland,1.47,1,374,548.52,0.55,68183,4.4,0.0,27.88,0.0
E07000029,2020-08-31,Copeland,0.0,0,373,547.06,0.55,68183,4.4,-1.47,27.88,-1.47
E07000029,2020-08-30,Copeland,0.0,0,373,547.06,0.55,68183,5.87,0.0,29.35,0.0
E07000029,2020-08-29,Copeland,0.0,0,373,547.06,0.55,68183,5.87,-2.93,29.35,0.0
E07000029,2020-08-28,Copeland,2.93,2,373,547.06,0.55,68183,8.8,1.46,29.35,2.93
E07000029,2020-08-27,Copeland,0.0,0,371,544.12,0.54,68183,7.34,-1.47,26.42,0.0
E07000029,2020-08-26,Copeland,0.0,0,371,544.12,0.54,68183,8.81,0.0,26.42,-2.93
E07000029,2020-08-25,Copeland,1.47,1,371,544.12,0.54,68183,8.81,1.47,29.35,0.0
E07000029,2020-08-24,Copeland,1.47,1,370,542.66,0.54,68183,7.34,1.47,29.35,1.47
E07000029,2020-08-23,Copeland,0.0,0,369,541.19,0.54,68183,5.87,-1.47,27.88,-1.47
E07000029,2020-08-22,Copeland,2.93,2,369,541.19,0.54,68183,7.34,2.93,29.35,2.93
E07000029,2020-08-21,Copeland,1.47,1,367,538.26,0.54,68183,4.41,1.47,26.42,1.47
E07000029,2020-08-20,Copeland,1.47,1,366,536.79,0.54,68183,2.94,1.47,24.95,0.0
E07000029,2020-08-19,Copeland,0.0,0,365,535.32,0.54,68183,1.47,-1.47,24.95,-4.4
E07000029,2020-08-18,Copeland,0.0,0,365,535.32,0.54,68183,2.94,0.0,29.35,0.0
E07000029,2020-08-17,Copeland,0.0,0,365,535.32,0.54,68183,2.94,-1.47,29.35,0.0
E07000029,2020-08-16,Copeland,1.47,1,365,535.32,0.54,68183,4.41,-1.46,29.35,1.47
E07000029,2020-08-15,Copeland,0.0,0,364,533.86,0.53,68183,5.87,-4.4,27.88,0.0
E07000029,2020-08-14,Copeland,0.0,0,364,533.86,0.53,68183,10.27,0.0,27.88,-1.47
E07000029,2020-08-13,Copeland,0.0,0,364,533.86,0.53,68183,10.27,-2.93,29.35,-1.47
E07000029,2020-08-12,Copeland,1.47,1,364,533.86,0.53,68183,13.2,1.47,30.82,1.47
E07000029,2020-08-11,Copeland,0.0,0,363,532.39,0.53,68183,11.73,-1.47,29.35,0.0
E07000029,2020-08-10,Copeland,1.47,1,363,532.39,0.53,68183,13.2,0.0,29.35,1.47
E07000029,2020-08-09,Copeland,2.93,2,362,530.92,0.53,68183,13.2,2.93,27.88,2.93
E07000029,2020-08-08,Copeland,4.4,3,360,527.99,0.53,68183,10.27,4.4,24.95,4.4
E07000029,2020-08-07,Copeland,0.0,0,357,523.59,0.52,68183,5.87,0.0,20.55,0.0
E07000029,2020-08-06,Copeland,2.93,2,357,523.59,0.52,68183,5.87,2.93,20.55,2.93
E07000029,2020-08-05,Copeland,0.0,0,355,520.66,0.52,68183,2.94,-2.93,17.62,0.0
E07000029,2020-08-04,Copeland,1.47,1,355,520.66,0.52,68183,5.87,0.0,17.62,1.47
E07000029,2020-08-03,Copeland,1.47,1,354,519.19,0.52,68183,5.87,1.47,16.15,-1.46
E07000029,2020-08-02,Copeland,0.0,0,353,517.72,0.52,68183,4.4,-1.47,17.61,-1.47
E07000029,2020-08-01,Copeland,0.0,0,353,517.72,0.52,68183,5.87,0.0,19.08,0.0
E07000029,2020-07-31,Copeland,0.0,0,353,517.72,0.52,68183,5.87,0.0,19.08,-1.47
E07000029,2020-07-30,Copeland,0.0,0,353,517.72,0.52,68183,5.87,-1.47,20.55,0.0
E07000029,2020-07-29,Copeland,2.93,2,353,517.72,0.52,68183,7.34,-1.47,20.55,1.46
E07000029,2020-07-28,Copeland,1.47,1,351,514.79,0.51,68183,8.81,1.47,19.09,1.47
E07000029,2020-07-27,Copeland,0.0,0,350,513.32,0.51,68183,7.34,0.0,17.62,0.0
E07000029,2020-07-26,Copeland,1.47,1,350,513.32,0.51,68183,7.34,1.47,17.62,1.47
E07000029,2020-07-25,Copeland,0.0,0,349,511.86,0.51,68183,5.87,0.0,16.15,-1.47
E07000029,2020-07-24,Copeland,0.0,0,349,511.86,0.51,68183,5.87,-1.47,17.62,0.0
E07000029,2020-07-23,Copeland,1.47,1,349,511.86,0.51,68183,7.34,0.0,17.62,1.47
E07000029,2020-07-22,Copeland,4.4,3,348,510.39,0.51,68183,7.34,4.4,16.15,4.4
E07000029,2020-07-21,Copeland,0.0,0,345,505.99,0.51,68183,2.94,0.0,11.75,0.0
E07000029,2020-07-20,Copeland,0.0,0,345,505.99,0.51,68183,2.94,0.0,11.75,0.0
E07000029,2020-07-19,Copeland,0.0,0,345,505.99,0.51,68183,2.94,0.0,11.75,-1.47
E07000029,2020-07-18,Copeland,0.0,0,345,505.99,0.51,68183,2.94,0.0,13.22,0.0
E07000029,2020-07-17,Copeland,1.47,1,345,505.99,0.51,68183,2.94,1.47,13.22,1.47
E07000029,2020-07-16,Copeland,1.47,1,344,504.52,0.5,68183,1.47,1.47,11.75,1.47
E07000029,2020-07-15,Copeland,0.0,0,343,503.06,0.5,68183,0.0,0.0,10.28,0.0
E07000029,2020-07-14,Copeland,0.0,0,343,503.06,0.5,68183,0.0,0.0,10.28,0.0
E07000029,2020-07-13,Copeland,0.0,0,343,503.06,0.5,68183,0.0,-2.93,10.28,-1.47
E07000029,2020-07-12,Copeland,0.0,0,343,503.06,0.5,68183,2.93,-1.47,11.75,0.0
E07000029,2020-07-11,Copeland,0.0,0,343,503.06,0.5,68183,4.4,0.0,11.75,0.0
E07000029,2020-07-10,Copeland,0.0,0,343,503.06,0.5,68183,4.4,-1.47,11.75,0.0
E07000029,2020-07-09,Copeland,0.0,0,343,503.06,0.5,68183,5.87,0.0,11.75,-1.47
E07000029,2020-07-08,Copeland,0.0,0,343,503.06,0.5,68183,5.87,-1.47,13.22,0.0
E07000029,2020-07-07,Copeland,0.0,0,343,503.06,0.5,68183,7.34,0.0,13.22,-4.4
E07000029,2020-07-06,Copeland,2.93,2,343,503.06,0.5,68183,7.34,2.93,17.62,1.46
E07000029,2020-07-05,Copeland,1.47,1,341,500.12,0.5,68183,4.41,1.47,16.16,-2.93
E07000029,2020-07-04,Copeland,0.0,0,340,498.66,0.5,68183,2.94,-1.47,19.09,-1.47
E07000029,2020-07-03,Copeland,1.47,1,340,498.66,0.5,68183,4.41,1.47,20.56,1.47
E07000029,2020-07-02,Copeland,0.0,0,339,497.19,0.5,68183,2.94,0.0,19.09,0.0
E07000029,2020-07-01,Copeland,1.47,1,339,497.19,0.5,68183,2.94,1.47,19.09,-1.46
E07000029,2020-06-30,Copeland,0.0,0,338,495.72,0.5,68183,1.47,0.0,20.55,-13.2
E07000029,2020-06-29,Copeland,0.0,0,338,495.72,0.5,68183,1.47,0.0,33.75,-4.4
E07000029,2020-06-28,Copeland,0.0,0,338,495.72,0.5,68183,1.47,-1.47,38.15,-1.47
E07000029,2020-06-27,Copeland,1.47,1,338,495.72,0.5,68183,2.94,1.47,39.62,-5.86
E07000029,2020-06-26,Copeland,0.0,0,337,494.26,0.49,68183,1.47,0.0,45.48,0.0
E07000029,2020-06-25,Copeland,0.0,0,337,494.26,0.49,68183,1.47,0.0,45.48,-2.93
E07000029,2020-06-24,Copeland,0.0,0,337,494.26,0.49,68183,1.47,0.0,48.41,0.0
E07000029,2020-06-23,Copeland,0.0,0,337,494.26,0.49,68183,1.47,0.0,48.41,0.0
E07000029,2020-06-22,Copeland,0.0,0,337,494.26,0.49,68183,1.47,-1.47,48.41,0.0
E07000029,2020-06-21,Copeland,1.47,1,337,494.26,0.49,68183,2.94,1.47,48.41,-2.93
E07000029,2020-06-20,Copeland,0.0,0,336,492.79,0.49,68183,1.47,0.0,51.34,0.0
E07000029,2020-06-19,Copeland,0.0,0,336,492.79,0.49,68183,1.47,0.0,51.34,-17.6
E07000029,2020-06-18,Copeland,0.0,0,336,492.79,0.49,68183,1.47,-1.47,68.94,0.0
E07000029,2020-06-17,Copeland,0.0,0,336,492.79,0.49,68183,2.94,0.0,68.94,0.0
E07000029,2020-06-16,Copeland,0.0,0,336,492.79,0.49,68183,2.94,-4.4,68.94,-4.4
E07000029,2020-06-15,Copeland,1.47,1,336,492.79,0.49,68183,7.34,0.0,73.34,0.0
E07000029,2020-06-14,Copeland,0.0,0,335,491.32,0.49,68183,7.34,-4.4,73.34,-1.47
E07000029,2020-06-13,Copeland,0.0,0,335,491.32,0.49,68183,11.74,-1.47,74.81,-11.73
E07000029,2020-06-12,Copeland,0.0,0,335,491.32,0.49,68183,13.21,0.0,86.54,-1.47
E07000029,2020-06-11,Copeland,1.47,1,335,491.32,0.49,68183,13.21,1.47,88.01,0.0
E07000029,2020-06-10,Copeland,0.0,0,334,489.86,0.49,68183,11.74,-2.93,88.01,0.0
E07000029,2020-06-09,Copeland,4.4,3,334,489.86,0.49,68183,14.67,-8.8,88.01,2.93
E07000029,2020-06-08,Copeland,1.47,1,331,485.46,0.49,68183,23.47,-2.93,85.08,-1.46
E07000029,2020-06-07,Copeland,4.4,3,330,483.99,0.48,68183,26.4,2.93,86.54,2.93
E07000029,2020-06-06,Copeland,1.47,1,327,479.59,0.48,68183,23.47,-5.86,83.61,0.0
E07000029,2020-06-05,Copeland,0.0,0,326,478.13,0.48,68183,29.33,0.0,83.61,0.0
E07000029,2020-06-04,Copeland,0.0,0,326,478.13,0.48,68183,29.33,-2.93,83.61,-2.93
E07000029,2020-06-03,Copeland,2.93,2,326,478.13,0.48,68183,32.26,2.93,86.54,1.46
E07000029,2020-06-02,Copeland,13.2,9,324,475.19,0.48,68183,29.33,13.2,85.08,8.8
E07000029,2020-06-01,Copeland,4.4,3,315,461.99,0.46,68183,16.13,4.4,76.28,4.4
E07000029,2020-05-31,Copeland,1.47,1,312,457.59,0.46,68183,11.73,-2.93,71.88,0.0
E07000029,2020-05-30,Copeland,7.33,5,311,456.13,0.46,68183,14.66,7.33,71.88,7.33
E07000029,2020-05-29,Copeland,0.0,0,306,448.79,0.45,68183,7.33,-17.6,64.55,-8.8
E07000029,2020-05-28,Copeland,2.93,2,306,448.79,0.45,68183,24.93,2.93,73.35,-22.0
E07000029,2020-05-27,Copeland,0.0,0,304,445.86,0.45,68183,22.0,0.0,95.35,-10.27
E07000029,2020-05-26,Copeland,0.0,0,304,445.86,0.45,68183,22.0,-4.4,105.62,-1.47
E07000029,2020-05-25,Copeland,0.0,0,304,445.86,0.45,68183,26.4,-1.47,107.09,-7.33
E07000029,2020-05-24,Copeland,4.4,3,304,445.86,0.45,68183,27.87,2.93,114.42,2.93
E07000029,2020-05-23,Copeland,0.0,0,301,441.46,0.44,68183,24.94,-11.73,111.49,-4.4
E07000029,2020-05-22,Copeland,17.6,12,301,441.46,0.44,68183,36.67,16.13,115.89,7.33
E07000029,2020-05-21,Copeland,0.0,0,289,423.86,0.42,68183,20.54,-1.47,108.56,-11.73
E07000029,2020-05-20,Copeland,0.0,0,289,423.86,0.42,68183,22.01,0.0,120.29,-16.13
E07000029,2020-05-19,Copeland,4.4,3,289,423.86,0.42,68183,22.01,2.93,136.42,-8.8
E07000029,2020-05-18,Copeland,1.47,1,286,419.46,0.42,68183,19.08,-1.46,145.22,-5.86
E07000029,2020-05-17,Copeland,1.47,1,285,417.99,0.42,68183,20.54,0.0,151.08,-16.13
E07000029,2020-05-16,Copeland,11.73,8,284,416.53,0.42,68183,20.54,10.26,167.21,5.86
E07000029,2020-05-15,Copeland,1.47,1,276,404.79,0.4,68183,10.28,1.47,161.35,-10.26
E07000029,2020-05-14,Copeland,1.47,1,275,403.33,0.4,68183,8.81,-1.46,171.61,-16.13
E07000029,2020-05-13,Copeland,0.0,0,274,401.86,0.4,68183,10.27,-1.47,187.74,-13.2
E07000029,2020-05-12,Copeland,1.47,1,274,401.86,0.4,68183,11.74,-2.93,200.94,-1.46
E07000029,2020-05-11,Copeland,2.93,2,273,400.39,0.4,68183,14.67,2.93,202.4,-4.4
E07000029,2020-05-10,Copeland,1.47,1,271,397.46,0.4,68183,11.74,0.0,206.8,-4.4
E07000029,2020-05-09,Copeland,1.47,1,270,395.99,0.4,68183,11.74,1.47,211.2,-8.8
E07000029,2020-05-08,Copeland,0.0,0,269,394.53,0.39,68183,10.27,-8.8,220.0,-5.87
E07000029,2020-05-07,Copeland,2.93,2,269,394.53,0.39,68183,19.07,-22.0,225.87,-7.34
E07000029,2020-05-06,Copeland,1.47,1,267,391.59,0.39,68183,41.07,-8.8,233.21,-2.93
E07000029,2020-05-05,Copeland,4.4,3,266,390.13,0.39,68183,49.87,2.93,236.14,-5.87
E07000029,2020-05-04,Copeland,0.0,0,263,385.73,0.39,68183,46.94,-7.33,242.01,-17.6
E07000029,2020-05-03,Copeland,1.47,1,263,385.73,0.39,68183,54.27,0.0,259.61,-5.86
E07000029,2020-05-02,Copeland,0.0,0,262,384.26,0.38,68183,54.27,-4.4,265.47,-5.87
E07000029,2020-05-01,Copeland,8.8,6,262,384.26,0.38,68183,58.67,-1.47,271.34,-1.47
E07000029,2020-04-30,Copeland,24.93,17,256,375.46,0.38,68183,60.14,13.2,272.81,14.66
E07000029,2020-04-29,Copeland,10.27,7,239,350.53,0.35,68183,46.94,-5.86,258.15,0.0
E07000029,2020-04-28,Copeland,1.47,1,232,340.26,0.34,68183,52.8,-11.73,258.15,-7.33
E07000029,2020-04-27,Copeland,7.33,5,231,338.79,0.34,68183,64.53,0.0,265.48,0.0
E07000029,2020-04-26,Copeland,1.47,1,226,331.46,0.33,68183,64.53,-16.13,265.48,-5.86
E07000029,2020-04-25,Copeland,4.4,3,225,329.99,0.33,68183,80.66,-1.47,271.34,-2.93
E07000029,2020-04-24,Copeland,10.27,7,222,325.59,0.33,68183,82.13,-1.46,274.27,4.4
E07000029,2020-04-23,Copeland,11.73,8,215,315.33,0.32,68183,83.59,-5.87,269.87,0.0
E07000029,2020-04-22,Copeland,16.13,11,207,303.59,0.3,68183,89.46,2.93,269.87,13.2
E07000029,2020-04-21,Copeland,13.2,9,196,287.46,0.29,68183,86.53,10.27,256.67,4.4
E07000029,2020-04-20,Copeland,7.33,5,187,274.26,0.27,68183,76.26,0.0,252.27,1.46
E07000029,2020-04-19,Copeland,17.6,12,182,266.93,0.27,68183,76.26,11.73,250.81,13.2
E07000029,2020-04-18,Copeland,5.87,4,170,249.33,0.25,68183,64.53,-4.4,237.61,1.47
E07000029,2020-04-17,Copeland,11.73,8,166,243.46,0.24,68183,68.93,5.86,236.14,10.26
E07000029,2020-04-16,Copeland,17.6,12,158,231.73,0.23,68183,63.07,7.33,225.88,17.6
E07000029,2020-04-15,Copeland,13.2,9,146,214.13,0.21,68183,55.74,8.8,208.28,10.27
E07000029,2020-04-14,Copeland,2.93,2,137,200.93,0.2,68183,46.94,-7.34,198.01,2.93
E07000029,2020-04-13,Copeland,7.33,5,135,198.0,0.2,68183,54.28,-10.27,195.08,5.86
E07000029,2020-04-12,Copeland,5.87,4,130,190.66,0.19,68183,64.55,-1.46,189.22,5.87
E07000029,2020-04-11,Copeland,10.27,7,126,184.8,0.18,68183,66.01,4.4,183.35,8.8
E07000029,2020-04-10,Copeland,5.87,4,119,174.53,0.17,68183,61.61,-4.4,174.55,5.87
E07000029,2020-04-09,Copeland,10.27,7,115,168.66,0.17,68183,66.01,0.0,168.68,10.27
E07000029,2020-04-08,Copeland,4.4,3,108,158.4,0.16,68183,66.01,-5.87,158.41,4.4
E07000029,2020-04-07,Copeland,10.27,7,105,154.0,0.15,68183,71.88,1.47,154.01,10.27
E07000029,2020-04-06,Copeland,17.6,12,98,143.73,0.14,68183,70.41,10.27,143.74,17.6
E07000029,2020-04-05,Copeland,7.33,5,86,126.13,0.13,68183,60.14,0.0,126.14,7.33
E07000029,2020-04-04,Copeland,5.87,4,81,118.8,0.12,68183,60.14,-1.46,118.81,5.87
E07000029,2020-04-03,Copeland,10.27,7,77,112.93,0.11,68183,61.6,4.4,112.94,10.27
E07000029,2020-04-02,Copeland,10.27,7,70,102.66,0.1,68183,57.2,-1.46,102.67,10.27
E07000029,2020-04-01,Copeland,10.27,7,63,92.4,0.09,68183,58.66,7.34,92.4,10.27
E07000029,2020-03-31,Copeland,8.8,6,56,82.13,0.08,68183,51.32,0.0,82.13,8.8
E07000029,2020-03-30,Copeland,7.33,5,50,73.33,0.07,68183,51.32,1.46,73.33,7.33
E07000029,2020-03-29,Copeland,7.33,5,45,66.0,0.07,68183,49.86,2.93,66.0,7.33
E07000029,2020-03-28,Copeland,7.33,5,40,58.67,0.06,68183,46.93,2.93,58.67,7.33
E07000029,2020-03-27,Copeland,5.87,4,35,51.33,0.05,68183,44.0,4.4,51.34,5.87
E07000029,2020-03-26,Copeland,11.73,8,31,45.47,0.05,68183,39.6,11.73,45.47,11.73
E07000029,2020-03-25,Copeland,2.93,2,23,33.73,0.03,68183,27.87,0.0,33.74,2.93
E07000029,2020-03-24,Copeland,8.8,6,21,30.8,0.03,68183,27.87,8.8,30.81,8.8
E07000029,2020-03-23,Copeland,5.87,4,15,22.0,0.02,68183,19.07,4.4,22.01,5.87
E07000029,2020-03-22,Copeland,4.4,3,11,16.13,0.02,68183,14.67,4.4,16.14,4.4
E07000029,2020-03-21,Copeland,4.4,3,8,11.73,0.01,68183,10.27,2.93,11.74,4.4
E07000029,2020-03-20,Copeland,1.47,1,5,7.33,0.01,68183,7.34,1.47,7.34,1.47
E07000029,2020-03-19,Copeland,0.0,0,4,5.87,0.01,68183,5.87,0.0,5.87,0.0
E07000029,2020-03-18,Copeland,2.93,2,4,5.87,0.01,68183,5.87,2.93,5.87,2.93
E07000029,2020-03-17,Copeland,0.0,0,2,2.93,0.0,68183,2.94,0.0,2.94,0.0
E07000029,2020-03-16,Copeland,1.47,1,2,2.93,0.0,68183,2.94,1.47,2.94,1.47
E07000029,2020-03-15,Copeland,0.0,0,1,1.47,0.0,68183,1.47,0.0,1.47,0.0
