date,region,1day_cases_100k,new_cases,new_deaths,new_deaths_100k,total_cases,total_deaths,cfr%,total_cases_100k,total_deaths_100k,%infected,population,7day_cases_100k,7day_cases_change,28day_cases_100k,28day_cases_change
2021-02-24,New South Wales,0.09,7,0,0.0,5162,54,1.05,63.5,0.66,0.06,8128984,0.23,0.09,0.78,0.05
2021-02-23,New South Wales,0.01,1,0,0.0,5155,54,1.05,63.42,0.66,0.06,8128984,0.14,-0.04,0.73,-0.01
2021-02-22,New South Wales,0.05,4,0,0.0,5154,54,1.05,63.4,0.66,0.06,8128984,0.18,0.04,0.74,0.04
2021-02-21,New South Wales,0.01,1,0,0.0,5150,54,1.05,63.35,0.66,0.06,8128984,0.14,0.01,0.7,-0.03
2021-02-20,New South Wales,0.04,3,0,0.0,5149,54,1.05,63.34,0.66,0.06,8128984,0.13,0.02,0.73,0.0
2021-02-19,New South Wales,0.01,1,0,0.0,5146,54,1.05,63.3,0.66,0.06,8128984,0.11,-0.01,0.73,0.0
2021-02-18,New South Wales,0.02,2,0,0.0,5145,54,1.05,63.29,0.66,0.06,8128984,0.12,0.0,0.73,0.03
2021-02-17,New South Wales,0.0,0,0,0.0,5143,54,1.05,63.27,0.66,0.06,8128984,0.12,-0.04,0.7,-0.06
2021-02-16,New South Wales,0.05,4,0,0.0,5143,54,1.05,63.27,0.66,0.06,8128984,0.16,0.0,0.76,0.01
2021-02-15,New South Wales,0.01,1,0,0.0,5139,54,1.05,63.22,0.66,0.06,8128984,0.16,-0.01,0.75,-0.01
2021-02-14,New South Wales,0.0,0,0,0.0,5138,54,1.05,63.21,0.66,0.06,8128984,0.17,-0.04,0.76,-0.1
2021-02-13,New South Wales,0.02,2,0,0.0,5138,54,1.05,63.21,0.66,0.06,8128984,0.21,0.01,0.86,-0.09
2021-02-12,New South Wales,0.02,2,0,0.0,5136,54,1.05,63.18,0.66,0.06,8128984,0.2,0.0,0.95,-0.13
2021-02-11,New South Wales,0.02,2,0,0.0,5134,54,1.05,63.16,0.66,0.06,8128984,0.2,0.02,1.08,0.0
2021-02-10,New South Wales,0.04,3,0,0.0,5132,54,1.05,63.13,0.66,0.06,8128984,0.18,0.0,1.08,0.02
2021-02-09,New South Wales,0.05,4,0,0.0,5129,54,1.05,63.1,0.66,0.06,8128984,0.18,0.03,1.06,-0.04
2021-02-08,New South Wales,0.02,2,0,0.0,5125,54,1.05,63.05,0.66,0.06,8128984,0.15,0.0,1.1,-0.18
2021-02-07,New South Wales,0.04,3,0,0.0,5123,54,1.05,63.02,0.66,0.06,8128984,0.15,-0.03,1.28,-0.1
2021-02-06,New South Wales,0.01,1,0,0.0,5120,54,1.05,62.98,0.66,0.06,8128984,0.18,-0.03,1.38,-0.06
2021-02-05,New South Wales,0.02,2,0,0.0,5119,54,1.05,62.97,0.66,0.06,8128984,0.21,0.0,1.44,-0.05
2021-02-04,New South Wales,0.0,0,0,0.0,5117,54,1.06,62.95,0.66,0.06,8128984,0.21,-0.04,1.49,-0.14
2021-02-03,New South Wales,0.04,3,0,0.0,5117,54,1.06,62.95,0.66,0.06,8128984,0.25,0.0,1.63,-0.03
2021-02-02,New South Wales,0.02,2,0,0.0,5114,54,1.06,62.91,0.66,0.06,8128984,0.25,0.0,1.66,-0.04
2021-02-01,New South Wales,0.02,2,0,0.0,5112,54,1.06,62.89,0.66,0.06,8128984,0.25,0.01,1.7,-0.08
2021-01-31,New South Wales,0.07,6,0,0.0,5110,54,1.06,62.86,0.66,0.06,8128984,0.24,0.03,1.78,-0.02
2021-01-30,New South Wales,0.04,3,0,0.0,5104,54,1.06,62.79,0.66,0.06,8128984,0.21,0.0,1.8,-0.1
2021-01-29,New South Wales,0.02,2,0,0.0,5101,54,1.06,62.75,0.66,0.06,8128984,0.21,0.01,1.9,-0.21
2021-01-28,New South Wales,0.04,3,0,0.0,5099,54,1.06,62.73,0.66,0.06,8128984,0.2,0.05,2.11,-0.02
2021-01-27,New South Wales,0.04,3,0,0.0,5096,54,1.06,62.69,0.66,0.06,8128984,0.15,-0.02,2.13,-0.17
2021-01-26,New South Wales,0.02,2,0,0.0,5093,54,1.06,62.65,0.66,0.06,8128984,0.17,-0.02,2.3,-0.29
2021-01-25,New South Wales,0.01,1,0,0.0,5091,54,1.06,62.63,0.66,0.06,8128984,0.19,-0.01,2.59,-0.1
2021-01-24,New South Wales,0.04,3,0,0.0,5090,54,1.06,62.62,0.66,0.06,8128984,0.2,-0.06,2.69,-0.13
2021-01-23,New South Wales,0.04,3,0,0.0,5087,54,1.06,62.58,0.66,0.06,8128984,0.26,-0.07,2.82,-0.1
2021-01-22,New South Wales,0.01,1,0,0.0,5084,54,1.06,62.54,0.66,0.06,8128984,0.33,-0.14,2.92,-0.17
2021-01-21,New South Wales,-0.01,-1,0,0.0,5083,54,1.06,62.53,0.66,0.06,8128984,0.47,-0.03,3.09,-0.12
2021-01-20,New South Wales,0.06,5,0,0.0,5084,54,1.06,62.54,0.66,0.06,8128984,0.5,0.04,3.21,-0.16
2021-01-19,New South Wales,0.04,3,0,0.0,5079,54,1.06,62.48,0.66,0.06,8128984,0.46,-0.05,3.37,-0.16
2021-01-18,New South Wales,0.02,2,0,0.0,5076,54,1.06,62.44,0.66,0.06,8128984,0.51,-0.18,3.53,-0.2
2021-01-17,New South Wales,0.1,8,0,0.0,5074,54,1.06,62.42,0.66,0.06,8128984,0.69,-0.04,3.73,-0.18
2021-01-16,New South Wales,0.11,9,0,0.0,5066,54,1.07,62.32,0.66,0.06,8128984,0.73,0.04,3.91,-0.33
2021-01-15,New South Wales,0.15,12,0,0.0,5057,54,1.07,62.21,0.66,0.06,8128984,0.69,0.08,4.24,-0.22
2021-01-14,New South Wales,0.02,2,0,0.0,5045,54,1.07,62.06,0.66,0.06,8128984,0.61,-0.12,4.46,-0.18
2021-01-13,New South Wales,0.02,2,0,0.0,5043,54,1.07,62.04,0.66,0.06,8128984,0.73,-0.05,4.64,-0.09
2021-01-12,New South Wales,0.09,7,0,0.0,5041,54,1.07,62.01,0.66,0.06,8128984,0.78,0.03,4.73,0.0
2021-01-11,New South Wales,0.2,16,0,0.0,5034,54,1.07,61.93,0.66,0.06,8128984,0.75,0.1,4.73,0.14
2021-01-10,New South Wales,0.14,11,0,0.0,5018,54,1.08,61.73,0.66,0.06,8128984,0.65,0.05,4.59,0.1
2021-01-09,New South Wales,0.07,6,0,0.0,5007,54,1.08,61.59,0.66,0.06,8128984,0.6,-0.07,4.49,0.03
2021-01-08,New South Wales,0.07,6,0,0.0,5001,54,1.08,61.52,0.66,0.06,8128984,0.67,-0.16,4.46,0.0
2021-01-07,New South Wales,0.14,11,0,0.0,4995,54,1.08,61.45,0.66,0.06,8128984,0.83,0.08,4.46,0.03
2021-01-06,New South Wales,0.07,6,0,0.0,4984,54,1.08,61.31,0.66,0.06,8128984,0.75,-0.14,4.43,0.05
2021-01-05,New South Wales,0.06,5,0,0.0,4978,54,1.08,61.24,0.66,0.06,8128984,0.89,-0.25,4.38,0.04
2021-01-04,New South Wales,0.1,8,0,0.0,4973,54,1.09,61.18,0.66,0.06,8128984,1.14,-0.01,4.34,0.03
2021-01-03,New South Wales,0.09,7,0,0.0,4965,54,1.09,61.08,0.66,0.06,8128984,1.15,-0.08,4.31,0.04
2021-01-02,New South Wales,0.14,11,0,0.0,4958,54,1.09,60.99,0.66,0.06,8128984,1.23,0.0,4.27,0.08
2021-01-01,New South Wales,0.23,19,0,0.0,4947,54,1.09,60.86,0.66,0.06,8128984,1.23,0.05,4.19,0.21
2020-12-31,New South Wales,0.06,5,0,0.0,4928,54,1.1,60.62,0.66,0.06,8128984,1.18,-0.05,3.98,-0.01
2020-12-30,New South Wales,0.21,17,0,0.0,4923,54,1.1,60.56,0.66,0.06,8128984,1.23,-0.01,3.99,0.1
2020-12-29,New South Wales,0.31,25,0,0.0,4906,54,1.1,60.35,0.66,0.06,8128984,1.24,0.11,3.89,0.24
2020-12-28,New South Wales,0.11,9,0,0.0,4881,54,1.11,60.04,0.66,0.06,8128984,1.13,-0.11,3.65,0.05
2020-12-27,New South Wales,0.17,14,1,0.01,4872,54,1.11,59.93,0.66,0.06,8128984,1.24,-0.11,3.6,0.06
2020-12-26,New South Wales,0.14,11,0,0.0,4858,53,1.09,59.76,0.65,0.06,8128984,1.35,-0.3,3.54,0.09
2020-12-25,New South Wales,0.18,15,0,0.0,4847,53,1.09,59.63,0.65,0.06,8128984,1.65,-0.19,3.45,0.08
2020-12-24,New South Wales,0.11,9,0,0.0,4832,53,1.1,59.44,0.65,0.06,8128984,1.84,-0.09,3.37,0.06
2020-12-23,New South Wales,0.22,18,0,0.0,4823,53,1.1,59.33,0.65,0.06,8128984,1.93,0.11,3.31,0.22
2020-12-22,New South Wales,0.2,16,0,0.0,4805,53,1.1,59.11,0.65,0.06,8128984,1.82,0.11,3.09,0.15
2020-12-21,New South Wales,0.22,18,0,0.0,4789,53,1.11,58.91,0.65,0.06,8128984,1.71,0.16,2.94,0.15
2020-12-20,New South Wales,0.28,23,0,0.0,4771,53,1.11,58.69,0.65,0.06,8128984,1.55,0.24,2.79,0.23
2020-12-19,New South Wales,0.44,36,0,0.0,4748,53,1.12,58.41,0.65,0.06,8128984,1.31,0.4,2.56,0.3
2020-12-18,New South Wales,0.37,30,0,0.0,4712,53,1.12,57.97,0.65,0.06,8128984,0.91,0.3,2.26,0.25
2020-12-17,New South Wales,0.2,16,0,0.0,4682,53,1.13,57.6,0.65,0.06,8128984,0.61,0.09,2.01,0.16
2020-12-16,New South Wales,0.11,9,0,0.0,4666,53,1.14,57.4,0.65,0.06,8128984,0.52,0.09,1.85,0.05
2020-12-15,New South Wales,0.09,7,0,0.0,4657,53,1.14,57.29,0.65,0.06,8128984,0.43,0.07,1.8,0.0
2020-12-14,New South Wales,0.06,5,0,0.0,4650,53,1.14,57.2,0.65,0.06,8128984,0.36,-0.01,1.8,0.01
2020-12-13,New South Wales,0.04,3,0,0.0,4645,53,1.14,57.14,0.65,0.06,8128984,0.37,-0.01,1.79,-0.11
2020-12-12,New South Wales,0.04,3,0,0.0,4642,53,1.14,57.1,0.65,0.06,8128984,0.38,-0.02,1.9,-0.17
2020-12-11,New South Wales,0.07,6,0,0.0,4639,53,1.14,57.07,0.65,0.06,8128984,0.4,0.05,2.07,0.07
2020-12-10,New South Wales,0.11,9,0,0.0,4633,53,1.14,56.99,0.65,0.06,8128984,0.35,0.04,2.0,0.11
2020-12-09,New South Wales,0.02,2,0,0.0,4624,53,1.15,56.88,0.65,0.06,8128984,0.31,-0.09,1.89,0.02
2020-12-08,New South Wales,0.02,2,0,0.0,4622,53,1.15,56.86,0.65,0.06,8128984,0.4,-0.05,1.87,0.02
2020-12-07,New South Wales,0.07,6,0,0.0,4620,53,1.15,56.83,0.65,0.06,8128984,0.45,0.01,1.85,0.07
2020-12-06,New South Wales,0.05,4,0,0.0,4614,53,1.15,56.76,0.65,0.06,8128984,0.44,-0.06,1.78,-0.04
2020-12-05,New South Wales,0.06,5,0,0.0,4610,53,1.15,56.71,0.65,0.06,8128984,0.5,0.01,1.82,0.02
2020-12-04,New South Wales,0.02,2,0,0.0,4605,53,1.15,56.65,0.65,0.06,8128984,0.49,-0.08,1.8,-0.04
2020-12-03,New South Wales,0.07,6,0,0.0,4603,53,1.15,56.62,0.65,0.06,8128984,0.57,0.02,1.84,-0.04
2020-12-02,New South Wales,0.11,9,0,0.0,4597,53,1.15,56.55,0.65,0.06,8128984,0.55,0.11,1.88,0.09
2020-12-01,New South Wales,0.07,6,0,0.0,4588,53,1.16,56.44,0.65,0.06,8128984,0.44,0.02,1.79,-0.03
2020-11-30,New South Wales,0.06,5,0,0.0,4582,53,1.16,56.37,0.65,0.06,8128984,0.42,-0.01,1.82,0.02
2020-11-29,New South Wales,0.11,9,0,0.0,4577,53,1.16,56.3,0.65,0.06,8128984,0.43,0.06,1.8,0.02
2020-11-28,New South Wales,0.05,4,0,0.0,4568,53,1.16,56.19,0.65,0.06,8128984,0.37,-0.09,1.78,0.0
2020-11-27,New South Wales,0.1,8,0,0.0,4564,53,1.16,56.14,0.65,0.06,8128984,0.46,-0.02,1.78,0.05
2020-11-26,New South Wales,0.05,4,0,0.0,4556,53,1.16,56.05,0.65,0.06,8128984,0.48,0.01,1.73,-0.02
2020-11-25,New South Wales,0.0,0,0,0.0,4552,53,1.16,56.0,0.65,0.06,8128984,0.47,-0.06,1.75,-0.06
2020-11-24,New South Wales,0.05,4,0,0.0,4552,53,1.16,56.0,0.65,0.06,8128984,0.53,-0.04,1.81,-0.05
2020-11-23,New South Wales,0.07,6,0,0.0,4548,53,1.17,55.95,0.65,0.06,8128984,0.57,0.02,1.86,-0.08
2020-11-22,New South Wales,0.05,4,0,0.0,4542,53,1.17,55.87,0.65,0.06,8128984,0.55,-0.1,1.94,0.0
2020-11-21,New South Wales,0.14,11,0,0.0,4538,53,1.17,55.82,0.65,0.06,8128984,0.65,-0.07,1.94,0.05
2020-11-20,New South Wales,0.12,10,0,0.0,4527,53,1.17,55.69,0.65,0.06,8128984,0.72,0.12,1.89,0.06
2020-11-19,New South Wales,0.04,3,0,0.0,4517,53,1.17,55.57,0.65,0.06,8128984,0.6,0.04,1.83,-0.05
2020-11-18,New South Wales,0.06,5,0,0.0,4514,53,1.17,55.53,0.65,0.06,8128984,0.56,0.06,1.88,-0.01
2020-11-17,New South Wales,0.09,7,0,0.0,4509,53,1.18,55.47,0.65,0.06,8128984,0.5,0.09,1.89,-0.03
2020-11-16,New South Wales,0.05,4,0,0.0,4502,53,1.18,55.38,0.65,0.06,8128984,0.41,0.05,1.92,-0.01
2020-11-15,New South Wales,0.15,12,0,0.0,4498,53,1.18,55.33,0.65,0.06,8128984,0.36,0.06,1.93,0.1
2020-11-14,New South Wales,0.21,17,0,0.0,4486,53,1.18,55.19,0.65,0.06,8128984,0.3,0.17,1.83,0.15
2020-11-13,New South Wales,0.0,0,0,0.0,4469,53,1.19,54.98,0.65,0.05,8128984,0.13,-0.06,1.68,-0.09
2020-11-12,New South Wales,0.0,0,0,0.0,4469,53,1.19,54.98,0.65,0.05,8128984,0.19,-0.11,1.77,-0.06
2020-11-11,New South Wales,0.0,0,0,0.0,4469,53,1.19,54.98,0.65,0.05,8128984,0.3,-0.02,1.83,-0.14
2020-11-10,New South Wales,0.0,0,0,0.0,4469,53,1.19,54.98,0.65,0.05,8128984,0.32,-0.1,1.97,-0.18
2020-11-09,New South Wales,0.0,0,0,0.0,4469,53,1.19,54.98,0.65,0.05,8128984,0.42,-0.04,2.15,-0.14
2020-11-08,New South Wales,0.09,7,0,0.0,4469,53,1.19,54.98,0.65,0.05,8128984,0.46,0.0,2.29,0.02
2020-11-07,New South Wales,0.04,3,0,0.0,4462,53,1.19,54.89,0.65,0.05,8128984,0.46,-0.01,2.27,-0.02
2020-11-06,New South Wales,0.06,5,0,0.0,4459,53,1.19,54.85,0.65,0.05,8128984,0.47,0.01,2.29,0.04
2020-11-05,New South Wales,0.11,9,0,0.0,4454,53,1.19,54.79,0.65,0.05,8128984,0.46,0.04,2.25,-0.01
2020-11-04,New South Wales,0.02,2,0,0.0,4445,53,1.19,54.68,0.65,0.05,8128984,0.42,-0.04,2.26,-0.13
2020-11-03,New South Wales,0.1,8,0,0.0,4443,53,1.19,54.66,0.65,0.05,8128984,0.46,0.0,2.39,0.06
2020-11-02,New South Wales,0.04,3,0,0.0,4435,53,1.2,54.56,0.65,0.05,8128984,0.46,-0.11,2.33,-0.1
2020-11-01,New South Wales,0.09,7,0,0.0,4432,53,1.2,54.52,0.65,0.05,8128984,0.57,0.04,2.43,0.08
2020-10-31,New South Wales,0.05,4,0,0.0,4425,53,1.2,54.43,0.65,0.05,8128984,0.53,-0.04,2.35,0.03
2020-10-30,New South Wales,0.05,4,0,0.0,4421,53,1.2,54.39,0.65,0.05,8128984,0.57,-0.01,2.32,0.04
2020-10-29,New South Wales,0.07,6,0,0.0,4417,53,1.2,54.34,0.65,0.05,8128984,0.58,-0.02,2.28,0.02
2020-10-28,New South Wales,0.06,5,0,0.0,4411,53,1.2,54.26,0.65,0.05,8128984,0.6,-0.01,2.26,0.02
2020-10-27,New South Wales,0.1,8,0,0.0,4406,53,1.2,54.2,0.65,0.05,8128984,0.61,-0.02,2.24,0.05
2020-10-26,New South Wales,0.15,12,0,0.0,4398,53,1.21,54.1,0.65,0.05,8128984,0.63,0.09,2.19,0.13
2020-10-25,New South Wales,0.05,4,0,0.0,4386,53,1.21,53.96,0.65,0.05,8128984,0.54,0.0,2.06,0.05
2020-10-24,New South Wales,0.09,7,0,0.0,4382,53,1.21,53.91,0.65,0.05,8128984,0.54,0.03,2.01,0.09
2020-10-23,New South Wales,0.06,5,0,0.0,4375,53,1.21,53.82,0.65,0.05,8128984,0.51,-0.03,1.92,0.05
2020-10-22,New South Wales,0.09,7,0,0.0,4370,53,1.21,53.76,0.65,0.05,8128984,0.54,0.03,1.87,0.04
2020-10-21,New South Wales,0.07,6,0,0.0,4363,53,1.21,53.67,0.65,0.05,8128984,0.51,-0.07,1.83,0.06
2020-10-20,New South Wales,0.12,10,0,0.0,4357,53,1.22,53.6,0.65,0.05,8128984,0.58,-0.06,1.77,0.05
2020-10-19,New South Wales,0.06,5,0,0.0,4347,53,1.22,53.48,0.65,0.05,8128984,0.64,-0.08,1.72,0.04
2020-10-18,New South Wales,0.05,4,0,0.0,4342,53,1.22,53.41,0.65,0.05,8128984,0.72,-0.02,1.68,0.0
2020-10-17,New South Wales,0.06,5,0,0.0,4338,53,1.22,53.36,0.65,0.05,8128984,0.74,0.0,1.68,0.04
2020-10-16,New South Wales,0.09,7,0,0.0,4333,53,1.22,53.3,0.65,0.05,8128984,0.74,0.07,1.64,0.07
2020-10-15,New South Wales,0.06,5,0,0.0,4326,53,1.23,53.22,0.65,0.05,8128984,0.67,-0.06,1.57,-0.01
2020-10-14,New South Wales,0.14,11,0,0.0,4321,53,1.23,53.16,0.65,0.05,8128984,0.73,-0.01,1.58,0.08
2020-10-13,New South Wales,0.18,15,0,0.0,4310,53,1.23,53.02,0.65,0.05,8128984,0.74,0.14,1.5,0.08
2020-10-12,New South Wales,0.14,11,0,0.0,4295,53,1.23,52.84,0.65,0.05,8128984,0.6,0.0,1.42,0.05
2020-10-11,New South Wales,0.07,6,0,0.0,4284,53,1.24,52.7,0.65,0.05,8128984,0.6,0.06,1.37,0.02
2020-10-10,New South Wales,0.06,5,0,0.0,4278,53,1.24,52.63,0.65,0.05,8128984,0.54,0.04,1.35,-0.05
2020-10-09,New South Wales,0.02,2,0,0.0,4273,53,1.24,52.56,0.65,0.05,8128984,0.5,0.01,1.4,-0.04
2020-10-08,New South Wales,0.12,10,0,0.0,4271,53,1.24,52.54,0.65,0.05,8128984,0.49,0.07,1.44,0.0
2020-10-07,New South Wales,0.15,12,0,0.0,4261,53,1.24,52.42,0.65,0.05,8128984,0.42,0.11,1.44,0.06
2020-10-06,New South Wales,0.04,3,0,0.0,4249,53,1.25,52.27,0.65,0.05,8128984,0.31,-0.01,1.38,-0.07
2020-10-05,New South Wales,0.14,11,0,0.0,4246,53,1.25,52.23,0.65,0.05,8128984,0.32,0.12,1.45,0.04
2020-10-04,New South Wales,0.01,1,0,0.0,4235,53,1.25,52.1,0.65,0.05,8128984,0.2,0.01,1.41,-0.04
2020-10-03,New South Wales,0.02,2,0,0.0,4234,53,1.25,52.09,0.65,0.05,8128984,0.19,0.02,1.45,-0.1
2020-10-02,New South Wales,0.01,1,0,0.0,4232,53,1.25,52.06,0.65,0.05,8128984,0.17,0.0,1.55,-0.05
2020-10-01,New South Wales,0.05,4,0,0.0,4231,53,1.25,52.05,0.65,0.05,8128984,0.17,0.0,1.6,-0.05
2020-09-30,New South Wales,0.04,3,0,0.0,4227,53,1.25,52.0,0.65,0.05,8128984,0.17,0.03,1.65,-0.11
2020-09-29,New South Wales,0.05,4,0,0.0,4224,53,1.25,51.96,0.65,0.05,8128984,0.14,-0.02,1.76,-0.15
2020-09-28,New South Wales,0.02,2,0,0.0,4220,53,1.26,51.91,0.65,0.05,8128984,0.16,0.0,1.91,-0.14
2020-09-27,New South Wales,0.0,0,0,0.0,4218,53,1.26,51.89,0.65,0.05,8128984,0.16,-0.05,2.05,-0.12
2020-09-26,New South Wales,0.0,0,0,0.0,4218,53,1.26,51.89,0.65,0.05,8128984,0.21,-0.02,2.17,-0.09
2020-09-25,New South Wales,0.01,1,0,0.0,4218,53,1.26,51.89,0.65,0.05,8128984,0.23,-0.01,2.26,-0.16
2020-09-24,New South Wales,0.05,4,0,0.0,4217,53,1.26,51.88,0.65,0.05,8128984,0.24,-0.02,2.42,-0.11
2020-09-23,New South Wales,0.01,1,0,0.0,4213,53,1.26,51.83,0.65,0.05,8128984,0.26,-0.05,2.53,-0.1
2020-09-22,New South Wales,0.07,6,0,0.0,4212,53,1.26,51.81,0.65,0.05,8128984,0.31,-0.03,2.63,0.0
2020-09-21,New South Wales,0.02,2,0,0.0,4206,53,1.26,51.74,0.65,0.05,8128984,0.34,-0.07,2.63,-0.02
2020-09-20,New South Wales,0.05,4,0,0.0,4204,53,1.26,51.72,0.65,0.05,8128984,0.41,0.0,2.65,0.01
2020-09-19,New South Wales,0.02,2,1,0.01,4200,53,1.26,51.67,0.65,0.05,8128984,0.41,-0.09,2.64,-0.03
2020-09-18,New South Wales,0.02,2,0,0.0,4198,52,1.24,51.64,0.64,0.05,8128984,0.5,-0.04,2.67,-0.09
2020-09-17,New South Wales,0.07,6,0,0.0,4196,52,1.24,51.62,0.64,0.05,8128984,0.54,-0.05,2.76,0.06
2020-09-16,New South Wales,0.06,5,0,0.0,4190,52,1.24,51.54,0.64,0.05,8128984,0.59,-0.03,2.7,0.0
2020-09-15,New South Wales,0.1,8,0,0.0,4185,52,1.24,51.48,0.64,0.05,8128984,0.62,-0.01,2.7,0.01
2020-09-14,New South Wales,0.09,7,0,0.0,4177,52,1.24,51.38,0.64,0.05,8128984,0.63,-0.01,2.69,0.07
2020-09-13,New South Wales,0.05,4,0,0.0,4170,52,1.25,51.3,0.64,0.05,8128984,0.64,0.0,2.62,-0.04
2020-09-12,New South Wales,0.11,9,0,0.0,4166,52,1.25,51.25,0.64,0.05,8128984,0.64,-0.01,2.66,0.05
2020-09-11,New South Wales,0.06,5,0,0.0,4157,52,1.25,51.14,0.64,0.05,8128984,0.65,0.0,2.61,-0.05
2020-09-10,New South Wales,0.12,10,0,0.0,4152,52,1.25,51.08,0.64,0.05,8128984,0.65,0.02,2.66,0.01
2020-09-09,New South Wales,0.09,7,0,0.0,4142,52,1.26,50.95,0.64,0.05,8128984,0.63,-0.06,2.65,-0.06
2020-09-08,New South Wales,0.11,9,0,0.0,4135,52,1.26,50.87,0.64,0.05,8128984,0.69,-0.09,2.71,-0.11
2020-09-07,New South Wales,0.1,8,0,0.0,4126,52,1.26,50.76,0.64,0.05,8128984,0.78,-0.06,2.82,-0.17
2020-09-06,New South Wales,0.05,4,0,0.0,4118,52,1.26,50.66,0.64,0.05,8128984,0.84,-0.07,2.99,-0.12
2020-09-05,New South Wales,0.12,10,0,0.0,4114,52,1.26,50.61,0.64,0.05,8128984,0.91,0.03,3.11,0.0
2020-09-04,New South Wales,0.06,5,0,0.0,4104,52,1.27,50.49,0.64,0.05,8128984,0.88,-0.11,3.11,-0.05
2020-09-03,New South Wales,0.1,8,0,0.0,4099,52,1.27,50.42,0.64,0.05,8128984,0.99,-0.06,3.16,-0.02
2020-09-02,New South Wales,0.15,12,0,0.0,4091,52,1.27,50.33,0.64,0.05,8128984,1.05,0.04,3.18,0.0
2020-09-01,New South Wales,0.2,16,0,0.0,4079,52,1.27,50.18,0.64,0.05,8128984,1.01,0.13,3.18,0.06
2020-08-31,New South Wales,0.16,13,0,0.0,4063,52,1.28,49.98,0.64,0.05,8128984,0.88,0.12,3.12,0.01
2020-08-30,New South Wales,0.12,10,0,0.0,4050,52,1.28,49.82,0.64,0.05,8128984,0.76,0.08,3.11,-0.04
2020-08-29,New South Wales,0.09,7,0,0.0,4040,52,1.29,49.7,0.64,0.05,8128984,0.68,0.04,3.15,-0.05
2020-08-28,New South Wales,0.17,14,0,0.0,4033,52,1.29,49.61,0.64,0.05,8128984,0.64,0.06,3.2,-0.04
2020-08-27,New South Wales,0.16,13,0,0.0,4019,52,1.29,49.44,0.64,0.05,8128984,0.58,0.15,3.24,-0.09
2020-08-26,New South Wales,0.11,9,0,0.0,4006,52,1.3,49.28,0.64,0.05,8128984,0.43,0.05,3.33,-0.11
2020-08-25,New South Wales,0.07,6,0,0.0,3997,52,1.3,49.17,0.64,0.05,8128984,0.38,-0.02,3.44,-0.16
2020-08-24,New South Wales,0.04,3,0,0.0,3991,52,1.3,49.1,0.64,0.05,8128984,0.4,0.02,3.6,-0.13
2020-08-23,New South Wales,0.04,3,0,0.0,3988,52,1.3,49.06,0.64,0.05,8128984,0.38,-0.05,3.73,-0.17
2020-08-22,New South Wales,0.05,4,0,0.0,3985,52,1.3,49.02,0.64,0.05,8128984,0.43,-0.01,3.9,-0.12
2020-08-21,New South Wales,0.11,9,0,0.0,3981,52,1.31,48.97,0.64,0.05,8128984,0.44,0.0,4.02,-0.06
2020-08-20,New South Wales,0.01,1,0,0.0,3972,52,1.31,48.86,0.64,0.05,8128984,0.44,-0.1,4.08,-0.08
2020-08-19,New South Wales,0.06,5,0,0.0,3971,52,1.31,48.85,0.64,0.05,8128984,0.54,-0.09,4.16,-0.17
2020-08-18,New South Wales,0.09,7,0,0.0,3966,52,1.31,48.79,0.64,0.05,8128984,0.63,-0.13,4.33,-0.09
2020-08-17,New South Wales,0.02,2,0,0.0,3959,52,1.31,48.7,0.64,0.05,8128984,0.76,-0.25,4.42,-0.12
2020-08-16,New South Wales,0.09,7,0,0.0,3957,52,1.31,48.68,0.64,0.05,8128984,1.01,-0.08,4.54,-0.16
2020-08-15,New South Wales,0.06,5,1,0.01,3950,52,1.32,48.59,0.64,0.05,8128984,1.09,-0.06,4.7,-0.16
2020-08-14,New South Wales,0.11,9,0,0.0,3945,51,1.29,48.53,0.63,0.05,8128984,1.15,0.0,4.86,-0.07
2020-08-13,New South Wales,0.11,9,0,0.0,3936,51,1.3,48.42,0.63,0.05,8128984,1.15,-0.01,4.93,0.01
2020-08-12,New South Wales,0.15,12,1,0.01,3927,51,1.3,48.31,0.63,0.05,8128984,1.16,0.0,4.92,0.03
2020-08-11,New South Wales,0.22,18,0,0.0,3915,50,1.28,48.16,0.62,0.05,8128984,1.16,0.08,4.89,0.07
2020-08-10,New South Wales,0.27,22,0,0.0,3897,50,1.28,47.94,0.62,0.05,8128984,1.08,0.12,4.82,0.11
2020-08-09,New South Wales,0.17,14,0,0.0,3875,50,1.29,47.67,0.62,0.05,8128984,0.96,0.01,4.71,0.0
2020-08-08,New South Wales,0.12,10,0,0.0,3861,50,1.3,47.5,0.62,0.05,8128984,0.95,-0.02,4.71,0.07
2020-08-07,New South Wales,0.11,9,0,0.0,3851,50,1.3,47.37,0.62,0.05,8128984,0.97,-0.1,4.64,0.02
2020-08-06,New South Wales,0.12,10,0,0.0,3842,50,1.3,47.26,0.62,0.05,8128984,1.07,-0.13,4.62,-0.05
2020-08-05,New South Wales,0.15,12,0,0.0,3832,50,1.3,47.14,0.62,0.05,8128984,1.2,-0.07,4.67,-0.01
2020-08-04,New South Wales,0.14,11,0,0.0,3820,50,1.31,46.99,0.62,0.05,8128984,1.27,-0.09,4.68,0.05
2020-08-03,New South Wales,0.15,12,0,0.0,3809,50,1.31,46.86,0.62,0.05,8128984,1.36,-0.02,4.63,0.1
2020-08-02,New South Wales,0.16,13,0,0.0,3797,50,1.32,46.71,0.62,0.05,8128984,1.38,-0.05,4.53,0.04
2020-08-01,New South Wales,0.14,11,0,0.0,3784,50,1.32,46.55,0.62,0.05,8128984,1.43,-0.03,4.49,-0.03
2020-07-31,New South Wales,0.21,17,1,0.01,3773,50,1.33,46.41,0.62,0.05,8128984,1.46,0.04,4.52,-2.18
2020-07-30,New South Wales,0.25,20,0,0.0,3756,49,1.3,46.21,0.6,0.05,8128984,1.42,0.16,6.7,0.25
2020-07-29,New South Wales,0.22,18,0,0.0,3736,49,1.31,45.96,0.6,0.05,8128984,1.26,-0.01,6.45,0.12
2020-07-28,New South Wales,0.23,19,0,0.0,3718,49,1.32,45.74,0.6,0.05,8128984,1.27,0.05,6.33,0.06
2020-07-27,New South Wales,0.17,14,0,0.0,3699,49,1.32,45.5,0.6,0.05,8128984,1.22,0.03,6.27,0.11
2020-07-26,New South Wales,0.21,17,0,0.0,3685,49,1.33,45.33,0.6,0.05,8128984,1.19,-0.04,6.16,0.12
2020-07-25,New South Wales,0.17,14,0,0.0,3668,49,1.34,45.12,0.6,0.05,8128984,1.23,-0.05,6.04,0.13
2020-07-24,New South Wales,0.17,14,0,0.0,3654,49,1.34,44.95,0.6,0.04,8128984,1.28,-0.01,5.91,0.1
2020-07-23,New South Wales,0.09,7,0,0.0,3640,49,1.35,44.78,0.6,0.04,8128984,1.29,-0.01,5.81,0.02
2020-07-22,New South Wales,0.23,19,0,0.0,3633,49,1.35,44.69,0.6,0.04,8128984,1.3,0.11,5.79,0.19
2020-07-21,New South Wales,0.18,15,0,0.0,3614,49,1.36,44.46,0.6,0.04,8128984,1.19,0.03,5.6,0.07
2020-07-20,New South Wales,0.14,11,0,0.0,3599,49,1.36,44.27,0.6,0.04,8128984,1.16,-0.02,5.53,0.15
2020-07-19,New South Wales,0.25,20,0,0.0,3588,49,1.37,44.14,0.6,0.04,8128984,1.18,0.08,5.38,0.23
2020-07-18,New South Wales,0.22,18,0,0.0,3568,49,1.37,43.89,0.6,0.04,8128984,1.1,0.17,5.15,0.16
2020-07-17,New South Wales,0.18,15,0,0.0,3550,49,1.38,43.67,0.6,0.04,8128984,0.93,0.09,4.99,0.17
2020-07-16,New South Wales,0.1,8,0,0.0,3535,49,1.39,43.49,0.6,0.04,8128984,0.84,-0.07,4.82,0.03
2020-07-15,New South Wales,0.12,10,0,0.0,3527,49,1.39,43.39,0.6,0.04,8128984,0.91,-0.04,4.79,0.1
2020-07-14,New South Wales,0.15,12,0,0.0,3517,49,1.39,43.26,0.6,0.04,8128984,0.95,0.06,4.69,0.14
2020-07-13,New South Wales,0.16,13,0,0.0,3505,49,1.4,43.12,0.6,0.04,8128984,0.89,0.11,4.55,0.12
2020-07-12,New South Wales,0.17,14,0,0.0,3492,49,1.4,42.96,0.6,0.04,8128984,0.78,0.05,4.43,0.13
2020-07-11,New South Wales,0.05,4,0,0.0,3478,49,1.41,42.79,0.6,0.04,8128984,0.73,-0.12,4.3,-0.06
2020-07-10,New South Wales,0.09,7,0,0.0,3474,49,1.41,42.74,0.6,0.04,8128984,0.85,-2.3,4.36,0.04
2020-07-09,New South Wales,0.17,14,0,0.0,3467,49,1.41,42.65,0.6,0.04,8128984,3.15,0.17,4.32,0.19
2020-07-08,New South Wales,0.16,13,0,0.0,3453,49,1.42,42.48,0.6,0.04,8128984,2.98,0.06,4.13,0.16
2020-07-07,New South Wales,0.09,7,0,0.0,3440,49,1.42,42.32,0.6,0.04,8128984,2.92,-0.08,3.97,0.05
2020-07-06,New South Wales,0.05,4,0,0.0,3433,49,1.43,42.23,0.6,0.04,8128984,3.0,-0.01,3.92,0.03
2020-07-05,New South Wales,0.12,10,0,0.0,3429,49,1.43,42.18,0.6,0.04,8128984,3.01,0.03,3.89,0.08
2020-07-04,New South Wales,0.17,14,0,0.0,3419,49,1.43,42.06,0.6,0.04,8128984,2.98,0.13,3.81,0.18
2020-07-03,New South Wales,2.39,194,0,0.0,3405,49,1.44,41.89,0.6,0.04,8128984,2.85,2.32,3.63,2.39
2020-07-02,New South Wales,0.0,0,0,0.0,3211,49,1.53,39.5,0.6,0.04,8128984,0.53,-0.07,1.24,-0.05
2020-07-01,New South Wales,0.1,8,0,0.0,3211,49,1.53,39.5,0.6,0.04,8128984,0.6,0.06,1.29,0.08
2020-06-30,New South Wales,0.17,14,0,0.0,3203,49,1.53,39.4,0.6,0.04,8128984,0.54,0.06,1.21,0.17
2020-06-29,New South Wales,0.06,5,0,0.0,3189,49,1.54,39.23,0.6,0.04,8128984,0.48,0.07,1.04,-0.01
2020-06-28,New South Wales,0.09,7,0,0.0,3184,49,1.54,39.17,0.6,0.04,8128984,0.41,0.07,1.05,0.05
2020-06-27,New South Wales,0.04,3,0,0.0,3177,49,1.54,39.08,0.6,0.04,8128984,0.34,-0.02,1.0,0.0
2020-06-26,New South Wales,0.07,6,0,0.0,3174,49,1.54,39.05,0.6,0.04,8128984,0.36,0.06,1.0,0.07
2020-06-25,New South Wales,0.07,6,0,0.0,3168,49,1.55,38.97,0.6,0.04,8128984,0.3,0.0,0.93,0.05
2020-06-24,New South Wales,0.04,3,1,0.01,3162,49,1.55,38.9,0.6,0.04,8128984,0.3,0.02,0.88,0.03
2020-06-23,New South Wales,0.11,9,0,0.0,3159,48,1.52,38.86,0.59,0.04,8128984,0.28,0.1,0.85,0.15
2020-06-22,New South Wales,-0.01,-1,0,0.0,3150,48,1.52,38.75,0.59,0.04,8128984,0.18,-0.05,0.7,-0.03
2020-06-21,New South Wales,0.02,2,0,0.0,3151,48,1.52,38.76,0.59,0.04,8128984,0.23,-0.02,0.73,-0.02
2020-06-20,New South Wales,0.06,5,0,0.0,3149,48,1.52,38.74,0.59,0.04,8128984,0.25,-0.05,0.75,0.05
2020-06-19,New South Wales,0.01,1,0,0.0,3144,48,1.53,38.68,0.59,0.04,8128984,0.3,-0.04,0.7,-0.01
2020-06-18,New South Wales,0.07,6,0,0.0,3143,48,1.53,38.66,0.59,0.04,8128984,0.34,0.09,0.71,0.05
2020-06-17,New South Wales,0.02,2,0,0.0,3137,48,1.53,38.59,0.59,0.04,8128984,0.25,0.02,0.66,0.01
2020-06-16,New South Wales,0.01,1,0,0.0,3135,48,1.53,38.57,0.59,0.04,8128984,0.23,-0.03,0.65,-0.03
2020-06-15,New South Wales,0.04,3,0,0.0,3134,48,1.53,38.55,0.59,0.04,8128984,0.26,0.02,0.68,0.02
2020-06-14,New South Wales,0.04,3,0,0.0,3131,48,1.53,38.52,0.59,0.04,8128984,0.24,0.0,0.66,0.03
2020-06-13,New South Wales,0.11,9,0,0.0,3128,48,1.53,38.48,0.59,0.04,8128984,0.24,0.12,0.63,0.1
2020-06-12,New South Wales,0.05,4,0,0.0,3119,48,1.54,38.37,0.59,0.04,8128984,0.12,0.05,0.53,0.01
2020-06-11,New South Wales,-0.02,-2,0,0.0,3115,48,1.54,38.32,0.59,0.04,8128984,0.07,-0.07,0.52,-0.12
2020-06-10,New South Wales,0.0,0,0,0.0,3117,48,1.54,38.34,0.59,0.04,8128984,0.14,-0.02,0.64,-0.05
2020-06-09,New South Wales,0.04,3,0,0.0,3117,48,1.54,38.34,0.59,0.04,8128984,0.16,0.04,0.69,-0.03
2020-06-08,New South Wales,0.02,2,0,0.0,3114,48,1.54,38.31,0.59,0.04,8128984,0.12,-0.05,0.72,0.02
2020-06-07,New South Wales,0.04,3,0,0.0,3112,48,1.54,38.28,0.59,0.04,8128984,0.17,0.0,0.7,0.04
2020-06-06,New South Wales,-0.01,-1,0,0.0,3109,48,1.54,38.25,0.59,0.04,8128984,0.17,-0.05,0.66,-0.03
2020-06-05,New South Wales,0.0,0,0,0.0,3110,48,1.54,38.26,0.59,0.04,8128984,0.22,0.0,0.69,-0.05
2020-06-04,New South Wales,0.05,4,0,0.0,3110,48,1.54,38.26,0.59,0.04,8128984,0.22,0.03,0.74,0.01
2020-06-03,New South Wales,0.02,2,0,0.0,3106,48,1.55,38.21,0.59,0.04,8128984,0.19,0.01,0.73,0.0
2020-06-02,New South Wales,0.0,0,0,0.0,3104,48,1.55,38.18,0.59,0.04,8128984,0.18,0.04,0.73,-0.09
2020-06-01,New South Wales,0.07,6,0,0.0,3104,48,1.55,38.18,0.59,0.04,8128984,0.14,0.05,0.82,0.05
2020-05-31,New South Wales,0.04,3,0,0.0,3098,48,1.55,38.11,0.59,0.04,8128984,0.09,0.0,0.77,0.06
2020-05-30,New South Wales,0.04,3,0,0.0,3095,48,1.55,38.07,0.59,0.04,8128984,0.09,0.03,0.71,-0.02
2020-05-29,New South Wales,0.0,0,0,0.0,3092,48,1.55,38.04,0.59,0.04,8128984,0.06,-0.02,0.73,-0.06
2020-05-28,New South Wales,0.02,2,0,0.0,3092,48,1.55,38.04,0.59,0.04,8128984,0.08,0.0,0.79,-0.09
2020-05-27,New South Wales,0.01,1,0,0.0,3090,48,1.55,38.01,0.59,0.04,8128984,0.08,0.0,0.88,0.01
2020-05-26,New South Wales,-0.04,-3,0,0.0,3089,48,1.55,38.0,0.59,0.04,8128984,0.08,-0.08,0.87,-0.19
2020-05-25,New South Wales,0.02,2,0,0.0,3092,48,1.55,38.04,0.59,0.04,8128984,0.16,0.0,1.06,0.0
2020-05-24,New South Wales,0.04,3,0,0.0,3090,48,1.55,38.01,0.59,0.04,8128984,0.16,0.03,1.06,-0.06
2020-05-23,New South Wales,0.01,1,0,0.0,3087,48,1.55,37.98,0.59,0.04,8128984,0.13,0.0,1.12,-0.14
2020-05-22,New South Wales,0.02,2,0,0.0,3086,48,1.56,37.96,0.59,0.04,8128984,0.13,-0.02,1.26,-0.05
2020-05-21,New South Wales,0.02,2,1,0.01,3084,48,1.56,37.94,0.59,0.04,8128984,0.15,-0.08,1.31,-0.04
2020-05-20,New South Wales,0.01,1,0,0.0,3082,47,1.52,37.91,0.58,0.04,8128984,0.23,-0.04,1.35,-0.01
2020-05-19,New South Wales,0.04,3,1,0.01,3081,47,1.53,37.9,0.58,0.04,8128984,0.27,-0.03,1.36,-0.03
2020-05-18,New South Wales,0.02,2,0,0.0,3078,46,1.49,37.86,0.57,0.04,8128984,0.3,0.02,1.39,-0.05
2020-05-17,New South Wales,0.01,1,1,0.01,3076,46,1.5,37.84,0.57,0.04,8128984,0.28,0.01,1.44,-0.25
2020-05-16,New South Wales,0.01,1,0,0.0,3075,45,1.46,37.83,0.55,0.04,8128984,0.27,-0.01,1.69,-0.11
2020-05-15,New South Wales,0.04,3,0,0.0,3074,45,1.46,37.82,0.55,0.04,8128984,0.28,-0.01,1.8,-0.32
2020-05-14,New South Wales,0.1,8,0,0.0,3071,45,1.47,37.78,0.55,0.04,8128984,0.29,0.06,2.12,-0.04
2020-05-13,New South Wales,0.05,4,0,0.0,3063,45,1.47,37.68,0.55,0.04,8128984,0.23,0.03,2.16,-0.15
2020-05-12,New South Wales,0.07,6,1,0.01,3059,45,1.47,37.63,0.55,0.04,8128984,0.2,-0.02,2.31,-0.02
2020-05-11,New South Wales,0.0,0,0,0.0,3053,44,1.44,37.56,0.54,0.04,8128984,0.22,-0.02,2.33,-0.07
2020-05-10,New South Wales,0.0,0,0,0.0,3053,44,1.44,37.56,0.54,0.04,8128984,0.24,0.02,2.4,0.0
2020-05-09,New South Wales,0.02,2,0,0.0,3053,44,1.44,37.56,0.54,0.04,8128984,0.22,-0.04,2.4,-0.41
2020-05-08,New South Wales,0.05,4,0,0.0,3051,44,1.44,37.53,0.54,0.04,8128984,0.26,-0.01,2.81,-0.55
2020-05-07,New South Wales,0.04,3,0,0.0,3047,44,1.44,37.48,0.54,0.04,8128984,0.27,-0.07,3.36,-0.44
2020-05-06,New South Wales,0.02,2,0,0.0,3044,44,1.45,37.45,0.54,0.04,8128984,0.34,0.02,3.8,-0.57
2020-05-05,New South Wales,0.09,7,1,0.01,3042,44,1.45,37.42,0.54,0.04,8128984,0.32,-0.06,4.37,-0.51
2020-05-04,New South Wales,0.02,2,1,0.01,3035,43,1.42,37.34,0.53,0.04,8128984,0.38,0.0,4.88,-0.68
2020-05-03,New South Wales,-0.02,-2,0,0.0,3033,42,1.38,37.31,0.52,0.04,8128984,0.38,-0.12,5.56,-1.09
2020-05-02,New South Wales,0.06,5,1,0.01,3035,42,1.38,37.34,0.52,0.04,8128984,0.5,-0.09,6.65,-1.22
2020-05-01,New South Wales,0.06,5,0,0.0,3030,41,1.35,37.27,0.5,0.04,8128984,0.59,-0.01,7.87,-1.06
2020-04-30,New South Wales,0.11,9,1,0.01,3025,41,1.36,37.21,0.5,0.04,8128984,0.6,0.05,8.93,-1.32
2020-04-29,New South Wales,0.0,0,1,0.01,3016,40,1.33,37.1,0.49,0.04,8128984,0.55,-0.02,10.25,-1.85
2020-04-28,New South Wales,0.15,12,5,0.06,3016,39,1.29,37.1,0.48,0.04,8128984,0.57,0.08,12.1,0.15
2020-04-27,New South Wales,0.02,2,0,0.0,3004,34,1.13,36.95,0.42,0.04,8128984,0.49,-0.05,11.95,-2.94
2020-04-26,New South Wales,0.1,8,1,0.01,3002,34,1.13,36.93,0.42,0.04,8128984,0.54,-0.16,14.89,-2.04
2020-04-25,New South Wales,0.15,12,0,0.0,2994,33,1.1,36.83,0.41,0.04,8128984,0.7,0.03,16.93,-2.46
2020-04-24,New South Wales,0.07,6,2,0.02,2982,33,1.11,36.68,0.41,0.04,8128984,0.67,-0.29,19.39,-2.22
2020-04-23,New South Wales,0.06,5,5,0.06,2976,31,1.04,36.61,0.38,0.04,8128984,0.96,-0.08,21.61,-2.28
2020-04-22,New South Wales,0.02,2,0,0.0,2971,26,0.88,36.55,0.32,0.04,8128984,1.04,-0.18,23.89,-2.58
2020-04-21,New South Wales,0.07,6,0,0.0,2969,26,0.88,36.52,0.32,0.04,8128984,1.22,-0.02,26.47,-1.76
2020-04-20,New South Wales,0.07,6,0,0.0,2963,26,0.88,36.45,0.32,0.04,8128984,1.24,0.0,28.23,0.07
2020-04-19,New South Wales,0.26,21,0,0.0,2957,26,0.88,36.38,0.32,0.04,8128984,1.24,0.26,28.16,-2.61
2020-04-18,New South Wales,0.12,10,0,0.0,2936,26,0.89,36.12,0.32,0.04,8128984,0.98,-0.31,30.77,-0.9
2020-04-17,New South Wales,0.36,29,1,0.01,2926,26,0.89,35.99,0.32,0.04,8128984,1.29,-0.24,31.67,-0.21
2020-04-16,New South Wales,0.14,11,0,0.0,2897,25,0.86,35.64,0.31,0.04,8128984,1.53,-0.34,31.88,-0.35
2020-04-15,New South Wales,0.2,16,0,0.0,2886,25,0.87,35.5,0.31,0.04,8128984,1.87,-0.39,32.23,-0.5
2020-04-14,New South Wales,0.09,7,0,0.0,2870,25,0.87,35.31,0.31,0.04,8128984,2.26,-0.51,32.73,-0.39
2020-04-13,New South Wales,0.07,6,1,0.01,2863,25,0.87,35.22,0.31,0.04,8128984,2.77,-0.63,33.12,-0.39
2020-04-12,New South Wales,0.0,0,1,0.01,2857,24,0.84,35.15,0.3,0.04,8128984,3.4,-1.07,33.51,-0.27
2020-04-11,New South Wales,0.43,35,1,0.01,2857,23,0.81,35.15,0.28,0.04,8128984,4.47,-0.85,33.78,0.18
2020-04-10,New South Wales,0.6,49,1,0.01,2822,22,0.78,34.72,0.27,0.03,8128984,5.32,-0.52,33.6,0.27
2020-04-09,New South Wales,0.48,39,0,0.0,2773,21,0.76,34.11,0.26,0.03,8128984,5.84,-0.95,33.33,0.48
2020-04-08,New South Wales,0.59,48,0,0.0,2734,21,0.77,33.63,0.26,0.03,8128984,6.79,-1.26,32.85,0.47
2020-04-07,New South Wales,0.6,49,3,0.04,2686,21,0.78,33.04,0.26,0.03,8128984,8.05,0.6,32.38,0.51
2020-04-06,New South Wales,0.7,57,2,0.02,2637,18,0.68,32.44,0.22,0.03,8128984,7.45,-2.26,31.87,0.58
2020-04-05,New South Wales,1.07,87,4,0.05,2580,16,0.62,31.74,0.2,0.03,8128984,9.71,-1.07,31.29,0.95
2020-04-04,New South Wales,1.28,104,0,0.0,2493,12,0.48,30.67,0.15,0.03,8128984,10.78,-1.33,30.34,1.26
2020-04-03,New South Wales,1.12,91,2,0.02,2389,12,0.5,29.39,0.15,0.03,8128984,12.11,-1.17,29.08,1.07
2020-04-02,New South Wales,1.43,116,1,0.01,2298,10,0.44,28.27,0.12,0.03,8128984,13.28,-0.91,28.01,1.43
2020-04-01,New South Wales,1.85,150,1,0.01,2182,9,0.41,26.84,0.11,0.03,8128984,14.19,-0.75,26.58,1.74
2020-03-31,New South Wales,0.0,0,0,0.0,2032,8,0.39,25.0,0.1,0.02,8128984,14.94,-1.83,24.84,-0.09
2020-03-30,New South Wales,2.96,241,0,0.0,2032,8,0.39,25.0,0.1,0.02,8128984,16.77,2.96,24.93,2.96
2020-03-29,New South Wales,2.14,174,0,0.0,1791,8,0.45,22.03,0.1,0.02,8128984,13.81,-0.73,21.97,2.12
2020-03-28,New South Wales,2.61,212,1,0.01,1617,8,0.49,19.89,0.1,0.02,8128984,14.54,1.59,19.85,2.61
2020-03-27,New South Wales,2.29,186,0,0.0,1405,7,0.5,17.28,0.09,0.02,8128984,12.95,1.72,17.24,2.29
2020-03-26,New South Wales,2.34,190,0,0.0,1219,7,0.57,15.0,0.09,0.01,8128984,11.23,1.85,14.95,2.34
2020-03-25,New South Wales,2.6,211,0,0.0,1029,7,0.68,12.66,0.09,0.01,8128984,9.38,1.9,12.61,2.6
2020-03-24,New South Wales,1.83,149,1,0.01,818,7,0.86,10.06,0.09,0.01,8128984,7.48,1.35,10.01,1.83
2020-03-23,New South Wales,0.0,0,0,0.0,669,6,0.9,8.23,0.07,0.01,8128984,6.13,-0.46,8.18,0.0
2020-03-22,New South Wales,2.87,233,0,0.0,669,6,0.9,8.23,0.07,0.01,8128984,6.59,2.6,8.18,2.87
2020-03-21,New South Wales,1.02,83,0,0.0,436,6,1.38,5.36,0.07,0.01,8128984,3.99,0.77,5.31,1.02
2020-03-20,New South Wales,0.57,46,1,0.01,353,6,1.7,4.34,0.07,0.0,8128984,3.22,0.24,4.29,0.57
2020-03-19,New South Wales,0.49,40,0,0.0,307,5,1.63,3.78,0.06,0.0,8128984,2.98,0.49,3.72,0.49
2020-03-18,New South Wales,0.7,57,1,0.01,267,5,1.87,3.28,0.06,0.0,8128984,2.49,0.58,3.23,0.7
2020-03-17,New South Wales,0.48,39,2,0.02,210,4,1.9,2.58,0.05,0.0,8128984,1.91,0.39,2.53,0.48
2020-03-16,New South Wales,0.46,37,0,0.0,171,2,1.17,2.1,0.02,0.0,8128984,1.52,0.34,2.05,0.46
2020-03-15,New South Wales,0.27,22,0,0.0,134,2,1.49,1.65,0.02,0.0,8128984,1.18,0.15,1.59,0.27
2020-03-14,New South Wales,0.25,20,0,0.0,112,2,1.79,1.38,0.02,0.0,8128984,1.03,0.23,1.32,0.25
2020-03-13,New South Wales,0.33,27,0,0.0,92,2,2.17,1.13,0.02,0.0,8128984,0.8,0.28,1.07,0.33
2020-03-12,New South Wales,0.0,0,0,0.0,65,2,3.08,0.8,0.02,0.0,8128984,0.52,0.0,0.74,0.0
2020-03-11,New South Wales,0.12,10,0,0.0,65,2,3.08,0.8,0.02,0.0,8128984,0.52,0.01,0.74,0.12
2020-03-10,New South Wales,0.09,7,0,0.0,55,2,3.64,0.68,0.02,0.0,8128984,0.51,0.0,0.62,0.09
2020-03-09,New South Wales,0.12,10,0,0.0,48,2,4.17,0.59,0.02,0.0,8128984,0.51,0.12,0.53,0.12
2020-03-08,New South Wales,0.12,10,1,0.01,38,2,5.26,0.47,0.02,0.0,8128984,0.39,0.1,0.41,0.12
2020-03-07,New South Wales,0.02,2,0,0.0,28,1,3.57,0.34,0.01,0.0,8128984,0.29,0.02,0.29,0.02
2020-03-06,New South Wales,0.05,4,0,0.0,26,1,3.85,0.32,0.01,0.0,8128984,0.27,0.05,0.27,0.05
2020-03-05,New South Wales,0.0,0,0,0.0,22,1,4.55,0.27,0.01,0.0,8128984,0.22,0.0,0.22,0.0
2020-03-04,New South Wales,0.11,9,1,0.01,22,1,4.55,0.27,0.01,0.0,8128984,0.22,0.11,0.22,0.11
2020-03-03,New South Wales,0.09,7,0,0.0,13,0,0.0,0.16,0.0,0.0,8128984,0.11,0.09,0.11,0.09
2020-03-02,New South Wales,0.0,0,0,0.0,6,0,0.0,0.07,0.0,0.0,8128984,0.02,0.0,0.02,0.0
2020-03-01,New South Wales,0.02,2,0,0.0,6,0,0.0,0.07,0.0,0.0,8128984,0.02,0.02,0.02,0.02
2020-02-29,New South Wales,0.0,0,0,0.0,4,0,0.0,0.05,0.0,0.0,8128984,0.0,0.0,0.0,0.0
2020-02-28,New South Wales,0.0,0,0,0.0,4,0,0.0,0.05,0.0,0.0,8128984,0.0,0.0,0.0,0.0
2020-02-27,New South Wales,0.0,0,0,0.0,4,0,0.0,0.05,0.0,0.0,8128984,0.0,0.0,0.0,0.0
2020-02-26,New South Wales,0.0,0,0,0.0,4,0,0.0,0.05,0.0,0.0,8128984,0.0,0.0,0.0,0.0
2020-02-25,New South Wales,0.0,0,0,0.0,4,0,0.0,0.05,0.0,0.0,8128984,0.0,0.0,0.0,0.0
2020-02-24,New South Wales,0.0,0,0,0.0,4,0,0.0,0.05,0.0,0.0,8128984,0.0,0.0,0.0,-0.01
2020-02-23,New South Wales,0.0,0,0,0.0,4,0,0.0,0.05,0.0,0.0,8128984,0.0,0.0,0.01,-0.04
2020-02-22,New South Wales,0.0,0,0,0.0,4,0,0.0,0.05,0.0,0.0,8128984,0.0,0.0,0.05,0.0
2020-02-21,New South Wales,0.0,0,0,0.0,4,0,0.0,0.05,0.0,0.0,8128984,0.0,0.0,0.05,0.0
2020-02-20,New South Wales,0.0,0,0,0.0,4,0,0.0,0.05,0.0,0.0,8128984,0.0,0.0,0.05,0.0
2020-02-19,New South Wales,0.0,0,0,0.0,4,0,0.0,0.05,0.0,0.0,8128984,0.0,0.0,0.05,0.0
2020-02-18,New South Wales,0.0,0,0,0.0,4,0,0.0,0.05,0.0,0.0,8128984,0.0,0.0,0.05,0.0
2020-02-17,New South Wales,0.0,0,0,0.0,4,0,0.0,0.05,0.0,0.0,8128984,0.0,0.0,0.05,0.0
2020-02-16,New South Wales,0.0,0,0,0.0,4,0,0.0,0.05,0.0,0.0,8128984,0.0,0.0,0.05,0.0
2020-02-15,New South Wales,0.0,0,0,0.0,4,0,0.0,0.05,0.0,0.0,8128984,0.0,0.0,0.05,0.0
2020-02-14,New South Wales,0.0,0,0,0.0,4,0,0.0,0.05,0.0,0.0,8128984,0.0,0.0,0.05,0.0
2020-02-13,New South Wales,0.0,0,0,0.0,4,0,0.0,0.05,0.0,0.0,8128984,0.0,0.0,0.05,0.0
2020-02-12,New South Wales,0.0,0,0,0.0,4,0,0.0,0.05,0.0,0.0,8128984,0.0,0.0,0.05,0.0
2020-02-11,New South Wales,0.0,0,0,0.0,4,0,0.0,0.05,0.0,0.0,8128984,0.0,0.0,0.05,0.0
2020-02-10,New South Wales,0.0,0,0,0.0,4,0,0.0,0.05,0.0,0.0,8128984,0.0,0.0,0.05,0.0
2020-02-09,New South Wales,0.0,0,0,0.0,4,0,0.0,0.05,0.0,0.0,8128984,0.0,0.0,0.05,0.0
2020-02-08,New South Wales,0.0,0,0,0.0,4,0,0.0,0.05,0.0,0.0,8128984,0.0,0.0,0.05,0.0
2020-02-07,New South Wales,0.0,0,0,0.0,4,0,0.0,0.05,0.0,0.0,8128984,0.0,0.0,0.05,0.0
2020-02-06,New South Wales,0.0,0,0,0.0,4,0,0.0,0.05,0.0,0.0,8128984,0.0,0.0,0.05,0.0
2020-02-05,New South Wales,0.0,0,0,0.0,4,0,0.0,0.05,0.0,0.0,8128984,0.0,0.0,0.05,0.0
2020-02-04,New South Wales,0.0,0,0,0.0,4,0,0.0,0.05,0.0,0.0,8128984,0.0,0.0,0.05,0.0
2020-02-03,New South Wales,0.0,0,0,0.0,4,0,0.0,0.05,0.0,0.0,8128984,0.0,-0.01,0.05,0.0
2020-02-02,New South Wales,0.0,0,0,0.0,4,0,0.0,0.05,0.0,0.0,8128984,0.01,-0.04,0.05,0.0
2020-02-01,New South Wales,0.0,0,0,0.0,4,0,0.0,0.05,0.0,0.0,8128984,0.05,0.0,0.05,0.0
2020-01-31,New South Wales,0.0,0,0,0.0,4,0,0.0,0.05,0.0,0.0,8128984,0.05,0.0,0.05,0.0
2020-01-30,New South Wales,0.0,0,0,0.0,4,0,0.0,0.05,0.0,0.0,8128984,0.05,0.0,0.05,0.0
2020-01-29,New South Wales,0.0,0,0,0.0,4,0,0.0,0.05,0.0,0.0,8128984,0.05,0.0,0.05,0.0
2020-01-28,New South Wales,0.0,0,0,0.0,4,0,0.0,0.05,0.0,0.0,8128984,0.05,0.0,0.05,0.0
2020-01-27,New South Wales,0.01,1,0,0.0,4,0,0.0,0.05,0.0,0.0,8128984,0.05,0.01,0.05,0.01
2020-01-26,New South Wales,0.04,3,0,0.0,3,0,0.0,0.04,0.0,0.0,8128984,0.04,0.04,0.04,0.04
2020-01-25,New South Wales,0.0,0,0,0.0,0,0,0.0,0.0,0.0,0.0,8128984,0.0,0.0,0.0,0.0
2020-01-24,New South Wales,0.0,0,0,0.0,0,0,0.0,0.0,0.0,0.0,8128984,0.0,0.0,0.0,0.0
2020-01-23,New South Wales,0.0,0,0,0.0,0,0,0.0,0.0,0.0,0.0,8128984,0.0,0.0,0.0,0.0
2020-01-22,New South Wales,0.0,0,0,0.0,0,0,0.0,0.0,0.0,0.0,8128984,0.0,0.0,0.0,0.0
